fecha,Trigo,Maiz,Soja,Girasol,Sorgo
2003-01-02,349,264.3,570.2,549.5,230
2003-01-03,340,259.4,569.5,544,
2003-01-06,340,258.8,569.8,543,228
2003-01-07,340,259.8,559.9,539,230
2003-01-08,349.9,264.9,561.2,538.5,
2003-01-09,350,269.2,561.1,547.3,
2003-01-14,350,250,534,541.8,222
2003-01-15,350,245,539.5,544.5,
2003-01-16,350,245,529.8,539.5,
2003-01-17,355.5,245.5,535,536.8,223
2003-01-20,350,245,535,533,
2003-01-21,360,238.8,520,527.5,220
2003-01-22,360,239.2,524.2,504.5,
2003-01-23,360,239.9,520,509.9,
2003-01-24,360,240.5,525.1,514.9,225
2003-01-27,360,250.1,540.9,514.7,230
2003-01-28,360,255,551,517,235
2003-01-29,360,250,549.6,519,230
2003-01-30,354.7,243,549.8,524.5,215
2003-01-31,350,240,540,519.5,210
2003-02-03,347,240,536.3,525,
2003-02-04,350,242,540,525,
2003-02-05,350,241.8,540.7,525,210
2003-02-06,359.3,244.5,539.6,519,212
2003-02-07,359.6,245.1,540,515.3,212
2003-02-10,360,249,550,508.1,213.5
2003-02-11,360,240.5,555,512,205
2003-02-12,360,241.1,550,509.7,
2003-02-13,360,244,560,510,205
2003-02-14,360,249.5,556.1,504,205
2003-02-17,360,247.9,555,507,200.5
2003-02-18,359,240,550.7,507,197
2003-02-19,360,236.7,535.8,507,192
2003-02-20,360,236.8,535.1,505,184.5
2003-02-21,360,234.4,534.4,510,178.8
2003-02-24,362.1,224.9,528.7,510,
2003-02-25,360,226.9,536.5,507,160
2003-02-26,360,229.9,535,505,165
2003-02-27,360,232,540,505,165
2003-02-28,360,235,541,504,165
2003-03-10,350,220,528,484,155
2003-03-11,355,230,535,480,160
2003-03-12,355,233.4,535.7,481.7,160
2003-03-13,355,230.2,509.3,484,160
2003-03-14,350,227.1,489.9,482,155
2003-03-17,340,211.5,465,481.5,
2003-03-18,325,206.6,468.7,480,150
2003-03-19,311.7,204.4,460,479.8,146.5
2003-03-20,310,208.5,465,474,150
2003-03-21,310,210.2,461.1,470,150
2003-03-24,305,204.1,450,470,145
2003-03-25,305,200.8,440.3,460,139
2003-03-26,305,194.5,430.6,450,140
2003-03-27,305,193.5,440,440,
2003-03-28,300,203.8,460,440,
2003-04-01,300,207.3,450.9,440,
2003-04-03,303,212.1,459,440,
2003-04-04,303,215.6,457.5,440,
2003-04-07,290,221,466,440,
2003-04-08,290,221.7,460.8,440,
2003-04-09,295,225.5,466.5,440,
2003-04-10,305,226.5,466.7,440,
2003-04-11,,216.5,455.8,440,
2003-04-15,300,224.5,467.6,440,140
2003-04-16,300,226.3,471.7,445,140
2003-04-21,300,225.3,473.2,445,140
2003-04-22,300,223.5,464,445,140
2003-04-23,300,225,460.9,445,140
2003-04-24,,226.7,470,445,140
2003-04-25,,225.4,463.8,445,140
2003-04-28,,223.9,469,455,140
2003-04-29,,222.9,475,465,140
2003-04-30,,223,481.5,468,140
2003-05-02,,219.9,471.5,475,140
2003-05-05,,224.9,469.6,475,145
2003-05-06,,224.9,468.5,460,150
2003-05-07,,229.8,463.8,450,150
2003-05-08,,227.8,455.2,449.8,
2003-05-09,,228.3,467,445,
2003-05-12,,234.8,469.5,445,160
2003-05-13,,230.7,468.4,445,165
2003-05-14,,234.9,470.2,460,160
2003-05-15,,239.6,471.5,465,170
2003-05-16,,245,490.9,475,185
2003-05-19,359.2,240,486.2,480,180
2003-05-20,,234.9,489.5,480,180
2003-05-21,355,228,476.2,475,180
2003-05-22,355,227.8,471.5,465,180
2003-05-23,,230.6,477.9,480,190
2003-05-26,360,230.1,474.7,480,180
2003-05-27,360,229.7,474,475,190
2003-05-28,360,225.9,470.3,,179.9
2003-05-29,360,231.5,475,475,180
2003-05-30,365,231.8,463.2,,190
2003-06-02,360,226.3,453.5,462.5,185
2003-06-03,330,224.7,453.8,465,180
2003-06-04,,223,463.3,465,170
2003-06-05,330,222.9,469,475,167
2003-06-06,,226.9,475.6,475,175
2003-06-09,330,223,470,475,175
2003-06-10,330,226.9,475.3,475,175
2003-06-11,,234.9,473.8,475,180
2003-06-12,,239.6,472,475,185
2003-06-13,,229.6,465.8,475,180
2003-06-17,,224.8,466.1,475,175.5
2003-06-18,,225,470.5,480,184
2003-06-20,,229.7,476.5,490,185
2003-06-23,,224.9,475.3,490,176
2003-06-24,,224.5,479.9,485,173
2003-06-25,330,224.9,480,485,171
2003-06-26,320,224.9,467.2,,170
2003-06-27,,220,471.1,480,170
2003-06-30,,210,463.4,480,170
2003-07-01,,216,472.1,480,170
2003-07-02,320,215,475.3,480,170
2003-07-03,320,215,469.5,480,170
2003-07-04,,215,470,480,170
2003-07-07,315,210,461.2,465,165
2003-07-08,310,213,462.8,465,170
2003-07-10,305,205,465.8,455,165
2003-07-11,310,205,465.4,455,165
2003-07-14,312,207.1,462.8,450,160
2003-07-15,312,201.1,444.8,450,157
2003-07-16,312,199.9,440,445,155
2003-07-17,312,204.9,437.1,440,156
2003-07-18,312,199.9,432.5,435,155
2003-07-21,310,204.2,435.9,440,155
2003-07-22,307,206,440,445,152
2003-07-23,310,200,435,442,
2003-07-24,310,201.7,435.1,450,
2003-07-25,312,204.2,435.5,450,150
2003-07-28,310,205.8,442.3,450,150
2003-07-29,311.8,207.9,437,450,150
2003-07-30,314.8,208.1,441.1,450,
2003-07-31,315,207,440,460,
2003-08-01,315,211.5,445.3,468,
2003-08-04,315,217.8,448.1,480,160
2003-08-05,316.5,214.8,443.1,470,160
2003-08-06,320,218,446.2,460,
2003-08-07,320,219.9,449.8,450,160
2003-08-08,320,222.8,451.2,,
2003-08-11,320,219.5,453.3,460,
2003-08-12,320,225,460.6,,170
2003-08-13,320,222.8,462.9,,170
2003-08-14,320,224.9,464.1,465,
2003-08-15,320,225,464.3,,
2003-08-19,320,230.2,480,,180
2003-08-20,325,237.1,481.9,,185
2003-08-21,,240.1,486.9,,185
2003-08-22,,246,491.1,,190
2003-08-25,,239.8,490.1,,
2003-08-26,,240.5,490.8,,195
2003-08-27,,238.2,493.2,,
2003-08-28,,240.8,499.8,,
2003-08-29,,236.3,496.5,,
2003-09-01,335,234.8,489.8,,180
2003-09-02,335,234.9,485.4,,
2003-09-03,,244.6,496,475,
2003-09-04,,245.6,500.5,,
2003-09-05,,239.3,500,,
2003-09-08,326,240.1,499.5,,
2003-09-09,328,244.1,500.8,,
2003-09-10,,242.2,499.1,,190
2003-09-11,,230.4,503.3,,185
2003-09-12,323,225.9,502.8,,
2003-09-15,323,225.5,500.1,,
2003-09-16,322,225,496,,
2003-09-17,323,225,502.1,480,180
2003-09-18,322,225,506,490,
2003-09-19,322,224.8,512.3,,185
2003-09-22,,225.4,523,,
2003-09-23,322,218.5,523.5,,
2003-09-24,325,219.5,523.9,,
2003-09-25,325,225.3,523.1,,185
2003-09-26,325,225.5,525,,185
2003-09-29,325,226.9,545.5,,185
2003-09-30,326.5,224.8,545.9,,180
2003-10-01,325,221,555,,185
2003-10-02,325,218,555.6,,185
2003-10-03,,216.2,521,,180
2003-10-06,325,219.8,530.8,,175
2003-10-08,325,225,535.4,,
2003-10-09,325,221.9,551.4,,
2003-10-10,329.9,213,572.9,,170
2003-10-14,325,215,593.6,,170
2003-10-15,325,214.9,587.1,,
2003-10-16,325,214.9,590,,
2003-10-17,320.8,215,599.8,520,
2003-10-20,320,214.5,600,525,
2003-10-21,,214.8,599.9,530,
2003-10-22,,220,605,530,
2003-10-23,,230.6,616.8,530,
2003-10-24,330,235,617.1,540,190
2003-10-27,333,240.1,622,,190
2003-10-28,335,230.9,625.2,,190
2003-10-29,340,239,635.1,560,194
2003-10-30,344,240.1,635.7,560,195
2003-10-31,344.9,240.1,635,550,195
2003-11-03,350,236.7,635.8,,
2003-11-04,354,235.1,610.5,,180
2003-11-05,360.3,244.5,623,,190
2003-11-07,360,246,605.4,,200
2003-11-10,,246,615.5,530,200
2003-11-11,354,250,630.5,535,200
2003-11-12,364.5,260,627.8,545,210
2003-11-13,375,260.2,630.1,545,210
2003-11-14,379.5,260.1,629.9,560,220
2003-11-17,374.4,255,630.2,560,215
2003-11-18,360,250.4,622,560,210
2003-11-19,349,245,597.9,550,205
2003-11-20,353.8,250,612.5,560,
2003-11-21,365,250,612.5,555,210
2003-11-24,354.5,247,606.7,545,
2003-11-25,351,254.9,615,550,
2003-11-26,360.5,260.1,628.8,565,
2003-11-27,361.5,260.3,630.5,575,
2003-11-28,369.6,260,639.9,600,225
2003-12-01,374.8,265,640.2,600,
2003-12-02,374.6,265,646,600,
2003-12-03,380.2,270,652.5,600,230
2003-12-04,393.3,269.7,648,615,
2003-12-05,387.5,265,635,,
2003-12-09,388,270,650,615,
2003-12-10,380,260,649.8,615,
2003-12-11,375.3,261.9,635,615,
2003-12-12,380.4,263.9,650,615,
2003-12-15,372.3,264.2,648.9,615,
2003-12-16,371.9,260,639.9,615,210
2003-12-17,371.5,260,647.5,615,
2003-12-18,375,257.2,635,615,
2003-12-19,370,250.2,641.1,615,
2003-12-22,364.7,250,631.8,610,
2003-12-23,360,240,622,607,
2003-12-26,355,239.9,654.7,605,
2003-12-29,350,240,650.9,605,
2003-12-30,350,235,643.9,598,
2004-01-02,365.2,241.1,656.3,594,
2004-01-05,365,242,650.7,588,
2004-01-06,365,240,643.2,585,
2004-01-07,357.8,237,633.5,579.1,
2004-01-08,360,240,645,576.9,
2004-01-09,364.5,242,650,583.5,
2004-01-12,370,252,660.5,583.5,
2004-01-13,380,256.7,673.5,592.1,
2004-01-14,385,256.3,680.2,595.2,
2004-01-15,384.7,255.2,676.1,599,
2004-01-16,381.5,255.9,688.1,604,
2004-01-19,378.4,256.9,692.7,601.5,
2004-01-20,370,259.9,700.2,,
2004-01-21,364.5,260,716.5,606,
2004-01-22,351.6,259.7,718.3,607.5,
2004-01-23,350,259.9,716.5,608,
2004-01-26,349.9,261.5,715,608.5,
2004-01-27,347.6,258.9,685,605,
2004-01-28,342.8,251.1,660,595,
2004-01-29,345.8,255,675,595,
2004-01-30,347.4,259.2,700,595,
2004-02-02,345,250.9,680,595,
2004-02-03,348.8,256.3,700,595,
2004-02-04,350.2,255,699.8,595,
2004-02-05,350,260,700,595,
2004-02-06,350.2,265,700,595,
2004-02-09,348,264.9,700.2,588.8,
2004-02-10,342.6,260,685,585,
2004-02-11,335.1,263.2,700,575,
2004-02-12,335.1,259.7,670,570,
2004-02-13,330.1,253,655,570,
2004-02-16,332,254.7,654,570,
2004-02-17,330,250,679.1,570,
2004-02-18,325,250,680,565,
2004-02-19,330,254.2,685,565,
2004-02-20,330.2,252.3,690,565,
2004-02-23,330.1,245,690,570,
2004-02-24,340.1,245,692.3,570,
2004-02-25,333,245,690,570,
2004-02-26,332,245.1,670,570,
2004-02-27,330,246.5,670,570,
2004-03-01,330.5,242,680,570,
2004-03-02,330,244.9,699.9,575,
2004-03-03,330.1,239.5,670,575,
2004-03-04,330,235,660,570,
2004-03-05,330.1,234.9,660,565,
2004-03-08,326.9,230.1,650,563.1,
2004-03-09,326.1,232.2,670,560,
2004-03-10,325.5,235,650,560,
2004-03-11,330,237.5,670,555,180
2004-03-12,329.8,237.3,680,555,
2004-03-15,327.6,229,699.9,555,
2004-03-16,326.9,227,700,550,
2004-03-17,332.5,235.5,690,550,
2004-03-18,340.1,242.5,700,550,
2004-03-19,345.1,242.6,700,550,
2004-03-22,360,247.5,710,550,
2004-03-23,360,240.5,700,555,180
2004-03-24,359.8,232.9,670,555,
2004-03-25,359,231,681.4,555,
2004-03-26,356.8,234.5,675.9,555,
2004-03-29,345.4,235.8,665,555,
2004-03-30,340.5,242.1,660,555,180
2004-03-31,337.5,253.7,650,555,
2004-04-01,340,266,675,550,180
2004-04-02,344.1,274.5,685,550,180
2004-04-06,342.8,269.9,656,550,180
2004-04-07,345,275,666.5,550,180
2004-04-12,350,264.5,635,550,180
2004-04-13,342.1,261,647.1,540,180
2004-04-14,347,265.8,672.8,540,180
2004-04-15,335,252,625.3,540,180
2004-04-16,345.8,268,641,540,
2004-04-19,353.9,268.8,641.3,540,209.5
2004-04-20,350,265.4,632,540,210
2004-04-21,345.6,259.9,628,535,205
2004-04-22,349.3,266.2,654.3,540,210
2004-04-23,349.7,263,665.5,540,208.5
2004-04-26,349.8,257,660.2,540,205
2004-04-27,353.9,265.5,676.3,540,211
2004-04-28,352.5,266.4,671.5,540,211.7
2004-04-29,359.6,276.4,680.3,540,220.8
2004-04-30,355.6,276.5,682.3,540,223.9
2004-05-03,355,280,685.5,550,223
2004-05-04,362.1,279.1,685.5,550,215
2004-05-05,360.4,275,685.5,550,215
2004-05-06,360.9,270.2,675,550,215
2004-05-07,364.9,272.1,700.1,,210
2004-05-10,359.5,260.5,685,560,200
2004-05-11,362,262.1,690,560,200
2004-05-12,363,262.5,,560,
2004-05-13,360,262.4,650,560,
2004-05-14,356,256.4,,560,
2004-05-17,356.5,262.2,595.3,560,205
2004-05-18,355,258.3,586,530,200
2004-05-19,348.8,266.5,606.9,530,200
2004-05-20,350,268.1,590.7,530,
2004-05-21,345,269.9,591.6,530,
2004-05-24,340,276.8,589.9,550,
2004-05-26,340.3,280,586,550,
2004-05-27,335,275.5,516.8,545,200
2004-05-28,340.4,279,530,530,
2004-05-31,339.5,275,540,530,
2004-06-01,349.2,286.1,585,530,200
2004-06-02,340,286.1,562.5,550,
2004-06-03,340,275,514.5,520,
2004-06-04,340.1,275,558.5,520,
2004-06-07,340,270,580.2,520,205
2004-06-08,340,267.7,575.7,520,208.5
2004-06-09,340,267.8,574.9,520,200
2004-06-10,335,252.6,567.9,520,
2004-06-11,333.8,253.8,571.2,520,
2004-06-14,334.7,258.5,587.5,520,
2004-06-15,325,250.3,597.7,520,
2004-06-16,320,255,570,,190
2004-06-17,315,250,567,,
2004-06-18,315,256.5,577.5,,175
2004-06-22,310,250,589.2,,
2004-06-23,310,260,586,,
2004-06-24,310,269.8,588.8,,
2004-06-25,310,270,585.1,,
2004-06-28,310,265,,,
2004-06-29,310,265,570,500,
2004-06-30,310,250,550,,
2004-07-01,310,252,556,,
2004-07-02,310,251.9,559.1,500,
2004-07-05,313,250,555,,
2004-07-06,315,249.9,547,500,
2004-07-07,320.2,251.6,535.5,500,
2004-07-08,320,241.8,523,500,
2004-07-12,325,244.1,504.6,500,
2004-07-13,330,240.1,506.7,500,
2004-07-14,325,241,527.9,500,
2004-07-15,315.2,235,518,500,170
2004-07-16,310,232,504.5,500,175
2004-07-19,314.5,231.9,521.5,500,
2004-07-20,313,230.8,530,500,
2004-07-21,308,222,512.5,515,
2004-07-22,310,219,500.9,525,
2004-07-23,315,226.4,522.8,525,175
2004-07-26,310,227.5,519.5,515,176
2004-07-27,309.9,228,521.1,515,185
2004-07-28,305,225,480,,
2004-07-29,305,229.6,485.5,515,178
2004-07-30,300,225,480,,
2004-08-02,299.9,224.6,485,,
2004-08-03,300,226.8,496.8,505,180
2004-08-04,300,229.9,500.1,505,185
2004-08-05,304.5,232.4,518.3,505,187.5
2004-08-06,305,235,514.9,505,187.7
2004-08-09,304.8,232.2,511.3,505,
2004-08-10,299.9,225,500.9,,180
2004-08-11,290,220,493,505,
2004-08-12,280,219.9,505.8,505,
2004-08-13,285,220,495,505,175
2004-08-17,297,230,506.9,,
2004-08-18,295,227,512.5,,
2004-08-19,300,230.2,509.2,,
2004-08-20,291,232,500,,
2004-08-23,290,233,510,,165
2004-08-24,290,230,495,515,
2004-08-25,290,226.7,490,,
2004-08-26,290,226,496,515,
2004-08-27,290,220,507.6,515,
2004-08-30,295,225,522.5,520,
2004-08-31,295,225,523,520,
2004-09-01,295,227.4,521.9,525,
2004-09-02,290,226,520,,
2004-09-03,290,221.8,516,535,
2004-09-06,290,221.9,515,,
2004-09-07,290,220.6,500,535,170
2004-09-08,290,224.9,510,535,
2004-09-09,294.4,226.7,510,,
2004-09-10,299.8,225.9,507.1,535,
2004-09-13,293.2,225.5,505,535,
2004-09-14,295,226.9,501.8,535,180
2004-09-15,297.1,230,500,,180
2004-09-16,300,227.4,493,535,180
2004-09-17,299.8,227,489.5,535,
2004-09-20,295,223,480.1,,
2004-09-21,295,223,485,,
2004-09-22,295,217.5,480,535,
2004-09-23,299.8,218,490,535,
2004-09-24,305,218,480,,180
2004-09-27,305,223,485,535,
2004-09-28,305,222.7,480.5,,
2004-09-29,305,221,479.5,535,
2004-09-30,295,216.9,461.9,545,
2004-10-01,294.8,218,470,545,
2004-10-04,295,214.9,465,545,
2004-10-05,295,218,463.8,545,
2004-10-06,295,220,465,555,
2004-10-08,294.7,215.3,475.1,,
2004-10-12,290,212.7,460,555,
2004-10-13,290,215.8,460,,
2004-10-14,289.9,214.9,467.5,545,
2004-10-15,285,217,455,,
2004-10-18,283.3,212.1,455,545,
2004-10-19,280,214.7,465,545,
2004-10-20,280,215,465,545,
2004-10-21,279.8,210,467,545,
2004-10-22,270,205.6,460,,
2004-10-25,272.3,210.5,465,555,
2004-10-26,275.4,209.9,465,555,
2004-10-27,275,210,460,555,
2004-10-28,275,208,465,555,
2004-10-29,275.1,202.3,460,,160
2004-11-01,271.5,200,450,555,
2004-11-02,265.5,197.7,451.1,555,
2004-11-03,266.5,193.9,451.3,555,
2004-11-04,265.1,194.9,451.5,555,
2004-11-05,270,194.9,454.6,555,
2004-11-08,267.7,195,457.7,555,
2004-11-09,267.7,195,464.9,545,
2004-11-10,269.9,199.5,465,,
2004-11-11,270,196.7,455,545,
2004-11-12,272.1,197,460,545,
2004-11-15,274.9,202.7,470.1,,
2004-11-16,273,200,470,,
2004-11-17,275.3,203,465,,
2004-11-18,271.1,201.1,466,,
2004-11-19,265.2,198.7,467.5,,
2004-11-22,259.9,196.9,467.6,520,
2004-11-23,256.7,197,470,,160
2004-11-24,259.6,199.5,465,520,160
2004-11-25,260,200,470,,165
2004-11-26,260,204.6,466.5,520,160
2004-11-29,254.8,197.9,455.5,520,
2004-11-30,254.5,199.9,457.9,520,
2004-12-01,255,205,458.6,,165
2004-12-02,254.9,204.9,460,,
2004-12-03,255.1,205,470,520,
2004-12-06,258.1,207.6,479.9,,
2004-12-07,260.4,201.4,470,,150
2004-12-09,260.2,200.1,470,,
2004-12-10,255,199.2,480.6,,
2004-12-13,248.6,201.7,485.4,520,
2004-12-14,248,201.9,485,520,
2004-12-15,250.2,202.6,475,520,
2004-12-16,252.2,200.1,475.5,,
2004-12-17,252.5,200.3,475.6,,
2004-12-20,254.6,201.5,475.1,537,
2004-12-21,252.2,202,471.3,545,
2004-12-22,255.2,202.3,472.2,545,
2004-12-23,255,202,480,545,
2004-12-27,250.1,200,480,540,
2004-12-28,250.1,195,475.2,540,
2004-12-29,251.4,192.9,476.1,532.7,
2004-12-30,251.7,190,470,520,
2005-01-03,247,184.9,460,514.7,
2005-01-04,245.2,185.5,460,505.1,
2005-01-05,247.2,186.8,465.2,500.7,
2005-01-06,250,189,470,498.5,135
2005-01-07,252,190,479.9,499,
2005-01-10,251.9,185,479.8,495.9,
2005-01-11,252,180,479.2,497,
2005-01-12,250,175.7,464.2,495,
2005-01-13,247,174.9,455.2,495,
2005-01-14,245,169.9,445,495,
2005-01-17,245,167,445,490,
2005-01-18,246.8,171.5,440,490,
2005-01-19,248,174.3,450,490,
2005-01-20,246.1,180,455,491.5,
2005-01-21,240,184.5,455,490,130
2005-01-24,239.9,185,460,490,
2005-01-25,235,186.5,460,492.1,
2005-01-26,231.9,186.9,459.6,492,130
2005-01-27,230,186.5,449.7,492.4,
2005-01-28,230,186.9,449.8,493,130
2005-01-31,231.9,184.5,440,490,
2005-02-01,235,186.6,430,490,130
2005-02-02,237.3,185,430.9,490,130
2005-02-03,242.1,170.9,430.9,491.3,
2005-02-04,242,172,430.7,490,
2005-02-07,242,174.6,431.2,494.5,130
2005-02-08,245,176.1,425.7,494.7,
2005-02-09,249.7,176.1,429.9,495,
2005-02-10,255,178.5,430,495,130
2005-02-11,260,180,435,495,
2005-02-14,260,184.5,438,495,130
2005-02-15,259.8,188,440,495,132.8
2005-02-16,259.5,192.2,430,495,134
2005-02-17,259.9,198.1,439.9,495,140
2005-02-18,259.9,190.1,444.8,495,140
2005-02-21,260,187.9,445,495,138.1
2005-02-22,265.4,194.7,460,495,142.9
2005-02-23,270.3,196.5,460,500,140
2005-02-24,274.5,195,459.7,500,145
2005-02-25,290.5,203.5,470,500,150
2005-02-28,302,202.1,490,505,149.3
2005-03-01,301.9,189.2,490,505,145
2005-03-02,295.6,186.5,500.8,505,143
2005-03-03,287.2,188.5,500,505,141.5
2005-03-04,282,184.5,500,505,130
2005-03-07,275.6,180.7,490,505,130.8
2005-03-08,270.7,180,499.5,505,126.8
2005-03-09,274.1,180,500,505,120
2005-03-10,272.7,185,500,505,124.5
2005-03-11,291.5,191.2,515,510,130
2005-03-14,291.3,185,510.6,520,130
2005-03-15,299.7,194.8,530.5,520,135
2005-03-16,291.2,193.5,523,525,130
2005-03-17,292.7,190,515.1,530,130
2005-03-18,291.3,187.9,500,530,125
2005-03-21,280.6,184.3,488.5,530,118
2005-03-22,287.5,189.7,484.2,520,117
2005-03-23,291.5,185,480,511,115
2005-03-30,300.2,190,490.1,500,110
2005-03-31,301.5,193.7,510,510,114.3
2005-04-01,299,191.7,475.1,505,110
2005-04-04,295.5,190,475,505,110
2005-04-05,288.3,187.4,480,510,110
2005-04-06,285.5,190,485.3,510,110
2005-04-07,278.9,185.2,480.4,510,110
2005-04-08,275.2,182.4,470.2,510,107.7
2005-04-11,280.2,186.2,475.8,510,105
2005-04-12,283,189,476.7,510,105
2005-04-13,275,185.9,480,510,110
2005-04-14,275.1,192.5,475.6,510,110
2005-04-15,278.5,190.9,480,510,110
2005-04-18,279.1,185.5,479.1,510,110
2005-04-19,276.1,189,488.7,510,118.8
2005-04-20,280,190.5,488.3,510,120
2005-04-21,280.7,190,486.5,510,125
2005-04-22,289,189.4,482.6,510,125
2005-04-25,300,194.8,492.9,510,133
2005-04-26,290,192.8,487.4,510,139
2005-04-27,290,187,476,510,130
2005-04-28,290,188.2,475,510,130
2005-04-29,291.7,189.7,481.8,510,131.6
2005-05-02,290,185,476,510,125
2005-05-03,289.5,185,475.9,510,115
2005-05-04,290,190,475.9,510,
2005-05-05,290,189.3,475.9,505,
2005-05-06,295,190.8,482.5,505,115
2005-05-09,290.8,191.6,488.3,505,
2005-05-10,295,194.8,485.2,505,118.7
2005-05-11,296,191.8,481,510,
2005-05-12,295,185,471.3,510,110
2005-05-13,295,185.5,460.3,510,110
2005-05-16,295.3,192,471,510,
2005-05-17,293.7,192.5,475.2,510,
2005-05-18,294.8,197,490.8,510,
2005-05-19,291.8,195,480.6,510,
2005-05-20,290,195.2,485,510,
2005-05-23,297,200,490.7,510,130
2005-05-24,295.4,199.8,488.5,510,132.1
2005-05-26,295.5,200.1,501.7,515,135
2005-05-27,296,199.8,500.5,515,130.9
2005-05-30,293,195.1,499.9,515,132
2005-05-31,296.5,200,504.5,515,134
2005-06-01,299.1,199,510.1,515,135
2005-06-02,295,192.3,490.4,515,130
2005-06-03,295,195,501.4,515,139.5
2005-06-06,290,199.8,510.5,515,150
2005-06-07,295,197.7,500.5,515,146.3
2005-06-08,295,193.7,497.8,515,145
2005-06-09,295,194.8,501.5,515,145
2005-06-10,295,190,500,515,145.5
2005-06-13,299.7,196.8,508.2,515,150
2005-06-14,299.9,200,510.2,515,155
2005-06-15,299.9,205.1,515.9,515,155
2005-06-16,300,205.2,512,515,155
2005-06-17,304.4,210,522,515,155
2005-06-21,307,208.5,530.5,515,156.4
2005-06-22,310,209.9,530.2,515,160
2005-06-23,312.3,207.5,531.9,520,160
2005-06-24,312.5,210.5,540.5,520,163.5
2005-06-27,305,199.3,500,520,155
2005-06-28,310.1,201.8,500,524.5,160
2005-06-29,310,203,510,525,164.5
2005-06-30,309.9,200.1,500,525,159.5
2005-07-01,310,209.4,520,525,160
2005-07-04,310,209.5,520,525,155
2005-07-05,315,225,540,525,165
2005-07-06,312.2,224.9,525,530,165
2005-07-07,310.6,224.9,525.1,535,164.5
2005-07-08,310,215,510,540,
2005-07-11,316,219.8,525.1,545,
2005-07-12,315,220,535.2,545,
2005-07-13,318,227,544.8,545,
2005-07-14,320,235,550,545,150
2005-07-15,320.2,235.2,544.6,550,
2005-07-18,324.8,240,540.5,550,
2005-07-19,320,225.5,510,,
2005-07-20,320,225,525.5,550,
2005-07-21,319.9,220.8,521,550,
2005-07-22,319.9,220,525.2,550,
2005-07-25,316,217,530.5,550,
2005-07-26,314.7,222,535.8,,
2005-07-27,311.7,224.8,534,570,
2005-07-28,310,230.8,541,570,150
2005-07-29,316.4,230,528.5,570,
2005-08-01,312,229.9,530.5,570,140
2005-08-02,312,228,546,580,140
2005-08-03,305,221.9,533.2,580,
2005-08-04,,225,530.5,590,
2005-08-05,300,222.8,530,575,
2005-08-08,300,228.2,532.5,565,142.5
2005-08-09,302.1,227.3,527.8,,150
2005-08-10,303.5,228.4,533.4,565,150
2005-08-11,305,228.9,536,565,150
2005-08-12,305,222,530.9,550,150
2005-08-16,304,218,522,565,
2005-08-17,305.5,220.6,525,,
2005-08-18,310,220.8,520.3,575,145
2005-08-19,310.5,219.4,510,,
2005-08-22,313.7,219.2,520.1,578,
2005-08-23,315,217.6,522.6,575,140
2005-08-24,315,215.8,518,575,
2005-08-25,315,214,505,575,
2005-08-26,312.9,213.9,510.1,575,
2005-08-29,310.1,217,515.1,570,
2005-08-30,311.9,217,520,570,
2005-08-31,311.5,219,510,570,
2005-09-01,311,224.6,520.2,,
2005-09-02,310.2,219.5,520,560,150
2005-09-05,311,216,519.9,560,
2005-09-06,311.7,222,526.9,560,160
2005-09-07,310.5,218,515.9,560,
2005-09-08,309.9,220,512,560,
2005-09-09,310,226,505,560,
2005-09-12,310,220,505.5,540,
2005-09-13,311.8,219.6,511.3,530,
2005-09-14,300,215,508.4,,
2005-09-15,,210.4,500,530,
2005-09-16,290,212,501,530,159
2005-09-19,290,212,504.9,,153
2005-09-20,290,215,502.9,,151.8
2005-09-21,290,212.8,507.9,,150
2005-09-22,295,216.4,509.9,520,154.9
2005-09-23,290,215,504.9,,160
2005-09-26,290,211.9,499.9,,155
2005-09-27,280,210,490,520,155
2005-09-28,290,209.9,495,,155
2005-09-29,290,208,490,520,160
2005-09-30,300,210,500,520,160
2005-10-03,295,214,505,520,160
2005-10-04,295.5,211.3,490,,159.9
2005-10-05,299.2,215,495,520,160
2005-10-06,300,218,500,,160
2005-10-11,300,219.8,500.2,,162.8
2005-10-12,305.3,221.9,510,,165
2005-10-13,305,222,510.7,,160
2005-10-14,305,220,510,510,
2005-10-17,308,220.1,510.3,,163
2005-10-18,309.2,219.9,500,,160
2005-10-19,310,219.6,500.3,,
2005-10-20,310,218.5,496.9,495,
2005-10-21,310.2,216.3,490,,
2005-10-24,311.7,214.7,499.8,,
2005-10-25,312,212.9,500.5,495,160
2005-10-26,315,215,499.8,,160
2005-10-27,320,217.9,500.1,,160
2005-10-28,319.9,216,495.1,,160
2005-10-31,320,214.8,496.5,,160
2005-11-01,325,216,500.1,,160
2005-11-02,324.8,215,499.9,,
2005-11-03,319.8,214.9,505,,155
2005-11-04,320,214.2,500,,155
2005-11-07,317,210,490,485,155
2005-11-08,315,207.9,490,,155
2005-11-09,313,209.7,500,,155
2005-11-10,315,208,500,475,155
2005-11-11,315,210,510,,
2005-11-14,317,213,505,,
2005-11-15,319.5,215,500.3,,155
2005-11-16,315.5,210,480,,
2005-11-17,312,208,480,,
2005-11-18,310,207,470,,
2005-11-21,301,206,470,,150
2005-11-22,294.9,206.8,480,470,
2005-11-23,293,206.3,480,,
2005-11-24,290.1,206,480,460,
2005-11-25,290.1,205,480,,
2005-11-28,289.9,205.5,484,460,
2005-11-29,291.7,202.9,485,,
2005-11-30,295.5,201.7,490,,
2005-12-01,299.6,202,490,460,
2005-12-02,300,207.1,495.9,,
2005-12-05,298,211.2,500,,
2005-12-06,299.4,210.7,499.9,,160
2005-12-07,297.7,210.5,493.9,,160
2005-12-09,295,213.8,500.1,,160
2005-12-12,295.4,220.3,519.6,,160
2005-12-13,295.4,219.5,519.6,475,165
2005-12-14,294.3,219.5,515,475,160
2005-12-15,289.9,214.8,510,475,160
2005-12-16,295,220.1,520.2,477.5,
2005-12-19,295.1,219,525,480,
2005-12-20,295.1,220,530,485,
2005-12-21,295.2,219.4,529.9,,
2005-12-22,300,221,530.6,,
2005-12-23,301,224,530,490,
2005-12-26,305.9,225,534.4,490,
2005-12-27,310.6,227,525.2,492.5,
2005-12-28,317.2,228.5,526,490,
2005-12-29,325.2,225,515,492.5,
2006-01-02,328,229.8,520,490,
2006-01-03,330,240,535.1,491,160
2006-01-04,325.4,240,540,490,
2006-01-05,320,235.1,524.9,495,
2006-01-06,319.7,231.7,524.8,499.1,
2006-01-09,316.9,229.4,515,502.9,
2006-01-10,319.9,230,519.9,497.5,
2006-01-11,318.2,235,523.5,495,
2006-01-12,319.1,234.3,515,493.9,
2006-01-13,319.3,237.1,529.6,490,
2006-01-16,318,240,530,490,
2006-01-17,315.1,236.9,527.1,490,
2006-01-18,314,237.5,519.5,489.5,
2006-01-19,313,236.5,520.9,485,180
2006-01-20,313,239.5,530.1,480,
2006-01-23,312.9,242.5,535.5,477,
2006-01-24,315,248.7,535.8,473,
2006-01-25,320,255.7,535,474,
2006-01-26,325.4,260,536.9,473,
2006-01-27,330,257,540,477.5,
2006-01-30,330,260,545.9,476.9,
2006-01-31,329.3,260,540.2,478.3,
2006-02-01,325.3,257,530.2,478,
2006-02-02,329.7,258,537,478,190
2006-02-03,331.7,260,550,478,
2006-02-06,330.3,250,545.1,479.9,195
2006-02-07,328.3,255,549.9,480,200
2006-02-08,325,260,540.1,481,195
2006-02-09,325.3,261,550,482,
2006-02-10,326.8,260.8,545.2,480,195
2006-02-13,322.8,253.5,550,480,
2006-02-14,320,241.1,550,480,
2006-02-15,318,240,549.9,480,
2006-02-16,320.1,240.7,549.9,480,
2006-02-17,323.2,245,545,484,
2006-02-20,323.1,245,545,490,190
2006-02-21,324,246,540.1,488.9,
2006-02-22,320.1,243.5,530.1,484.5,
2006-02-23,320,242.5,534.6,480,
2006-02-24,320,245.9,544.5,480.5,
2006-02-27,320.6,247.5,545,480,
2006-02-28,322.2,246.9,520,480,
2006-03-01,319,244.9,530,482,
2006-03-02,313.4,248.5,530,480,
2006-03-03,309,247.1,535.1,480,
2006-03-06,302,242,532.5,482,
2006-03-07,301.5,241.2,519.9,480,
2006-03-08,302,237.8,513,482,
2006-03-09,296,239.8,514.3,480,
2006-03-10,297,245,520.2,483,195
2006-03-13,284.9,240.5,518,482.5,195
2006-03-14,285.5,240,515,483,195
2006-03-15,299.5,239.7,509.4,483,195
2006-03-16,300.1,235,504,483,195
2006-03-17,300,232.8,503.7,483,195
2006-03-20,294.5,230,500,483,195
2006-03-21,301,234.9,499,483.3,195
2006-03-22,301,237.3,502.5,483,195
2006-03-23,311.5,234.8,495,483,195
2006-03-27,314.2,239.2,500.7,483,195
2006-03-28,317,240,501.6,483.6,200
2006-03-29,319.5,242.5,502,485,200
2006-03-30,320.8,245.9,503.8,488,200
2006-03-31,320,254,490,490,
2006-04-03,321,253.8,490,495,
2006-04-04,312,250.3,485,499,
2006-04-05,311.5,251.4,491.9,499,200
2006-04-06,309,256,499.9,505,200
2006-04-07,307.5,259,490,515,
2006-04-10,308.8,257.9,495.4,515,
2006-04-11,311.9,260,500.3,515,
2006-04-12,320.5,255.3,499.9,520,205
2006-04-17,315.1,255.1,505,524,206.5
2006-04-18,317.8,259.6,505.1,534,213
2006-04-19,321,260.8,505,540,212.5
2006-04-20,330.3,260.6,504,550,214.6
2006-04-21,333.6,262.3,505.1,550,212.5
2006-04-24,329.5,259.5,509.9,550,212
2006-04-25,330,259,505,545,212.9
2006-04-26,330.1,258,505.2,540,212
2006-04-27,330.1,259.3,507.8,530,213
2006-04-28,330.3,266.6,519,530,220
2006-05-02,334.9,260.4,520.4,530,225
2006-05-03,335,259.5,520.8,530,226.6
2006-05-04,335,252.5,517.5,,230
2006-05-05,338.8,252.9,522.8,530,237.1
2006-05-08,339.4,251.4,520,,235
2006-05-09,340,255,530,,234.8
2006-05-10,340,256.8,527,530,235
2006-05-11,345,261,530,,235
2006-05-12,350,270.8,527.2,,235
2006-05-15,350.3,272,520.1,,235
2006-05-16,349.9,270.3,520.1,530,235
2006-05-17,333.9,272.5,520.2,540,235
2006-05-18,329.9,272.9,520.2,,234
2006-05-19,325,265,510.1,545,235
2006-05-22,325,266.9,514.5,545,235
2006-05-23,330,268,519.9,,235
2006-05-24,330,262.4,519.8,545,235
2006-05-26,335,270,520,550,235
2006-05-29,340.1,265,520,550,235
2006-05-30,343,267.1,519.9,550,235
2006-05-31,330.2,263.8,514.5,550,235
2006-06-01,326.3,266.5,519.9,550,237.5
2006-06-02,330,270,525,550,240
2006-06-05,330,266,525,550,239.8
2006-06-06,315,260,519.9,550,230
2006-06-07,315,264.9,521.4,550,230
2006-06-08,320,260,520,550,227
2006-06-09,320,260,515,550,
2006-06-12,322,265.2,525,550,230
2006-06-13,321.5,260,520.5,,230
2006-06-14,320,260,520,,
2006-06-15,321.9,260,520,550,
2006-06-16,321.9,260,520,550,215
2006-06-20,315,255,515,550,
2006-06-21,317,260,516.9,,225
2006-06-22,315,260,516,,225
2006-06-23,314.7,259.8,515.5,,220
2006-06-26,310,255,505,,215
2006-06-27,305,257,513.5,,220
2006-06-28,303,260,515,,224
2006-06-29,300,262.1,519.9,,225
2006-06-30,300,265,522.5,,230
2006-07-03,302.5,269,525,,230
2006-07-04,304.5,268.1,525,,230
2006-07-05,305,265,515,,230
2006-07-06,305,270,528,,230
2006-07-07,305,263.5,519.5,,
2006-07-10,305,270.5,518.1,,
2006-07-11,305,274.5,522,,225
2006-07-12,305,274.9,523.6,,
2006-07-13,310.5,269,520,,220
2006-07-14,324.1,270,525,,
2006-07-17,330,265,515,,
2006-07-18,327,260.5,516.5,,
2006-07-19,324,264.5,514.9,,
2006-07-20,330,265,514.9,,
2006-07-21,326,260,511.5,,
2006-07-24,325,260,520,,
2006-07-25,324,265,525,530,
2006-07-26,317.7,260.2,524.9,530,
2006-07-27,321,264.5,515.2,530,205
2006-07-28,324.6,265.2,517.9,,205
2006-07-31,321.3,265.5,516,,205
2006-08-01,320,267.8,515,,205
2006-08-02,330,270.2,525.2,,205
2006-08-03,328.5,270.2,520.1,,205
2006-08-04,330,270,525,,205
2006-08-07,323,265,515,,205
2006-08-08,319,262.5,514,,205
2006-08-09,320,267.9,519.5,,205
2006-08-10,321,269.5,516,,205
2006-08-11,329,264.5,500,,205
2006-08-14,325,255.2,504,,200
2006-08-15,324,260,510.4,,200
2006-08-16,331,264.3,515,,195
2006-08-17,330,262.2,515,,195
2006-08-18,330,260,512,,195
2006-08-22,331,260,513.3,,195
2006-08-23,334,265,517.8,,195
2006-08-24,345,266.9,517.8,,
2006-08-25,349.5,264.8,510,,
2006-08-28,345,264.5,509.5,,
2006-08-29,345,263,507.6,,200
2006-08-30,345,268,513.8,,200
2006-08-31,349.9,270,515.5,,
2006-09-01,340,265,517.1,,
2006-09-04,340,265,517.1,555,
2006-09-05,350,267.5,520,555,
2006-09-06,348.2,264.2,519.9,,
2006-09-07,349.5,270,517,,
2006-09-08,347.9,270,520,,
2006-09-11,334.9,265.7,515.3,,
2006-09-12,330,260.5,510.8,,
2006-09-13,330,261,514.5,,
2006-09-14,330,262,520,,
2006-09-15,333,267.2,523,,
2006-09-18,335,272.7,526.5,,
2006-09-19,340,270,515,,
2006-09-20,350.3,270.2,520,,
2006-09-21,355,277.1,530,,
2006-09-22,360,277.7,519.9,,
2006-09-25,360,278,515.5,,
2006-09-26,361.4,282.3,521.3,,
2006-09-27,364.8,279.8,525,,
2006-09-28,372,285,530.5,,
2006-09-29,380,290,532.3,,
2006-10-02,379.7,290.4,535,,
2006-10-03,,285,529.9,,
2006-10-04,380,290,540.5,,230
2006-10-05,384.9,291.3,544.7,,
2006-10-06,380,293,539.7,,
2006-10-09,385,304.8,545,,
2006-10-10,376.1,300,526.7,,
2006-10-11,385,310.2,535,,
2006-10-12,,319.3,550,,
2006-10-13,,328.4,555,,
2006-10-17,,337.5,560.3,,250
2006-10-18,351.2,335.5,560.3,,
2006-10-19,356.5,334.1,561.2,,240
2006-10-20,350,327,561.5,,
2006-10-23,350,334.9,571,,
2006-10-24,350,345,574,,
2006-10-25,372,348,571.9,,
2006-10-26,353,350,575.2,,
2006-10-27,360,355.6,580,,
2006-10-30,360.2,355.6,585.6,,
2006-10-31,365,360,586.9,,
2006-11-01,355,370.5,596,,
2006-11-02,,391.9,600.2,,
2006-11-03,,391,602,,
2006-11-06,,385.1,605,,
2006-11-07,,385,602.9,,
2006-11-08,,385.1,606,,
2006-11-09,,384,595.5,,
2006-11-10,,379.5,590,,
2006-11-13,,380.1,584.9,,
2006-11-14,,391,600,,
2006-11-15,,397.2,595,,
2006-11-16,,390,590,,
2006-11-17,,375,595,,
2006-11-20,,380,605,,
2006-11-21,,390,610,,
2006-11-22,,394.9,612,,
2006-11-23,379.5,390,613,,
2006-11-24,381.6,395,620,,
2006-11-27,370.8,397,624.9,,
2006-11-28,370.1,394.1,625,,
2006-11-29,368.1,395,616.1,,
2006-11-30,383,400,625,,
2006-12-01,371,,615,,
2006-12-04,370,,,,
2006-12-05,374.3,385,617.9,610,
2006-12-06,374,380,614,610,
2006-12-07,370.3,380,629.9,610,
2006-12-11,374,390,640,610,
2006-12-12,373,395,640.4,610,
2006-12-13,373,,640,610,
2006-12-14,373.5,385,640,610,
2006-12-15,370.7,385,630,610,
2006-12-18,365,380,620,605,
2006-12-19,366.5,385,629.5,600,
2006-12-20,366.5,380,620,592,
2006-12-21,363,375,625.3,590,
2006-12-22,356.7,,630,590,
2006-12-26,346.5,,640.5,590,
2006-12-27,344.5,390,630,590,
2006-12-28,362,393,630.5,590,
2006-12-29,370.5,,634.9,590,
2007-01-02,356.3,,629.5,590,
2007-01-03,340,,610,592,
2007-01-04,340,390,619.6,590,
2007-01-05,340,,619.5,590,
2007-01-08,340,380,620,589,
2007-01-09,340,370,610,585,
2007-01-10,354.1,370,610,582,
2007-01-11,370,395,580,580,
2007-01-12,370,390,610,580,
2007-01-15,373.1,399.8,610,580,
2007-01-16,372.9,400,600,580,
2007-01-17,375,,610,580,
2007-01-18,375,,605,580,
2007-01-19,375,,610,580,
2007-01-22,375,400,580,580,
2007-01-23,375,370,590,580,
2007-01-24,370,365,580.5,580,
2007-01-25,370,364.5,580,580,
2007-01-26,370,364,580.5,580,
2007-01-29,370,365,580.9,580,
2007-01-30,375,369,590.9,580,
2007-01-31,378.6,380.2,600,580,
2007-02-01,358.8,386.5,600,585,
2007-02-02,360,388.5,600.9,585,
2007-02-05,354,393,605.1,587,
2007-02-06,345,393,610,590,
2007-02-07,345,388,600.5,590,
2007-02-08,348,390.3,605.2,590.5,
2007-02-09,359.8,384.1,610,592,
2007-02-12,360,387.3,610.1,598,
2007-02-13,359,396.3,620,600,
2007-02-14,356,396.5,615,600,
2007-02-15,351.3,393,620.1,600,
2007-02-16,350,403.5,629.6,605.5,
2007-02-19,350.1,403.1,630,610,
2007-02-20,345.5,398,635,610.5,
2007-02-21,345.2,398.9,639.7,610,
2007-02-22,350,404.1,629.7,611.5,
2007-02-23,350,404,624.7,610,
2007-02-26,350,409,629,610,
2007-02-27,350.2,398.5,614.5,610,
2007-02-28,350.3,408,624,610.5,
2007-03-01,350,413.8,610,612,
2007-03-02,350,409,609.4,615,260
2007-03-05,350,388,598,615,
2007-03-06,344,386,598,615,
2007-03-07,350,390,600,,
2007-03-08,345,388.9,603,,260
2007-03-09,340,399.5,608,620,268
2007-03-12,340,383.5,600.5,625,265
2007-03-13,340.3,369.9,599.9,630,260
2007-03-14,344.5,369.5,594.4,635,255
2007-03-15,342.5,372.7,595,635,270
2007-03-16,346.9,370.3,595.5,640,270
2007-03-19,347.1,360.2,595.5,640,258
2007-03-20,348,364,595,640,252
2007-03-21,350,370.1,596,640,245
2007-03-22,368,367.5,593.4,635,245
2007-03-23,370,360.8,594.8,628,
2007-03-26,370,354.2,585,628,
2007-03-27,370,360,587.8,628,245
2007-03-28,,355,600,628,250
2007-03-29,370,364.6,600,630,258
2007-03-30,372,350,591.1,630,240
2007-04-03,370,330,602.6,630,246
2007-04-04,370,353.3,607.9,630,240
2007-04-09,370,363.5,592,635,250
2007-04-10,370,377,591,635,250
2007-04-11,370,373,592.3,635,
2007-04-12,370,373,583,645,270
2007-04-13,370,378,594.3,650,279
2007-04-16,370,379.8,593.9,645,280
2007-04-17,370,379.6,585.4,645,280
2007-04-18,370,370,580,645,299.3
2007-04-19,370,370,583.2,645,292
2007-04-20,370,369.9,591,645,290
2007-04-23,370,357.5,591.5,645,289
2007-04-24,370,355,582.2,660,291
2007-04-25,370,370,590,664.9,300
2007-04-26,371,360,585.4,675,307.6
2007-04-27,373,355,586.9,685,324.7
2007-04-30,378.7,345,590,720,326
2007-05-02,370,355.2,590,720,
2007-05-03,370,365,590.1,720,
2007-05-04,370,365,586.5,725,
2007-05-07,370,355,580.5,735,285
2007-05-08,370,350,580.2,735,280
2007-05-09,370,350,585.4,735,
2007-05-10,370,345,580.5,740,
2007-05-11,370,355,588.7,735,
2007-05-14,370,350.8,590.2,735,
2007-05-15,371,355,591,735,290
2007-05-16,375,355,593,750,290.3
2007-05-17,375,355,593,750,
2007-05-18,375,356.2,590.3,745,
2007-05-21,377.8,361.4,595,745,
2007-05-22,375,355,591.8,745,
2007-05-23,375,356,596.8,758,302
2007-05-24,375,361.6,600.2,775,305
2007-05-28,375,361.9,600,785,
2007-05-29,372,355,600.6,795,
2007-05-30,380,366.8,608,795,301.5
2007-05-31,393,380,612,805,
2007-06-01,380,380,616.5,805,
2007-06-04,376.1,376.5,621.5,860,290
2007-06-05,377.5,378.6,631.4,875,290
2007-06-06,399.5,370,627,885,290
2007-06-07,400,379.9,633,895,300
2007-06-08,394,374,626.7,860,292
2007-06-11,390,384.8,635.9,860,300
2007-06-12,400,378,635,875,304
2007-06-13,408,392,628,875,310
2007-06-14,410,400.6,629.7,910,315
2007-06-15,414,405,633.5,910,322
2007-06-19,410,380,620.2,910,310
2007-06-20,412,385,630.1,900,320
2007-06-21,,377.2,610.1,890,315
2007-06-22,420,,600,890,
2007-06-25,420,353,610,900,
2007-06-26,420,355,615,910,
2007-06-27,430,350,615,910,
2007-06-28,445.1,355,615,910,300
2007-06-29,450,340,630,930,
2007-07-02,449.9,335,640,930,
2007-07-03,450,319,630,930,
2007-07-04,430,320,625,935,
2007-07-05,440,329.9,625,935,
2007-07-06,448.8,340,630,935,
2007-07-10,448,349.5,640,935,320
2007-07-11,440,350,640,935,320
2007-07-12,440,354.9,642,935,330
2007-07-13,455,357.5,642.2,950,340
2007-07-16,445,325,610,950,325
2007-07-17,450,323.5,585,950,320
2007-07-18,460,341.5,610.2,970,330
2007-07-19,460,340,621.6,1000,330
2007-07-20,460,340,620.1,1000,330
2007-07-23,454,337,597,1000,330
2007-07-24,451.5,345,620.2,1000,335
2007-07-25,450,350.5,633.5,1050,342
2007-07-26,460,357.8,636,1050,351.2
2007-07-27,460,362.9,623,1050,359
2007-07-30,459.6,360,625.9,1080,364
2007-07-31,464,361,636.9,1080,365
2007-08-01,459,356,640.5,1120,365
2007-08-02,464,362,645.8,1120,365
2007-08-03,460,365.3,650.2,1120,365.5
2007-08-06,460,366.3,645.8,1120,370
2007-08-07,467.4,373.8,655.6,1120,371
2007-08-08,482.5,381,667,1140,380
2007-08-09,502,370,673.3,1150,402
2007-08-10,502,370,675.4,1150,405
2007-08-13,511.5,373.4,685.9,1150,404.1
2007-08-14,525,374,673,1150,405
2007-08-15,510,374,668.5,1150,403.5
2007-08-16,500,366.5,640.2,,405
2007-08-17,500,373,653,1100,402.5
2007-08-21,501,380.5,661.1,1100,407.5
2007-08-22,504,390,676.1,1100,419
2007-08-23,503,385.5,680.8,1130,412
2007-08-24,508,380.8,681.3,1130,405
2007-08-27,515,370,685,1130,400
2007-08-28,520,369.5,685.6,1130,407.4
2007-08-29,525,360,685.9,1130,420
2007-08-30,535,365,700,1130,432
2007-08-31,540,370,700.7,1130,416
2007-09-03,530,370,700.1,1130,405
2007-09-04,540,383.2,721,1130,415
2007-09-05,540,374.9,717,1150,421.5
2007-09-06,540,365,706,1160,430
2007-09-07,550,378.5,711,1180,430
2007-09-10,554,375,721.1,1190,420
2007-09-11,580,370,720,1190,418
2007-09-12,580,382,740.3,1200,430
2007-09-13,585,370,740.3,1220,425
2007-09-14,595,375,750.4,1300,430
2007-09-17,590,380,762,1300,430
2007-09-18,585,380,770,1300,430
2007-09-19,590,386.5,766.5,1300,432
2007-09-20,590,399.8,791,1300,440
2007-09-21,590,404.1,780,1330,440
2007-09-24,595,400,780,1350,440
2007-09-25,600,395,784.5,1350,440
2007-09-26,600,396.5,792,1380,450
2007-09-27,600,401.8,802,1380,460
2007-09-28,600,389.5,790,1400,460
2007-10-01,,380,790.8,1400,460
2007-10-02,,,760.2,1400,460
2007-10-03,,370,792,1400,469
2007-10-04,587,370,790.3,1400,490
2007-10-05,587.6,375,780.1,1400,
2007-10-08,589,370,770,1400,460
2007-10-09,592,377,800,1400,
2007-10-10,591,384.9,805,1400,470
2007-10-11,595,384.9,805,1400,
2007-10-12,597,385.1,805,1400,470
2007-10-16,600,390,805,1400,470
2007-10-17,600,385,805,1380,
2007-10-18,590,389.8,815,1360,
2007-10-19,585,388.5,809.8,1320,
2007-10-22,585,375,800,1250,
2007-10-23,585,370,810,1280,
2007-10-24,585,369.7,811.5,1280,
2007-10-25,580,363,820.5,1300,
2007-10-26,,360,830.1,1320,
2007-10-29,,360,836.3,1350,
2007-10-30,590,350,820,1350,
2007-10-31,583.7,355,835.8,1350,
2007-11-01,570,355,815,1350,
2007-11-02,570,365,828,1320,
2007-11-05,550,360,825.2,1320,
2007-11-06,550,365,829,1320,
2007-11-07,551.5,357,,,
2007-11-08,566.8,350,,1260,
2007-11-09,567.5,350,760,1260,
2007-11-12,560,340,760,1260,
2007-11-13,555.2,320,780,1240,
2007-11-14,549.5,325,795,1240,
2007-11-15,558,320,795,1240,
2007-11-16,560.1,335,800,1240,
2007-11-19,550,340,800,1200,
2007-11-20,550,345,805,1180,
2007-11-21,570,340,805,1160,
2007-11-22,580,335,805,1140,
2007-11-23,590,335,820,1120,
2007-11-26,590,325.3,825,,
2007-11-27,589,330.5,815,,
2007-11-28,580,335,820,,
2007-11-29,590,331,830,1100,
2007-11-30,586.6,320,820,1100,265
2007-12-03,564,,820,1080,
2007-12-04,564.5,,830,1080,
2007-12-05,556,,830,1080,
2007-12-06,545,320,825,1060,
2007-12-07,533,327.9,830,1050,
2007-12-10,531.9,330,830,1050,
2007-12-11,532.8,335,835,1050,
2007-12-12,531.2,350,840,1050,
2007-12-13,532,350,850,1050,
2007-12-14,530.3,360,860,1050,
2007-12-17,519,360,860,1050,
2007-12-18,500,360,840,1080,
2007-12-19,498,360,840,1080,
2007-12-20,496,360,850.4,1100,
2007-12-21,500,370,854.6,1100,
2007-12-26,450,375,900,1100,
2007-12-27,477.5,380,901,1150,
2007-12-28,487,378.5,901,1180,
2008-01-02,484,400,902.5,1200,
2008-01-03,490,400,902.5,1200,340
2008-01-04,495.6,404.5,902.5,1200,
2008-01-07,494,405,890,1200,
2008-01-08,500,420,910.2,1200,400
2008-01-09,496.5,430,910.1,1250,420
2008-01-10,503,435,928,1280,420
2008-01-11,511,451,960.3,1300,476
2008-01-14,521,475,970,1300,
2008-01-15,525.5,460,980.1,1320,480
2008-01-16,520,450,960,1340,480
2008-01-17,530,450,970,1350,480
2008-01-18,521,440,961,1400,450
2008-01-21,521.5,,962,1425,450
2008-01-22,532.5,439,963,1360,450
2008-01-23,550,425,945,1360,450
2008-01-24,571,446,984,1374,470
2008-01-25,591,460,1000,1416,480
2008-01-28,610,466.4,1004,1406,
2008-01-29,650,470,1020,1420,470
2008-01-30,,470,1053,1420,478.5
2008-01-31,,470,1062,1420,470
2008-02-01,620,470,1095,1421,470
2008-02-04,600,480,1141,1420,
2008-02-05,580,480.6,1153,1390,470
2008-02-06,580,499.8,1163,1345,490
2008-02-07,,470,1120,1335,460
2008-02-08,,488,1100,1330,470
2008-02-11,570,479.5,1065,1329.8,460
2008-02-12,,448,1048,1320,440
2008-02-13,,440,1026,1300,440
2008-02-14,,460,1032.5,1298,440
2008-02-15,,470.3,1040.5,1298,
2008-02-18,,470,1040,1300,420
2008-02-19,,479.8,1065,1300,420
2008-02-20,,480,1075,1300,415
2008-02-21,,480,1070,1300,400
2008-02-22,,479.5,1075,1300,
2008-02-25,,490.9,1108,1300,400
2008-02-26,,490.1,1106.7,1300,400
2008-02-27,,493,1080,1300,400
2008-02-28,,490,1101.5,1300,410
2008-02-29,,499.8,1100,1310,415
2008-03-03,,506.5,1142,1400,430
2008-03-04,,491.5,1100,1400,430
2008-03-05,,506.5,1111,1300,454
2008-03-06,,501.3,1093,1300,450
2008-03-07,,480.8,1040,1290,
2008-03-10,,500,1054,1260,450
2008-03-11,,492.9,,,450
2008-03-12,,509,,1130,462
2008-04-03,,539.8,909,1130,490
2008-04-04,,539.5,904,1130,486.8
2008-04-07,,523.4,853.9,1130,467.2
2008-04-08,,522,845,1130,440
2008-04-09,,538,855,1130,444
2008-04-10,690,516.2,870,1112,420
2008-04-11,,509,863.1,1100,415
2008-04-14,,505,894,1100,
2008-04-15,,515,900,1100,420
2008-04-16,,514.9,875.8,1100,420
2008-04-17,,510,873.9,1100,474
2008-04-18,,500,892,1100,460
2008-04-21,,490,882,1100,423
2008-04-22,,500,906,1110,440
2008-04-23,,500,906,1110,442
2008-04-24,,485,892,1110,435
2008-04-25,,495,875,1110,459
2008-04-28,,508,861,1110,470
2008-04-29,,501,860,1110,470
2008-04-30,,511,901,1110,475
2008-05-02,,515.2,893.9,1110,470
2008-05-05,,498,871,1120,455
2008-05-06,,510.1,900.1,1120,470
2008-05-07,,511,,1120,470
2008-05-21,,521,901,1130,497
2008-05-22,,513,870,1130,495
2008-05-23,,517.2,900,1130,500
2008-05-26,,518,900,1130,500
2008-05-27,,500,880,1140,
2008-06-09,,500,860,1120,
2008-06-10,,500,850,1120,
2008-06-11,,534,870,1120,
2008-06-12,,539.5,870,1120,
2008-06-13,,521,880,1120,
2008-06-23,,538,865,1080,500
2008-06-24,,524,866,1041.5,498
2008-06-25,,524,877,1025,500
2008-06-26,600,528,896.2,1010,500
2008-06-27,,531,896,1000,480
2008-06-30,632.5,528,904,1000,
2008-07-01,600,501,909,1000,
2008-07-02,,520,907,1000,
2008-07-03,,520,908.5,980,
2008-07-04,,521,903,970,
2008-07-07,,500,870,970,
2008-07-08,,510.5,,,
2008-07-10,,518,898.8,,
2008-07-11,,514,904,,
2008-07-14,,508,890,,
2008-07-16,,499.8,880,,410
2008-07-21,,,967,,
2008-07-22,,,965,,
2008-07-23,,454,960,,
2008-07-24,500,460,941,,420
2008-07-25,500,458,920,,
2008-07-28,,454,930,,
2008-07-29,,460,929,,
2008-07-30,500,469.5,932.5,,
2008-07-31,530,450,934,,
2008-08-01,597,420,918.5,,
2008-08-04,550,,,,
2008-08-05,560,410,859,,370
2008-08-06,550,400,840,,
2008-08-07,597.4,420,845,,375
2008-08-08,560,400,810,,
2008-08-11,560,400,849.8,,350
2008-08-12,550,418.9,849,,350
2008-08-13,,449,879,,370
2008-08-14,,448,869,,360
2008-08-15,578,400,,,320
2008-08-19,583,448,900,,340
2008-08-20,,440,880,,360
2008-08-21,570,452.5,900,,400
2008-08-22,590,440,900,,
2008-08-25,590,449,915.5,,380
2008-08-26,,434,905.2,,380
2008-08-27,550,435,916,,380
2008-08-28,580,434,897,,380
2008-08-29,580,449,901,,379
2008-09-01,570,435,900,,379
2008-09-02,570,428,860,,
2008-09-03,570,420,839.3,,
2008-09-04,570,419,839.5,870,350
2008-09-05,570,400,,,340
2008-09-08,565,419.9,810,,
2008-09-09,540,400,830,,340
2008-09-10,527,418,835,,
2008-09-11,550,410,850,,
2008-09-12,540,430,862,,
2008-09-15,550,449.5,850,,350
2008-09-16,528,402,823,,
2008-09-17,530,428.7,828,,340
2008-09-18,520,,821,,
2008-09-19,520,400,848.7,,350
2008-09-22,530,419.5,893,,330
2008-09-23,534,409.7,875,,
2008-09-24,529,407,873,,
2008-09-25,530,400,890,,330
2008-09-26,540,390,870,,310
2008-09-29,526,,,,
2008-09-30,539.5,,790,,300
2008-10-01,540,340,800,760,320
2008-10-02,530,,,,
2008-10-09,500,,780,,
2008-10-10,480,,720,,
2008-10-14,470,,,,
2008-10-15,450,,670,,
2008-10-16,440,,705,,
2008-10-17,440,,730,,250
2008-10-20,430,,752.5,,
2008-10-21,430,,749,,250
2008-10-22,420,,699,,250
2008-10-23,421,300,729,,
2008-10-24,415,,750,,250
2008-10-27,419,300,752.8,,
2008-10-28,410,,731,,
2008-10-29,430,350,783.5,,
2008-10-30,430,,773.9,,
2008-10-31,425,320,750,,
2008-11-03,423.8,320,753.5,,265
2008-11-04,429.9,340,782.5,,265
2008-11-05,420,,730,,265
2008-11-06,425,,739.6,,265
2008-11-07,425,,749.9,,
2008-11-10,424,,770,,
2008-11-11,421,,729,670,270
2008-11-12,402,,729.9,,
2008-11-13,399.9,,730,650,
2008-11-14,393,,728,,
2008-11-17,372,,739.3,,
2008-11-18,371,280,734.7,620,
2008-11-19,370.5,,733,620,270
2008-11-20,370,,713,,270
2008-11-21,369,,707,,265
2008-11-24,362,,750,,270
2008-11-25,364.7,,739,,
2008-11-26,378.5,260,720,,268
2008-11-27,379.9,270,710,,270
2008-11-28,400,289,700,,275
2008-12-01,391,272.8,680,,270
2008-12-02,399.6,267,690,,260
2008-12-03,391.4,278.5,700.5,,260
2008-12-04,403.8,,676.5,,
2008-12-05,400,,640,,
2008-12-09,400,,700,,230
2008-12-10,398.5,278.5,703,,253
2008-12-11,400,260,715,530,260
2008-12-12,392.5,270,710,548,265
2008-12-15,395,270,707,550,275
2008-12-16,400,286,725,570,284
2008-12-17,400.2,286,720,580,270
2008-12-18,407,300,720,580,270
2008-12-19,405,299.5,720,590,270
2008-12-22,405,300,730,590,270
2008-12-23,407,300,740,590,290
2008-12-26,,,760,,
2008-12-29,410,305,800.5,600,287
2008-12-30,414,303,799.9,610,277
2009-01-02,410,300,810,615,280
2009-01-05,408.5,310,830,615,299
2009-01-06,400,360,850,620,319.5
2009-01-07,380,389,827,625,330
2009-01-08,379,379,843.9,625,320
2009-01-09,398.5,388.5,873,630,340
2009-01-12,,,,630,
2009-01-13,368.5,336,800,640,290
2009-01-14,396.5,350.1,827.8,645,300
2009-01-15,420,354,870,645,305
2009-01-16,420,377.8,890,650,340
2009-01-19,421.5,388,900.2,650,
2009-01-20,416.5,397,860,650,339
2009-01-21,410,380,900,650,340
2009-01-22,411,393,903,650,349.8
2009-01-23,,399,920,650,360
2009-01-26,,399,900,660,349
2009-01-27,,402,880,660,320
2009-01-28,,402,903,683,310
2009-01-29,,394,899,690,
2009-01-30,,405,910,708,330
2009-02-02,,380,884,708.5,
2009-02-03,360,379.9,869.5,690,305
2009-02-04,375,380,880,690,300
2009-02-05,379,400,910,690,318
2009-02-06,381,411.5,925,695,356
2009-02-09,382,409.5,930.1,695,367
2009-02-10,395,403,935,695,367
2009-02-11,391,401,950.1,695,370
2009-02-12,370,410.2,922,695,368.5
2009-02-13,376.5,400.9,891,701,370
2009-02-16,370,400,880,701,370
2009-02-17,370,380,840,700,350
2009-02-18,370,380,820,673,350
2009-02-19,373.5,398,807,670,369.9
2009-02-24,388,390,750,655,350
2009-02-25,412,402,745,647,354
2009-02-26,418,409,740,637,370
2009-02-27,436,400.5,747,630,369
2009-03-02,399,389.5,741.5,630,
2009-03-03,400,393,750,630,370
2009-03-04,,405,775,635,370
2009-03-05,,409.9,760,633,369.9
2009-03-06,,409.8,780,630,369
2009-03-09,,414.5,800,630,370
2009-03-10,,415.6,800,630,380
2009-03-11,,409.4,800,630,365
2009-03-12,,411,800,625,370
2009-03-13,,402,800,620,370
2009-03-16,,392,810,615,360.5
2009-03-17,,395,810,615,340
2009-03-18,,393,815,620,349
2009-03-19,,402,850,620,361
2009-03-20,,400.5,851,630,358
2009-03-30,,379.8,826,630,320
2009-03-31,450,391,854,630,320
2009-04-01,450,397,867,630,320
2009-04-03,,404,898,635,320
2009-04-06,,400.5,899,635,320
2009-04-07,,400,907,645,320
2009-04-08,,395,915,660,310
2009-04-13,,382,925.1,670,305
2009-04-14,,395,949.5,675,307.5
2009-04-15,,390,952.6,685,307.5
2009-04-16,,385,968,695,316.7
2009-04-17,,380,969.9,700,310
2009-04-20,,357.4,940,710,300
2009-04-21,,387.5,964,715,300
2009-04-22,,380,960,715,302
2009-04-23,,379,966,715,308
2009-04-24,,379,955.1,715,307
2009-04-27,,362.6,930,715,298.3
2009-04-28,,370,920,715,308.4
2009-04-29,,391.8,942,715,315
2009-04-30,,399.5,961.6,720,326.3
2009-05-04,,386,1000.6,725,347.5
2009-05-05,,,1002,735,345
2009-05-06,,380,994.5,745,341
2009-05-07,553,380,992,755,340
2009-05-08,555,380,991,765,348.8
2009-05-11,555,370,980,765,340
2009-05-12,555,370,990,767,349.5
2009-05-13,555,370,1000,770,340
2009-05-14,555,360,1000,775,330
2009-05-15,556,350,993,785,330
2009-05-18,556,350,1001.5,785,320
2009-05-19,558,360,1013.4,,329
2009-05-20,559,360,1017,780,328
2009-05-21,559,360,1028.5,780,320
2009-05-22,560,370,1030,785,347.3
2009-05-26,566,360,1030,790,345.2
2009-05-27,574,370,1030,790,347
2009-05-28,582,380,1033,790,350
2009-05-29,589,390,1032,790,350
2009-06-01,595,400,1061.5,800,370
2009-06-02,608,390,1042,810,375
2009-06-03,608,390,1000.6,810,358
2009-06-04,608,400,1043.5,810,380
2009-06-05,608,390,1043.2,810,380
2009-06-08,610,390,1050.5,810,375
2009-06-09,611,395,1060.8,815,385.5
2009-06-10,611,406.6,1057,815,398
2009-06-11,611,449.9,1074,814,398
2009-06-12,611,450,1053,,
2009-06-16,626,449.6,1020.7,,
2009-06-17,640,,1026,,340
2009-06-18,654,,1043,,340
2009-06-19,,,1010,,
2009-06-22,,,1000,770,310
2009-06-23,,,1025,770,338
2009-06-24,,,1025.6,770,357
2009-06-25,,,1031,770,356
2009-06-26,,,1031.4,770,350
2009-06-29,,,1033,770,340
2009-06-30,,,1010,770,
2009-07-01,,,1042.5,760,
2009-07-02,,,1030,755,
2009-07-03,,,1030,755,
2009-07-06,,,1000,750,
2009-07-07,,,960,747,
2009-07-08,,,936,730,350
2009-07-10,,,960,710,
2009-07-13,,,940,710,350
2009-07-14,,,950,700,350
2009-07-15,,,950,700,355
2009-07-16,,,915,715,340
2009-07-17,,,942.5,,360
2009-07-20,,,950,,
2009-07-21,,,930,,
2009-07-22,,,940,,
2009-07-23,,,950,,350
2009-07-24,,,950,,
2009-07-27,,420,950,,330
2009-07-28,,,960.5,,330
2009-07-29,,,960.5,,340
2009-07-30,,,981,,345
2009-07-31,,,1000,,345
2009-08-03,,,1020,740,355
2009-08-04,,,1020,760,365
2009-08-05,,,1000,760,370
2009-08-06,,,1000,760,370
2009-08-07,,,1000,750,363
2009-08-10,,,1000,750,363
2009-08-11,,,1010,750,365
2009-08-12,,,1000,760,365
2009-08-13,,,1000,765,368
2009-08-14,,,970,770,368
2009-08-18,,,960,755,340
2009-08-19,,,960,755,368
2009-08-20,,,970,755,370
2009-08-21,,,1000,755,370
2009-08-24,,,1010,765,379
2009-08-25,,,1010,765,370
2009-08-26,,,1000,765,370
2009-08-27,,,1000,770,380
2009-09-07,,,930,750,370
2009-09-08,,,950,740,380
2009-09-09,,,950,740,385
2009-09-10,,,950,740,375
2009-09-11,,,940,735,370
2009-09-14,,,940,735,369.5
2009-09-15,,,984,735,380
2009-09-16,,,960,735,370
2009-09-17,,,974,,370
2009-09-18,,,972,,
2009-09-21,,,942,740,
2009-09-22,,,952,,375
2009-09-23,,,952.4,,380
2009-09-24,,,952,,380
2009-09-25,,,950,,
2009-09-28,,,950.1,,379.9
2009-09-29,,,950,730,380
2009-09-30,,,960,730,371.1
2009-10-01,,,942,730,380
2009-10-02,,,920,730,380
2009-10-05,,,930,730,380
2009-10-06,,,950,730,399
2009-10-08,,,970,735,390
2009-10-09,,,975,725,380
2009-10-13,,,990,735,390
2009-10-14,,,990,735,
2009-10-15,,,970,740,375
2009-10-16,,,965,740,
2009-10-19,,,975,750,380
2009-10-20,,,970,,380
2009-10-21,,,980,,380
2009-10-22,,,975,,400
2009-10-23,,,980,,400
2009-10-26,,,960,,
2009-10-27,,484,950,,
2009-10-28,,482,940,,
2009-10-29,,479,960,,380
2009-10-30,,,960,,
2009-11-02,,476,970,,383
2009-11-03,,493,980,,390
2009-11-04,,,970,,385
2009-11-05,,,950,,
2009-11-06,,,940,,
2009-11-09,,481,960,,390
2009-11-10,,,960,,
2009-11-11,,,970,,
2009-11-12,,,980,,390
2009-11-13,,,1000,,390
2009-11-16,,489,1000,,400
2009-11-17,,,1000,,415
2009-11-18,579,,1010,,415
2009-11-19,,501,1020,,420
2009-11-20,,494,1010,,400
2009-11-23,,,1005,,400
2009-11-24,,,1000,,400
2009-11-25,593,479,1010,,400
2009-11-26,602,485,1010,,
2009-11-27,,486,1010,,
2009-11-30,,,1010,,400
2009-12-01,623,,1030,,410
2009-12-02,,495,,,410
2009-12-03,,489,1000,,410
2009-12-04,,486,990,,400
2009-12-07,,477,1000,,
2009-12-09,,471,,,
2009-12-10,,489.9,,,400
2009-12-11,,500,980,,400
2009-12-14,,500,1000,,
2009-12-15,,509,1010,,410
2009-12-16,,509,1010,,410
2009-12-17,,,,,415
2009-12-18,,,,,410
2009-12-21,,,980,895,410
2009-12-22,,,970,,410
2009-12-23,,499,970,900,420
2009-12-28,,499,990,900,410
2009-12-29,,,1000,910,
2009-12-30,,,1002,910,410
2010-01-04,,522,1010,910,410
2010-01-05,,,1015,,425
2010-01-06,,,1025,,410
2010-01-07,,,1000,,400
2010-01-08,,,,,400
2010-01-11,,,990,940,400
2010-01-12,,,970,925,
2010-01-13,,,994,,
2010-01-14,,,993,913,380
2010-01-15,,,997,910,
2010-01-18,,,996,900,
2010-01-19,,,989,900,
2010-01-20,,,973,889,
2010-01-21,,491,982,885,
2010-01-22,,,982,885,
2010-01-25,,,980,885,
2010-01-26,,,984.5,885,350
2010-01-27,,,,885,
2010-01-28,,,,880,
2010-01-29,,,,880,
2010-02-01,,,,880,350
2010-02-02,,,957,880,350
2010-02-03,,,,885,
2010-02-04,,,939,885,340
2010-02-05,,,940,875,
2010-02-08,,,951,,
2010-02-09,,,960,,350
2010-02-10,,,960,,
2010-02-11,,,960,,
2010-02-12,,,961,,
2010-02-15,,,961.5,,
2010-02-16,,,991,920,
2010-02-17,,469,970,930,
2010-02-18,,454,961,930,
2010-02-19,,448,953,930,329
2010-02-22,,448,941,930,
2010-02-23,,455,930,940,330
2010-02-24,,451,910,940,
2010-02-25,,451,880,940,309.9
2010-02-26,,457,882,940,
2010-03-01,,,860,940,275
2010-03-02,,,859,940,270
2010-03-03,,,860.5,940,270
2010-03-04,,,830,940,270
2010-03-05,,,830,940,284
2010-03-08,,,831,940,273
2010-03-09,,,836,935,270
2010-03-10,,,847,935,270
2010-03-11,,,822,941,270
2010-03-12,,,823,935,270
2010-03-15,,,833.8,930,270
2010-03-16,,,843,920,270
2010-03-17,,,854.5,920,271
2010-03-18,,,849.5,920,270
2010-03-19,,,850,920,270
2010-03-22,,,865,920,274
2010-03-23,,,858,910,274
2010-03-25,,,842,900,284
2010-03-26,,,829,900,280
2010-03-29,,,842,900,270
2010-03-30,,,818,900,
2010-03-31,,,814.5,,270
2010-04-05,,,826.5,,270
2010-04-06,,,831,,297
2010-04-07,,,845.5,,295
2010-04-08,,,849.9,875,300
2010-04-09,,,851.2,875,300
2010-04-12,,,852,875,312
2010-04-13,,,864,875,
2010-04-14,,,875,875,325
2010-04-15,,,877.1,875,350
2010-04-16,,,879,880,350
2010-04-19,,,865.3,880,350
2010-04-20,,,879,865,350
2010-04-21,,,898,865,
2010-04-22,,,896.5,870,350
2010-04-23,,,895,870,350
2010-04-26,,,896.5,870,350
2010-04-27,,,886,870,350
2010-04-28,,,887,870,350
2010-04-29,,,901,870,365
2010-04-30,,,902,875,370
2010-05-03,,,893,875,370
2010-05-04,,,895.5,880,370
2010-05-05,,,878,880,379
2010-05-06,,,871,880,380
2010-05-07,,,863,880,376
2010-05-10,,,871,885,380
2010-05-11,,,871,890,383
2010-05-12,,,869.9,895,380
2010-05-13,,,885,,380
2010-05-14,,,879.5,,359
2010-05-17,,,869,,360
2010-05-18,,,872,,367
2010-05-19,,,881,925,360
2010-05-20,,,885.5,940,366
2010-05-21,,,894.5,940,380
2010-05-26,,,875,940,380
2010-05-27,,,892.2,940,387
2010-05-28,,,875,940,380
2010-05-31,,,873,945,
2010-06-01,,,876,945,
2010-06-02,,,875,945,
2010-06-03,,,894,945,
2010-06-04,,,877,942.5,
2010-06-07,,,873,935,370
2010-06-08,,,873,935,
2010-06-09,,470,896,935,
2010-06-10,,470,880,940,380
2010-06-11,,479,879.9,940,380
2010-06-14,,,888.5,945,380
2010-06-15,,,889.5,945,380
2010-06-16,,,889.6,950,380
2010-06-17,,,889.7,950,
2010-06-18,,,898,950,
2010-06-22,,,901,950,
2010-06-23,,,898.5,950,
2010-06-24,,480,900.7,955,380
2010-06-25,,481,901.5,955,370
2010-06-28,,,901,955,
2010-06-29,,,903.4,946.5,
2010-06-30,,480.2,903.4,930,380
2010-07-01,,487.1,908,925,380
2010-07-02,,,915,935,
2010-07-05,,,919.5,935,
2010-07-06,,,933,935,390
2010-07-07,,,949.9,940,
2010-07-08,,,954,940,400
2010-07-12,,,969.8,945,
2010-07-13,,,980,945,370
2010-07-14,,,977,950,370
2010-07-15,,,988,950,388
2010-07-16,,,988,950,370
2010-07-19,,,964,955,
2010-07-20,,,978,955,355
2010-07-21,,,987,955,370
2010-07-22,,,997,955,370
2010-07-23,,,1000,960,370
2010-07-26,,,973.5,960,370
2010-07-27,,,991.5,960,370
2010-07-28,,502,1003.7,960,390
2010-07-29,,507.5,1012.5,965,400
2010-07-30,,515,1030,965,406
2010-08-02,,526,1026,970,420
2010-08-03,,515,1020,970,420
2010-08-04,,526,1035,995,422
2010-08-05,,536,1045,1010,447
2010-08-06,,530,1046,1010,450
2010-08-09,,530,1047,1030,450
2010-08-10,,525,1048,1040,
2010-08-11,,530,1043,1070,449
2010-08-12,,539,1056,1080,460
2010-08-13,,539.5,1058.5,1100,469.9
2010-08-17,,539.7,1050,1110,470
2010-08-18,,549.8,1051,1110,480
2010-08-19,,549.5,1038,1110,
2010-08-20,,549,1025,1110,
2010-08-23,,549,1035,1110,
2010-08-24,,536.4,1014.5,1090,480
2010-08-25,,541,1011,1070,480
2010-08-26,,545,1019,1070,492
2010-08-27,,550,1034.5,1070,500
2010-08-30,,550,1039.8,1060,495
2010-08-31,,,1036,1060,490
2010-09-01,,,1037,1060,490
2010-09-02,,,1037,1060,
2010-09-03,,,1055,1060,500
2010-09-06,,,1054,1060,
2010-09-07,,,1068,1060,500
2010-09-08,,,1069.7,1060,500
2010-09-09,,,1068.5,1070,500
2010-09-10,,,1058.5,1080,500
2010-09-13,,,1058.5,1080,510
2010-09-14,,,1058.5,1080,
2010-09-15,,,1059,1080,
2010-09-16,,,1047.5,1090,520
2010-09-17,,,1071.5,1090,520
2010-09-20,,,1081,1100,520
2010-09-21,,,1080.5,1110,
2010-09-22,,,1081,1120,510
2010-09-23,,,1082.5,1120,
2010-09-24,,,1100,1120,540
2010-09-27,,,1100,1130,540
2010-09-28,,,1100,1130,
2010-09-29,,580,1090,1130,
2010-09-30,,550,1080,1150,
2010-10-01,,,1050,,
2010-10-04,,550,1050.5,1130,
2010-10-05,,550,1070,1150,
2010-10-06,,570,1060,1150,
2010-10-08,,600,1103,1180,520
2010-10-12,,610,1148,1200,520
2010-10-13,,610,1157,1220,510
2010-10-14,,610,1166,1240,
2010-10-15,,,1166,1240,520
2010-10-18,,,1168,1240,530
2010-10-19,,,1184.5,1240,530
2010-10-20,,,1213,1250,530
2010-10-21,,,1213.5,1260,525
2010-10-22,,,1214.5,1270,540
2010-10-25,,,1225,1290,550
2010-10-26,,,1233.5,1290,550
2010-10-28,,,1252,1310,550
2010-10-29,,,1251.8,1310,550
2010-11-01,,,1258,1320,550
2010-11-02,,,1259,1320,540
2010-11-03,,,1262,1330,
2010-11-04,,,1295,1360,540
2010-11-05,,,1301,1380,
2010-11-08,,,1307,1380,550
2010-11-09,,,1361,1400,560
2010-11-10,,,1359,1400,564
2010-11-11,,,1369,1410,560
2010-11-12,,,1300,1372,
2010-11-15,,,1327,1350,540
2010-11-16,,,,1323,540
2010-11-17,,665,1259,1290,540
2010-11-18,,,1285,1310,550
2010-11-19,,,1280,1310,540
2010-11-23,,,1292,1300,540
2010-11-24,,,1306.5,1310,550
2010-11-25,,,1309,1310,550
2010-11-26,,,1307,1310,550
2010-11-29,,,1302,1310,540
2010-11-30,,,1302.5,1325,530
2010-12-01,,,1321,1335,535
2010-12-02,,,1325,1335,
2010-12-03,,,1342,1350,
2010-12-06,,,1336,1350,540
2010-12-07,,,1341,1350,550
2010-12-09,,,1341.5,1365,550
2010-12-10,,,1341,1370,550
2010-12-13,,,1364,1380,
2010-12-14,,670,1364,1380,550
2010-12-15,,,1380,1380,
2010-12-16,,,1367,1380,
2010-12-17,,,1360,1380,
2010-12-20,,,1380,1400,580
2010-12-21,,,1393,1420,580
2010-12-22,,,1397,1440,580
2010-12-23,,,1404,1460,
2010-12-27,,,1448.5,1460,
2010-12-28,,,1454.5,1480,
2010-12-29,,,1447.5,1480,
2010-12-30,,,1447,1500,
2011-01-03,,,1467,1500,600
2011-01-04,,,1434,1520,
2011-01-05,,,1443,1520,600
2011-01-06,,,1422,1520,600
2011-01-07,,,1398,,
2011-01-10,,,1432,,610
2011-01-11,,,1410,,610
2011-01-12,,710,1468,,620
2011-01-13,,730,1461,,630
2011-01-14,,720,1452,,
2011-01-19,,750,,,
2011-01-24,,760,1402,,
2011-01-25,,749,1388,,
2011-01-26,,769.9,1403,,
2011-01-27,,755,1414,,
2011-01-28,,750,1414.5,,650
2011-01-31,,750,1426.5,,
2011-02-01,,756,1427,,700
2011-02-02,,767.5,1430.2,,700
2011-02-03,,769.4,1436.9,,683
2011-02-04,,770,1429,,690
2011-02-07,,768,1427,,
2011-02-08,,775,1435,,
2011-02-09,,790,1455,,
2011-02-10,,790,1460,,
2011-02-11,,800,1425,,701
2011-02-14,,790,1412,,
2011-02-15,,,1375,,
2011-02-16,,760,1362,,
2011-02-17,,770,1393,,
2011-02-18,,,1359,,
2011-02-21,,766,1355,,700
2011-02-22,,750,,,
2011-02-23,,765,1323,,750
2011-02-24,,750,1332,1515,
2011-02-25,,,1380,1515,760
2011-02-28,,780,1375,1516,790
2011-03-01,,785,1378.5,1516,
2011-03-02,,786,1393.5,1516,
2011-03-03,,790,1400,1515,740
2011-03-04,,,1387,1517,
2011-03-09,,760,1330,1517,
2011-03-10,,,1315.5,1516.5,680
2011-03-11,,,1303,1491,
2011-03-14,,,1300,1456,
2011-03-15,,,1244,1416,
2011-03-16,,719.6,1260,1405,
2011-03-17,,720,1296,1380,630
2011-03-18,,,1331.5,1380,650
2011-03-21,,,1314,1375,650
2011-03-22,,,1301,1380,640
2011-03-23,,,1296,1380,640
2011-03-28,,700,1288,1380,650
2011-03-29,,700,1287,1380,650
2011-03-30,,700,1288,1380,650
2011-03-31,,740,1312,1380,692
2011-04-01,,762,1288,1390,729
2011-04-04,,,1284,1390,755
2011-04-05,,,1275,1460,760.7
2011-04-06,,,1286,1460,750
2011-04-07,,,1270,1460,
2011-04-08,,,1280,1460,750
2011-04-11,,,1280,1460,755
2011-04-12,,,1250,1460,730
2011-04-13,,,1250,1430,
2011-04-14,,,1250,1430,
2011-04-15,,,1252,1430,708
2011-04-18,,,1263,1400,729
2011-04-19,,,1266.5,1400,740
2011-04-20,,,1301,1400,760
2011-04-25,,,1309,1400,749
2011-04-26,,,1304,1400,750
2011-04-27,,,1301,1380,730
2011-04-28,,,1256,,
2011-04-29,,,1300,1380,730
2011-05-02,,,1297,1380,700
2011-05-03,,,1280,1380,
2011-05-04,,,1275,1370,
2011-05-05,,,1255,,
2011-05-06,,,1260,1320,
2011-05-09,,,1263.5,1320,669
2011-05-10,,,1276,1320,672
2011-05-11,,,1265,1320,
2011-05-12,,,1280,1320,
2011-05-13,,,1273,1320,
2011-05-16,,,1268,,650
2011-05-17,,727,1272,,660
2011-05-18,,748.5,1299,,700
2011-05-19,,,1292,,
2011-05-20,,,1300.5,,
2011-05-23,,,1285,,
2011-05-24,,,1287,,
2011-05-26,,,1297,1350,717
2011-05-27,,,1280,1390,720
2011-05-30,,,1280,1400,
2011-05-31,,,1276,1420,
2011-06-01,,,1285,1450,720
2011-06-02,,,1302,1460,718
2011-06-03,,,1314,,
2011-06-06,,,1283,,
2011-06-07,,,1296,,
2011-06-08,,,1309,,720
2011-06-09,,,1307,,735
2011-06-10,,,1299,,
2011-06-13,,,1289,,725
2011-06-14,,,1272,1500,
2011-06-15,,,1299,1480,
2011-06-16,,,1275,1460,
2011-06-17,,,1250,1460,
2011-06-21,,,1288,1460,650
2011-06-22,,,1261,1450,
2011-06-23,,,1242,,
2011-06-24,,,1240,,
2011-06-27,,,1250,,
2011-06-28,,,1263.5,,595
2011-06-29,,,1272,,610
2011-07-01,,,1255,,
2011-07-04,,,1253,,511
2011-07-05,,,1269,,570
2011-07-06,,,1270,,575
2011-07-07,,,1288.5,,600
2011-07-08,,,1296,,600
2011-07-11,,,1296,,600
2011-07-12,,,1300.1,,625
2011-07-13,,,1324,,650
2011-07-14,,,1324.5,,700
2011-07-15,,,1319,,699
2011-07-18,,,1321,,
2011-07-19,,,1320,,680
2011-07-20,,,1320,,695
2011-07-21,,,1320,,700
2011-07-22,,,1319,,665
2011-07-25,,,1298,,
2011-07-26,,,1324,,
2011-07-27,,,1318,,660
2011-07-28,,,1320,,650
2011-07-29,,,1305,,
2011-08-01,,,1310,,
2011-08-02,,,1327,,670
2011-08-03,,,1330,,708
2011-08-04,,,1308,,
2011-08-05,,,1305,,
2011-08-08,,,1273,,
2011-08-09,,,1277.2,,
2011-08-10,,,1287,,
2011-08-11,,,1318,,700
2011-08-12,,,1329,,
2011-08-15,,,1330,,700
2011-08-16,,,1330,,700
2011-08-17,,,1339,,746
2011-08-18,,,1328.5,,
2011-08-19,,,1335,,722.5
2011-08-23,,,1350.5,,750
2011-08-24,,,1350,,760
2011-08-25,,,1350,,760
2011-08-26,,,1368,,799
2011-08-29,,,1378,,799
2011-08-30,,,1385,,
2011-08-31,,,1390.5,,
2011-09-01,,,1378,,750
2011-09-02,,,1384,,790
2011-09-06,,,1355,,
2011-09-08,,,1355,,
2011-09-09,,,1375,,
2011-09-14,,,1358,,
2011-09-15,,,1335,,
2011-09-19,,,1294.6,,
2011-09-20,,,1296,,
2011-09-21,,,1295,,
2011-09-29,,,1249,,
2011-10-03,,,1223,,
2011-10-04,,,1217,,
2011-10-05,,,1214,,
2011-10-11,,,1265,,700
2011-10-12,,,1265,,745
2011-10-13,,,1280,,750
2011-10-14,,,1300,,750
2011-10-17,,,1285,,750
2011-10-18,,,1283,,
2011-10-19,,,1270,,
2011-10-21,,,,,750
2011-10-24,,,1293,,749
2011-10-25,,,1290,,750
2011-10-27,,,1295,,750
2011-11-03,,,1271,,
2011-11-04,,,1275,,700
2011-11-07,,,,,700
2011-11-08,,,1272,,700
2011-11-09,,,1262,,
2011-11-11,,,1252,,
2011-11-14,,,1253,,
2011-11-15,,,1279.5,,
2011-11-16,,,1260,,650
2011-11-17,,,1228,,
2011-11-24,,,,,600
2011-11-25,,,,,600
2011-11-29,,529,1183,,630
2011-11-30,,,1210,,
2011-12-01,,,1190,,
2011-12-02,,,1203,,
2011-12-05,,,1198,,
2011-12-06,,,1199.8,,
2011-12-07,,,1199,,
2011-12-12,,,1184,,
2011-12-13,,,1193,,
2011-12-14,,,1175,,
2011-12-15,,,1180,,
2011-12-16,,,1197,,
2011-12-19,,,1206,,700
2011-12-20,,,1218,,
2011-12-21,,,1224,,
2011-12-22,,,1231,,680
2011-12-27,,,1269,,700
2011-12-28,,639,1269,,
2012-01-03,,,1290,,
2012-01-04,,,1292,,
2012-01-05,,,1285,,700
2012-01-06,,,1280,,
2012-01-09,,,1303,,
2012-01-10,,,1303,,
2012-01-11,,,1290,,
2012-01-17,,,1286,,
2012-01-18,,,1288,1280,
2012-01-19,,715,1300,1295,
2012-01-20,,,1300,1295,
2012-01-23,,,1334,1290,
2012-01-24,,,1345,1290,
2012-01-25,,,1360,,
2012-01-26,,,1363,1290,
2012-01-27,,,1363,1290,
2012-01-30,,,,1276,
2012-01-31,,,1332.5,1247,
2012-02-01,,,1343,1247,
2012-02-02,,,1351,1244,
2012-02-03,,,1360,1244,
2012-02-06,,,1363,,
2012-02-07,,,1364,,
2012-02-08,,,1363,1280,
2012-02-09,,,1363,,
2012-02-10,,,1335,1290,
2012-02-13,,,1365,,
2012-02-14,,,1369.5,,600
2012-02-15,,,1367.5,,600
2012-02-16,,,1350,1290,
2012-02-17,,,1360,,
2012-02-22,,,1360,,
2012-02-23,,,1360,,
2012-02-24,,,1360,,
2012-02-28,,,1380,,640
2012-02-29,,,1382,,650
2012-03-01,,,1380,,650
2012-03-02,,,1380,,
2012-03-05,,,1370,,
2012-03-06,,,1381,,650
2012-03-07,,,1368,,
2012-03-08,,,1374,1268,647
2012-03-09,,,1362,,
2012-03-12,,,1369,1258,670
2012-03-13,,,1390,1260,670
2012-03-14,,,1401,1260,670
2012-03-15,,,1427,1260,670
2012-03-16,,,1420,1260,670
2012-03-19,,,1400,1260,
2012-03-20,,,1377,,
2012-03-21,,,1396.4,,
2012-03-22,,,1396,1277,650
2012-03-23,,,1415,1280,
2012-03-26,671,,1428,1280,700
2012-03-27,,,1446.5,1280,670
2012-03-28,,,1446,1290,650
2012-03-29,,,1439.8,1290,
2012-03-30,,,1482.5,1300,700
2012-04-03,,,1500,1302.6,700
2012-04-04,,,1497,,
2012-04-09,,,1497,,681
2012-04-10,,,1495.5,,650
2012-04-11,,,1497,1400,650
2012-04-12,,,1518,1445,650
2012-04-13,,,1523.5,1510,
2012-04-16,,,1509,1510,
2012-04-17,,,1516,,630
2012-04-18,,,1501,,
2012-04-19,,,1511,,630
2012-04-20,,,1526,,630
2012-04-23,,,1527.5,,630
2012-04-24,,,1549,,630
2012-04-25,,,1559,,638
2012-04-26,,,1549,,650
2012-04-27,,,1560,,660
2012-05-02,,,1561,,
2012-05-03,,,1543,,
2012-05-04,,,1542,,
2012-05-07,,,1533,,
2012-05-08,,,1522,,
2012-05-09,,,1515,,
2012-05-10,,,1540.5,,
2012-05-15,,,1516,,590
2012-05-16,,,1525,,620
2012-05-17,,,1536,,650
2012-05-18,,,1528,,660
2012-05-21,,,1532,,650
2012-05-22,,,1520,,
2012-05-23,,,1495,,
2012-05-24,,,1507,,
2012-05-28,,,1508,,
2012-05-29,,,1511,,
2012-05-30,,,1500,,600
2012-06-01,,,1479,,600
2012-06-04,,,1470,,600
2012-06-05,,,1492,,600
2012-06-13,,,1521,,578
2012-06-14,,,1495,,580
2012-06-15,,,1488,,580
2012-06-18,,,1515,,580
2012-06-19,,,1565,,
2012-06-21,,,1576,,
2012-06-22,,,1600,,
2012-06-25,,,1630,,638
2012-06-26,,,1620,,640
2012-06-27,,,1634,,657
2012-06-28,,,1623,,
2012-06-29,,,1645,,
2012-07-02,,,1670,,650
2012-07-03,,,1697,,
2012-07-04,,,1697,,
2012-07-05,,,1712,,
2012-07-10,,,1728,,
2012-07-12,,,1721,,700
2012-07-13,,,1720,,720
2012-07-16,,,1750,,730
2012-07-17,,,1750,,730
2012-07-18,,,1767,,720
2012-07-19,,,1810,,750
2012-07-20,,,1832,,750
2012-07-23,,,1800,,
2012-07-25,,,,,740
2012-07-27,,,1780,,
2012-07-30,,,1802,,
2012-07-31,,,1800,,
2012-08-08,,,1774,,
2012-08-09,,,1811,,
2012-08-10,,,1810,,
2012-08-21,,,1923,,
2012-08-27,,,,,820
2012-08-28,,,1959,,
2012-08-29,,,1989,,820
2012-08-30,,,2000,,820
2012-10-04,,,1899,,
2012-10-05,,,1899,,
2012-10-09,,,1899,,
2012-10-10,,,1869,,
2012-10-11,,,1899,,
2012-10-12,,,1878,,
2012-10-22,,,,,830
2012-11-05,,,1974,,
2012-11-06,,,1974.5,,
2012-11-07,,,1975,,
2012-11-08,,,1969,,
2012-11-21,,,1915,,
2012-11-28,,,1959,,
2012-11-29,,,1967,,
2012-12-06,,,2000,,
2012-12-10,,,2000,1735,
2012-12-11,,,,1735,
2012-12-12,,,,1735,
2012-12-13,,,,1750,
2012-12-14,,,,1780,
2012-12-17,,,,1790,
2012-12-18,,,,1774,
2012-12-19,,,,1770,
2012-12-20,,,,1770,800
2012-12-21,,,,,800
2013-01-02,,,,1750,
2013-01-07,,,,,750
2013-01-08,,,,,800
2013-01-10,,,,1800,800
2013-01-11,,,,1800,
2013-01-14,,,,1800,
2013-01-15,,,,1780,
2013-01-16,,,,1720,
2013-01-17,,,,1735,
2013-01-18,,,,1735,
2013-01-21,,,,1745,
2013-01-22,,,,1765,
2013-01-23,,,,1755,
2013-01-24,,,,1760,
2013-01-25,,,,1760,
2013-01-28,,,,1763,
2013-01-29,,,,1764,
2013-01-30,,,,1765,
2013-02-01,,,1825,1767,
2013-02-04,,,,1757,
2013-02-05,,,,1750,880
2013-02-06,,,,1733,
2013-02-07,,,,1734,
2013-02-08,,,,1717,
2013-02-13,,,,1725,850
2013-02-14,,,,1723,
2013-02-15,,,,1729,850
2013-02-18,,,,1720,
2013-02-19,,,,1720,
2013-02-21,,,,1726,850
2013-02-22,,,,1733,850
2013-02-25,,,,1733,850
2013-02-26,,,,1730,850
2013-02-27,,905,1715,1725,
2013-02-28,,910,1782.5,1721,865
2013-03-01,,,1730,1721,865
2013-03-04,,,1790,,840
2013-03-05,,,1802,,840
2013-03-06,,,1790,,
2013-03-07,,,1802,1725,
2013-03-08,,,1803,,
2013-03-11,,,1807,1760,795
2013-03-12,,,1824,1788,820
2013-03-13,,,1813,,823
2013-03-14,,,1740,1840,
2013-03-15,,,1740,1842,
2013-03-18,,,,1842,
2013-03-19,,,1633,1810,850
2013-03-20,,,1640,1800,860
2013-03-21,,,1674,1800,860
2013-03-22,,,,1800,850
2013-03-25,,,,1800,
2013-03-26,,,1665,1800,830
2013-03-27,,,1660,1810,845
2013-04-03,,,,1810,
2013-04-04,,,1588,1810,
2013-04-05,,,1579,,700
2013-04-08,,,1598,1810,720
2013-04-09,,,1608,1805,
2013-04-10,,,1599,,750
2013-04-11,,,1619,1805,
2013-04-12,,,1643,1795,
2013-04-15,,,1625,1790,
2013-04-16,,,1649,1780,800
2013-04-17,,,1663,1780,820
2013-04-18,,,1704,1780,820
2013-04-19,,,1685,1780,820
2013-04-22,,,1643,1775,
2013-04-23,,,1645,1775,
2013-04-24,,,,1770,785
2013-04-25,,,1657,1770,
2013-04-26,,,1660,1770,
2013-04-29,,,1678,1765,850
2013-04-30,,,1698,1765,850
2013-05-02,,,1658,1765,850
2013-05-03,,935,1683,1765,
2013-05-06,,950,,1765,
2013-05-07,,950,,,850
2013-05-08,,946,1698,1765,850
2013-05-09,,940,1704,1765,860
2013-05-10,,,1700,1765,840
2013-05-13,,950,1717,1765,859
2013-05-14,,960,1723,1780,852
2013-05-15,,965,1711,,850
2013-05-16,,,1720,,860
2013-05-17,,,1730,,846
2013-05-20,,,1745,,
2013-05-21,,,1758,,845
2013-05-22,,,1772.5,,865
2013-05-23,,,1784.5,,870
2013-05-24,,,1753,,868
2013-05-27,,,1720,,860
2013-05-28,,,,,889
2013-05-29,,,,,870
2013-05-30,,,,,849
2013-05-31,,,,,870
2013-06-03,,,,,850
2013-06-04,,,1740,,852
2013-06-05,,,1737,,
2013-06-06,,1068,,,863
2013-06-07,,,,,891
2013-06-10,,1080,,,
2013-06-11,,1070,1720,,860
2013-06-12,,,,,850
2013-06-13,,1075,,,850
2013-06-14,,,,,850
2013-06-24,,,,,850
2013-06-25,2500,,,,849
2013-06-26,,980,1715,,850
2013-06-27,2400,950,1714,,845
2013-06-28,,950,,,
2013-07-01,,930,1722,,
2013-07-02,2400,930,1722,,
2013-07-03,,,,,780
2013-07-08,,,1745.5,,
2013-07-10,,940,,,850
2013-07-11,,,,,851
2013-07-12,,950,,,
2013-07-15,,955,1750,,800
2013-07-16,,960,1780,,848
2013-07-17,,960,,,820
2013-07-18,,935,,,
2013-07-19,,921,,1630,
2013-07-22,,921,,,800
2013-07-26,,,,,750
2013-07-29,,846,,,760
2013-07-30,,847,,,
2013-07-31,,847,,,770
2013-08-01,,848,,,
2013-08-05,,822,,,
2013-08-06,,830,1617,,730
2013-08-07,,830,1627,,730
2013-08-08,,830,1650,,750
2013-08-09,,830,1645,,760
2013-08-12,,830,1695,,796
2013-08-13,,830,1700,,775
2013-08-14,,830,1715,,770
2013-08-15,,832,1755,,797
2013-08-16,,832,1769,,800
2013-08-20,,833,1798,,835
2013-08-21,,875,1804,,850
2013-08-22,,865,1801,,850
2013-08-23,,875,1812,,
2013-08-26,,895,1878,,875
2013-08-27,,895,1880,,875
2013-08-28,,890,,,855
2013-08-29,,870,1880,,850
2013-08-30,,850,,,850
2013-09-02,,857,1885,,850
2013-09-03,,860,1927,,860
2013-09-04,,855,1900,,
2013-09-05,,845,1925,,875
2013-09-06,,850,1935,,875
2013-09-09,,849,1935,,865
2013-09-10,,870,1943,,850
2013-09-11,,880,1951.5,,850
2013-09-12,,890,1985,,850
2013-09-13,,870,1972,,
2013-09-16,,870,,,
2013-09-17,,,1930,,850
2013-09-18,,,1942,,850
2013-09-19,,,1941,,850
2013-09-20,,,1940,,850
2013-09-23,,,1938,,830
2013-09-24,,,1940,,
2013-09-26,,,1950,,
2013-09-30,,850,,,
2013-10-01,,850,1905,,
2013-10-02,,850,1923,,
2013-10-03,,852,1962,,
2013-10-04,,853,1968,,
2013-10-08,,860,1975,,
2013-10-09,,,1990,,
2013-10-10,,,2004,,
2013-10-11,,,1987,,
2013-10-16,,,2005,,
2013-10-17,,,2015,,
2013-10-18,,880,,,865
2013-10-21,,,2026,,855
2013-10-22,,,2026,,855
2013-10-23,,,2050,,870
2013-10-24,,,,,870
2013-10-25,,,,,877
2013-10-28,,,,,870
2013-10-30,,,,,900
2013-10-31,,,2025,,
2013-11-01,,,2018,,
2013-11-04,,998,2024,,
2013-11-05,,,2031,,
2013-11-06,,,2034,,
2013-11-07,,,2039,,950
2013-11-08,,,2068,,950
2013-11-11,,,2080,,
2013-11-12,,,2097,,950
2013-11-13,,1043,2100,,950
2013-11-14,,,2118,,950
2013-11-15,1370,1040,2100,,950
2013-11-18,1360,,2105,,
2013-11-19,1310,,2096,,900
2013-11-20,1310,,2099,,
2013-11-21,1324,,2113,,880
2013-11-22,1323,,,,
2013-11-27,,,,,880
2013-11-29,1340,,,,
2013-12-02,1345,,,,850
2013-12-03,1370,,,,850
2013-12-04,1370,,,,850
2013-12-05,1380,,,,
2013-12-06,1380,,,,
2013-12-09,1380,,,,820
2013-12-10,1390,,,,
2013-12-11,1400,,,,820
2013-12-12,1400,,,,
2013-12-13,1400,,,,810
2013-12-16,1400,,,,800
2013-12-17,1405,,2115,,800
2013-12-18,1420,,2117,,
2013-12-19,1450,,2118,,800
2013-12-23,,,,,780
2013-12-30,1450,,,,
2014-01-03,1450,,,,750
2014-01-06,1450,,,,
2014-01-07,1450,,,,
2014-01-08,1450,,,,800
2014-01-09,1450,,,,800
2014-01-10,1450,,2137,,
2014-01-14,1450,,,,850
2014-01-15,1450,,2197,,850
2014-01-16,1450,,2210,,
2014-01-17,1450,,,,
2014-01-20,1450,,,,
2014-01-21,1500,,,,
2014-01-22,1580,,,,970
2014-01-23,1600,,,,
2014-01-24,1600,,2580,,1000
2014-01-27,,,2578,,1000
2014-01-28,1650,1200,2590,,
2014-01-29,1700,1200,2590,,1050
2014-01-30,1700,1205,2608,,1050
2014-01-31,1790,,2621,,
2014-02-03,1790,1225,2642,,
2014-02-04,1770,1225,2693,,1100
2014-02-05,1760,1220,2665,,1100
2014-02-06,1760,1240,2720,,1100
2014-02-07,1760,1240,2768,,
2014-02-10,1790,1250,2762,,1050
2014-02-11,1810,,2695,,1050
2014-02-12,1795,1220,2695,,1050
2014-02-13,1750,,2762,,
2014-02-14,1750,1210,2743,,1050
2014-02-17,1750,,2715,,
2014-02-18,1750,1225,2766,,1050
2014-02-19,1750,1250,2775,,1050
2014-02-20,1745,1255,2768,,1050
2014-02-21,1750,1260,2707,,1050
2014-02-24,1740,,2730,,1050
2014-02-25,1745,1280,2740,,1050
2014-02-26,1747,1290,2758,,1050
2014-02-27,1747,,2810,,1050
2014-02-28,1747,,2815,,1050
2014-03-05,1750,1300,2830,,1050
2014-03-06,1800,1318,2870,,1050
2014-03-07,1800,1350,2971,2310,1100
2014-03-10,1790,1320,2640,2370,1050
2014-03-11,1796,1320,2640,,1050
2014-03-12,1803,1307,2580,2395,1050
2014-03-13,1800,1300,2583,,1050
2014-03-14,1800,1300,2583,,1050
2014-03-17,1800,1285,2650,,1050
2014-03-18,1800,1290,2685,2370,1030
2014-03-19,1800,1300,2730,,
2014-03-20,1800,1300,2715,,
2014-03-21,1800,1290,2480,,1050
2014-03-25,,1300,2445,,1050
2014-03-26,,1300,2445,,1040
2014-03-27,,1310,2449,,
2014-03-28,,1320,2450,,1030
2014-03-31,,1320,2470,,
2014-04-01,,1360,2510,,
2014-04-03,,1380,2458,,
2014-04-04,,1372,2450,2400,
2014-04-07,,1390,2445,2400,1000
2014-04-08,,1410,2461,,1000
2014-04-09,,1420,2500,,
2014-04-10,,,2472,,1050
2014-04-11,,1420,2440,,1050
2014-04-14,,1420,2445,2400,1050
2014-04-15,,1420,2494,,1050
2014-04-16,,1420,2500,,1075
2014-04-21,,1478,2440,,1020
2014-04-22,,1468,2448,2400,1030
2014-04-23,,1450,2450,2400,1050
2014-04-24,,1420,2420,2400,1050
2014-04-25,,1416,2470,2400,1050
2014-04-28,,1402,2500,2400,1030
2014-04-29,,1409,2507,2400,1050
2014-04-30,,1412,2498,2400,
2014-05-05,,1400,2449,,
2014-05-06,,1420,2453,,
2014-05-07,,1480,2455,,1080
2014-05-08,,1460,2500,,
2014-05-09,,1460,2518,,
2014-05-12,,1450,2510,,
2014-05-13,,1450,2550,,1080
2014-05-14,,1440,2554,2400,1100
2014-05-15,,1410,2575,,
2014-05-16,,1450,2562,,1030
2014-05-19,,1450,2600,,1030
2014-05-20,,1460,2605,,1100
2014-05-21,,1480,2612,,1100
2014-05-22,,1500,2651,,1100
2014-05-23,,,2640,,1100
2014-05-26,,,2620,,1100
2014-05-27,,,,,1060
2014-05-28,,1355,2600,,1050
2014-05-29,,1385,2620,,1050
2014-05-30,,1266,2590,,1070
2014-06-02,,1270,2615,,1050
2014-06-03,,1310,2565,,1050
2014-06-04,,1295,2565,,1050
2014-06-05,,,2550,,1050
2014-06-06,,,2550,,1051
2014-06-09,,1265,2530,,1020
2014-06-10,,1260,2534,,1020
2014-06-11,,1250,2519,,1020
2014-06-12,,1250,2448,,1015
2014-06-13,,1250,2449,,1033
2014-06-16,,1250,2450,,1025
2014-06-17,,1250,2445,,1030
2014-06-18,,1246,2460,,1020
2014-06-19,,1248,2498,,1030
2014-06-23,,1250,2505,,1022
2014-06-24,,1216,2480,,1013
2014-06-25,,1230,2500,,1005
2014-06-26,,1200,2525,,1000
2014-06-27,,1210,2520,,1010
2014-06-30,,,,,950
2014-07-01,,1150,2413,,940
2014-07-02,,1160,2425,,930
2014-07-03,,1170,2410,,930
2014-07-04,,1140,,,920
2014-07-07,,1125,2390,,900
2014-07-08,,1125,,,900
2014-07-10,,1100,2370,,880
2014-07-11,,,2343,,880
2014-07-14,,1100,2360,,880
2014-07-15,,1100,2352,,885
2014-07-16,,1110,2393,,890
2014-07-17,,1140,2405,,899
2014-07-18,,1140,2410,,900
2014-07-21,,1080,2410,,860
2014-07-22,,1092,2440,,860
2014-07-23,,1110,2463,,880
2014-07-24,,1128,2490,,
2014-07-25,,1085,2480,,
2014-07-28,,1090,2509,,
2014-07-29,,1095,2500,,
2014-07-30,,1090,,,
2014-07-31,,1100,,,900
2014-08-01,,1095,2375,,890
2014-08-04,,1090,,,900
2014-08-05,,1080,2408,,880
2014-08-06,,1070,2431,,
2014-08-07,,1050,2440,,870
2014-08-08,,,2457,,870
2014-08-11,,1025,2498,,865
2014-08-12,,1020,,,890
2014-08-13,,1015,2420,,870
2014-08-14,,1002,2461,,890
2014-08-15,,1020,2465,,900
2014-08-19,,1007,,,870
2014-08-20,,996,,,860
2014-08-21,,995,2405,,900
2014-08-22,,1002,2430,,900
2014-08-25,,1000,,,900
2014-08-26,,998,,,900
2014-08-27,,993,,,880
2014-08-28,,995,2369,,900
2014-08-29,,995,2380,,
2014-09-01,,990,2380,,890
2014-09-02,,988,2389,,893
2014-09-03,,973,2307,,860
2014-09-04,,965,2265,,850
2014-09-05,,970,2310,,850
2014-09-08,,960,,,840
2014-09-09,,945,2288,,
2014-09-10,,950,2282,,
2014-09-11,,935,,,
2014-09-12,,,2265,,830
2014-09-15,,,2282,,
2014-09-16,,,2275,,830
2014-09-17,,,2295,,830
2014-09-18,,910,2270,,820
2014-09-19,,,2235,,820
2014-09-22,,,2180,,800
2014-09-23,,,2210,,
2014-09-24,,860,2225,,810
2014-09-25,,860,2235,,800
2014-09-26,,850,2235,,
2014-09-29,,850,2280,,
2014-09-30,,,2275,,
2014-10-01,,830,,,
2014-10-02,,845,,,
2014-10-03,,850,,,
2014-10-06,,880,,,
2014-10-08,,915,2238,,
2014-10-09,,930,2275,,850
2014-10-10,,928,,,
2014-10-14,,970,2320,,850
2014-10-15,,975,2320,,870
2014-10-16,,950,2342,,885
2014-10-17,,950,2320,,
2014-10-20,,950,2295,,
2014-10-21,1200,960,2350,,890
2014-10-22,1120,960,2375,,890
2014-10-23,1100,978,2399,,890
2014-10-24,1100,980,2383,,
2014-10-27,1100,998,2447,,
2014-10-28,1100,1000,2498,,950
2014-10-29,,1010,2543,,
2014-10-30,,1015,,,940
2014-10-31,,1010,2500,,
2014-11-03,1100,1010,2475,,940
2014-11-04,,1008,2446,,
2014-11-05,,1005,2453,,950
2014-11-06,1100,1005,2493,,950
2014-11-07,1100,1000,2480,,950
2014-11-10,1100,1020,2470,,970
2014-11-11,1100,1020,2490,,970
2014-11-12,,1020,2499,,
2014-11-13,1110,1020,2505,,995
2014-11-14,,1020,2460,,995
2014-11-17,,,2475,,990
2014-11-18,,,2470,,990
2014-11-19,,,2440,,
2014-11-20,,,2450,,
2014-11-21,,1000,2460,,1010
2014-11-25,,1000,2500,,1020
2014-11-26,,1000,2490,,
2014-11-27,,1000,,,
2014-11-28,,1013,,,
2014-12-01,,1045,,,
2014-12-02,,1030,,,
2014-12-03,,1020,2350,,
2014-12-04,,1035,2415,,
2014-12-05,,1020,2490,,1050
2014-12-09,,1010,2538,,1050
2014-12-10,,,2430,,
2014-12-11,1000,1020,2515,,
2014-12-12,1000,1020,2500,,
2014-12-15,,,2500,,
2014-12-16,,1005,,,
2014-12-17,,1010,,,
2014-12-18,,1010,2465,,
2014-12-19,,1010,,,
2014-12-22,,1010,2480,,
2014-12-23,,,2500,,
2014-12-29,,950,2510,,
2014-12-30,,940,2500,,
2015-01-02,,940,2410,,
2015-01-05,,950,2509,,
2015-01-06,,950,2518,,
2015-01-07,,950,2500,2415,
2015-01-08,,955,2495,2420,
2015-01-09,,960,2505,2400,
2015-01-12,,970,2445,2330,
2015-01-13,,1010,2445,2340,
2015-01-14,,995,2455,2340,
2015-01-15,,995,2400,2340,950
2015-01-16,,1000,2430,2340,950
2015-01-19,,1003,2440,2340,
2015-01-20,,1030,2427,,950
2015-01-21,,1030,2457,2280,950
2015-01-22,,1030,2457,,950
2015-01-23,,1030,2430,,970
2015-01-26,,1010,2410,2270,970
2015-01-27,,990,2400,2260,960
2015-01-28,,990,2400,2250,960
2015-01-29,,980,2380,2240,950
2015-01-30,,990,2310,,950
2015-02-02,,985,2310,,950
2015-02-03,,990,2378,,950
2015-02-04,,1000,2335,,970
2015-02-05,,1000,2360,,1000
2015-02-06,,1000,2345,,1000
2015-02-09,,995,2345,1970,1000
2015-02-10,,990,2340,1970,980
2015-02-11,,985,2360,1973,970
2015-02-12,,980,2380,1973,970
2015-02-13,,953,2400,1974,950
2015-02-18,,920,2400,1975,950
2015-02-19,,960,2405,1977,950
2015-02-20,,980,2402,1979,960
2015-02-23,,960,2390,,960
2015-02-24,,950,2400,,960
2015-02-25,,950,2350,,985
2015-02-26,,950,2300,,985
2015-02-27,,960,2300,,990
2015-03-02,,960,2240,,990
2015-03-03,,950,2250,,1000
2015-03-04,,960,2250,,1000
2015-03-05,,965,2298,,1010
2015-03-06,,960,2360,,1030
2015-03-09,,965,2405,,1050
2015-03-10,,960,2400,,1050
2015-03-11,,960,,,1050
2015-03-12,,950,2195,,1050
2015-03-13,,940,2180,,1050
2015-03-16,,920,2105,,1020
2015-03-17,,920,2045,,1000
2015-03-18,,910,2000,,1005
2015-03-19,,915,1970,,1000
2015-03-20,,935,1975,,1025
2015-03-25,,955,1965,,1050
2015-03-26,,970,1960,,1050
2015-03-27,,972,1947,,
2015-03-30,860,980,1935,,1060
2015-03-31,900,950,1928,,1060
2015-04-01,,940,1945,,1030
2015-04-06,900,930,1920,,1030
2015-04-07,900,950,1895,,1030
2015-04-08,900,965,1900,,1030
2015-04-09,,965,1885,,
2015-04-10,,970,1848,,
2015-04-13,,970,1843,,
2015-04-14,,990,1900,,1050
2015-04-15,,995,1922,,1050
2015-04-16,,1000,1923,,1055
2015-04-17,,1010,1928,,1100
2015-04-20,,1010,1967,1820,1105
2015-04-21,,1015,1945,1830,1105
2015-04-22,,1030,1907,1830,1140
2015-04-23,,1060,1927,1830,1150
2015-04-24,,1030,1890,1830,1100
2015-04-27,,995,1897,1840,1050
2015-04-28,,985,1915,1840,1050
2015-04-29,,965,1927,1840,1050
2015-04-30,,950,1915,1840,1050
2015-05-04,960,960,1920,1850,
2015-05-05,970,955,1946,1870,1010
2015-05-06,970,1000,1960,1870,1040
2015-05-07,970,1000,1945,1880,
2015-05-08,970,1000,1945,1880,
2015-05-11,970,970,1885,1880,1010
2015-05-12,970,990,1890,1880,1000
2015-05-13,970,990,1895,1890,1010
2015-05-14,970,1000,1900,1890,1050
2015-05-15,970,990,1890,1890,1050
2015-05-18,990,990,,1890,1050
2015-05-19,,980,,,
2015-05-20,,970,1890,1890,1000
2015-06-01,,965,1850,,1000
2015-06-02,985,975,1902,,1050
2015-06-03,988,975,1910,,1055
2015-06-04,,985,1908,,1065
2015-06-05,,960,1900,,1098
2015-06-08,995,975,1920,,1095
2015-06-09,995,963,1930,,1059
2015-06-10,995,990,1900,,1050
2015-06-11,995,,1895,,1050
2015-06-12,970,928,1903,,1050
2015-06-15,,909,1875,,1000
2015-06-16,980,902,1910,,998
2015-06-17,970,900,1950,,980
2015-06-18,950,895,1950,1850,970
2015-06-19,950,870,1900,,
2015-06-22,950,870,1950,,
2015-06-23,949,860,1920,1850,930
2015-06-24,,845,1950,,
2015-06-25,,860,1975,,950
2015-06-26,,890,1980,,
2015-06-29,960,900,1920,,
2015-06-30,,910,2000,,
2015-07-01,,900,1995,,
2015-07-02,,907,2023,,
2015-07-03,,900,2020,,
2015-07-06,,890,2020,,
2015-07-07,,880,2003,1850,1020
2015-07-08,,880,2050,,
2015-07-10,,900,2105,,1050
2015-07-13,,885,2105,,1055
2015-07-14,,900,2115,,1010
2015-07-15,,930,2117,,
2015-07-16,,960,2130,,1000
2015-07-17,,910,2130,,
2015-07-20,980,880,2110,,950
2015-07-21,,900,2135,,950
2015-07-22,980,900,2180,,960
2015-07-23,980,900,2135,,960
2015-07-24,,890,,,950
2015-07-27,,850,,,
2015-07-28,,850,2030,,
2015-07-29,,850,2120,,870
2015-07-30,,,2100,,900
2015-07-31,,870,2050,,
2015-08-03,,900,2055,,890
2015-08-04,,870,2095,,850
2015-08-05,1000,875,2105,,
2015-08-06,,870,2090,,
2015-08-07,1000,870,2105,,
2015-08-10,,900,2160,,
2015-08-11,,900,2110,,
2015-08-12,,,,,900
2015-08-13,,900,2050,,900
2015-08-14,,,2050,,
2015-08-18,,905,2080,,900
2015-08-19,,908,2085,,900
2015-08-20,,910,2140,,
2015-08-21,,900,2130,,
2015-08-25,,,2140,,
2015-08-31,1025,920,2150,,
2015-09-01,1025,917,2120,,920
2015-09-02,1050,910,2130,,
2015-09-03,1050,900,2110,,970
2015-09-04,1050,900,2110,,970
2015-09-07,1020,900,,,
2015-09-08,1010,900,2120,,980
2015-09-09,1000,895,2130,,1000
2015-09-10,1000,900,2145,,1000
2015-09-11,1000,880,2145,,1000
2015-09-14,1000,900,2160,,1035
2015-09-15,1000,890,2155,,1050
2015-09-16,1000,905,2135,,1020
2015-09-17,990,900,2115,,1000
2015-09-18,,900,,,
2015-09-21,1000,898,2110,,
2015-09-22,1000,900,2095,,970
2015-09-23,1000,920,2100,,1000
2015-09-24,1000,935,2100,,1000
2015-09-25,1000,950,2140,,1010
2015-09-28,1000,950,2100,,1010
2015-09-29,1000,950,2145,,1020
2015-09-30,1000,1000,,,1025
2015-10-01,1000,995,,,1020
2015-10-02,1000,1000,,,1020
2015-10-05,1000,1000,2120,,1020
2015-10-06,1000,1000,2190,,1020
2015-10-08,1000,1030,2135,,1020
2015-10-09,1000,1040,2170,,1040
2015-10-13,1000,1040,2210,,1030
2015-10-14,1010,1040,2205,,1030
2015-10-15,1010,1090,2205,,
2015-10-16,1010,1070,2200,,
2015-10-19,1005,1070,2195,,
2015-10-20,1000,1055,2210,,1030
2015-10-21,1000,1050,2225,,1020
2015-10-22,1010,1060,2240,,1090
2015-10-23,1010,1070,2260,,1040
2015-10-26,1000,1100,2300,,1050
2015-10-27,1030,1150,2300,,1100
2015-10-28,1030,1180,,,1100
2015-10-29,1030,1190,2190,,1110
2015-10-30,1150,1200,2300,,1130
2015-11-02,1100,1180,,,1100
2015-11-03,1100,1190,2290,,1100
2015-11-04,,1200,2290,,1100
2015-11-05,1200,1210,,,1120
2015-11-09,1300,,,,1120
2015-11-10,1300,,,,1150
2015-11-11,1300,1200,2310,,1150
2015-11-12,1300,1200,2355,,1200
2015-11-13,1250,1210,2345,,1200
2015-11-16,1300,1210,,,1200
2015-11-17,1280,1210,2430,,1210
2015-11-18,1290,,2545,,1250
2015-11-19,1300,1300,2570,,1260
2015-11-20,1300,1290,2550,,1300
2015-11-23,1300,1300,,,1300
2015-11-24,1300,1300,,,
2015-11-25,1300,1300,,,
2015-11-26,,1300,,,
2015-11-30,,1290,,,
2015-12-01,,,,,1400
2015-12-02,,1310,,,
2015-12-04,,1350,2850,,
2015-12-09,,,2960,,1400
2015-12-10,,1500,3000,,1500
2015-12-11,,1500,3000,,
2015-12-14,,1500,3000,,
2015-12-15,,,3000,,
2015-12-16,,,,,1600
2015-12-17,1800,1850,,,2000
2015-12-18,1800,1890,3000,3400,2000
2015-12-21,1750,1850,2900,3440,
2015-12-22,1650,1820,3000,3440,
2015-12-23,1650,1810,3000,3440,
2015-12-28,1700,1795,2910,3480,
2015-12-29,1740,1780,2950,3470,
2015-12-30,1700,1785,3000,3470,1900
2016-01-04,1710,1780,2935,3530,
2016-01-05,1710,1780,3015,3650,2000
2016-01-06,1750,1900,3080,3700,2000
2016-01-07,1800,1900,3120,3700,2000
2016-01-08,1810,1995,3115,3700,2000
2016-01-11,1825,1995,3120,3700,2020
2016-01-12,1850,1955,3130,3650,2000
2016-01-13,1850,1955,3140,3630,2000
2016-01-14,1850,1980,3100,3550,2000
2016-01-15,1850,1970,3135,3590,2000
2016-01-18,1850,1980,3150,3590,2000
2016-01-19,1820,2000,3210,3600,2000
2016-01-20,1850,1995,3200,3580,2000
2016-01-21,1850,2000,3230,3600,2000
2016-01-22,1850,2070,3265,3610,2000
2016-01-25,1850,2100,3280,3680,2000
2016-01-26,1850,2110,3290,3690,2000
2016-01-27,1860,2120,3315,3700,2000
2016-01-28,1850,2140,3260,3700,2000
2016-01-29,1850,2140,3300,3700,2000
2016-02-01,,2145,3325,3785,
2016-02-02,1920,2190,3375,3785,1900
2016-02-03,1930,2200,3350,3790,1900
2016-02-04,1950,2220,3370,3800,
2016-02-05,,2250,3400,3850,
2016-02-10,,2200,3370,3880,
2016-02-11,,2210,3430,3920,
2016-02-12,,2250,3495,3950,
2016-02-15,,2230,3495,3960,
2016-02-16,,2240,3510,3990,
2016-02-17,,2275,3565,4000,
2016-02-18,,2300,3565,4010,2000
2016-02-19,,2330,3565,4010,
2016-02-22,1850,2330,3625,4090,2000
2016-02-23,1900,2320,3650,4100,2100
2016-02-24,,2320,3650,4270,2100
2016-02-25,,2300,3640,,2100
2016-02-26,,,3600,,2100
2016-02-29,,2270,3670,,2100
2016-03-01,2000,2300,3700,,2170
2016-03-02,2000,2290,3600,,
2016-03-03,,2280,3550,,2170
2016-03-04,,2215,3560,4077,2100
2016-03-07,,2215,3590,4130,2120
2016-03-08,,2215,3540,,
2016-03-09,,2250,3420,,
2016-03-10,,2230,3460,,
2016-03-11,2030,2210,3300,4000,2100
2016-03-14,1985,2200,3300,,2050
2016-03-15,1950,2195,3190,,2030
2016-03-16,1950,2090,3075,3900,2000
2016-03-17,1950,2100,3120,4000,2000
2016-03-18,1950,2120,3170,,2000
2016-03-21,,2150,3150,,2000
2016-03-22,,2120,3120,3850,
2016-03-23,,2120,3090,,
2016-03-28,,2150,3060,,1950
2016-03-29,,2150,3150,,
2016-03-30,,2190,3065,,
2016-03-31,2050,2200,3070,,1900
2016-04-01,2050,2190,3170,,1900
2016-04-04,,2200,3190,,1900
2016-04-05,2100,2230,3170,,1900
2016-04-06,2110,2250,3210,,1900
2016-04-07,2100,2260,3180,,1900
2016-04-08,2100,2270,3270,,
2016-04-11,2100,2350,3290,,1900
2016-04-12,2100,2410,3390,,1900
2016-04-13,2100,2510,3420,,1900
2016-04-14,2200,2510,3430,,1900
2016-04-15,2200,2530,3460,,1900
2016-04-18,2100,2515,3460,,1900
2016-04-19,,2550,3540,,1900
2016-04-20,2200,2590,3500,,2000
2016-04-21,,2680,3625,,2000
2016-04-22,,2650,3390,,
2016-04-25,2200,2650,3510,,2000
2016-04-26,2200,2690,3570,,2000
2016-04-27,2200,2700,3515,,2000
2016-04-28,,2800,3605,,2000
2016-04-29,2250,2800,3610,,2000
2016-05-02,2230,2800,3610,,2000
2016-05-03,2230,2800,3600,,2000
2016-05-04,2400,2800,3620,,2000
2016-05-05,,2800,3590,,2000
2016-05-06,,2800,3630,,2000
2016-05-09,2400,2800,3650,,2000
2016-05-10,2400,2650,3850,,2000
2016-05-11,2400,2650,3930,,2000
2016-05-12,2400,2600,3900,,2050
2016-05-13,2400,2500,3870,,2050
2016-05-16,2400,2560,3900,,2050
2016-05-17,2400,2500,4000,,
2016-05-18,2410,2680,3950,,
2016-05-19,2450,2650,3950,,
2016-05-20,2500,2750,4000,,2150
2016-05-23,2500,2800,3950,,2150
2016-05-24,2500,2850,3975,,2200
2016-05-26,2500,2850,4010,,2200
2016-05-27,2500,2900,4000,,2200
2016-05-30,2500,2900,4020,,2200
2016-05-31,,2900,4010,,2200
2016-06-01,,2900,4030,,2200
2016-06-02,2550,3000,4130,,2250
2016-06-03,2550,3000,4090,,2250
2016-06-06,2550,3000,4105,4500,2300
2016-06-07,2550,3000,4070,4800,2300
2016-06-08,2550,3000,4180,4800,2350
2016-06-09,2500,2950,4190,4800,2400
2016-06-10,2500,2950,4190,4800,2400
2016-06-13,2500,3000,4090,4800,2300
2016-06-14,2500,3000,4000,4800,2300
2016-06-15,2500,2750,4025,,2300
2016-06-16,2500,2600,3975,,
2016-06-21,2450,2425,3960,,2200
2016-06-22,2400,2500,4020,,2200
2016-06-23,2400,2500,4040,,2150
2016-06-24,2500,2600,4125,,2170
2016-06-27,2550,2870,4300,,2200
2016-06-28,2580,3000,4350,,2300
2016-06-29,2590,3000,4425,,2200
2016-06-30,2500,3000,4560,,
2016-07-01,2550,2990,4560,,2120
2016-07-04,2550,3000,4530,,2100
2016-07-05,2500,2900,4320,,
2016-07-06,2480,2700,4230,,2000
2016-07-07,2400,2500,4160,,2000
2016-07-11,2450,2480,4200,,2030
2016-07-12,2430,2540,4280,,2090
2016-07-13,2430,2600,4360,,
2016-07-14,2450,2600,4240,,2100
2016-07-15,2450,2700,4330,,2100
2016-07-18,2500,2700,4420,,2100
2016-07-19,2450,2600,4350,5300,2120
2016-07-20,2470,,,5300,2200
2016-07-21,2500,2600,4230,5300,2200
2016-07-22,2500,2680,4130,5300,2170
2016-07-25,2480,2680,4080,5300,2175
2016-07-26,2450,2720,4200,5300,2180
2016-07-27,2450,2750,4230,5300,2200
2016-07-28,2450,2750,,,2210
2016-07-29,2400,2640,4275,5300,2230
2016-08-01,2400,2710,,5400,
2016-08-02,2400,2590,,,2150
2016-08-03,2400,2500,4100,,2150
2016-08-04,2370,2450,4090,,2150
2016-08-05,2400,2450,4140,5400,2250
2016-08-08,2400,2430,4120,,2175
2016-08-09,2380,2425,4190,,2200
2016-08-10,2350,2400,4130,,2200
2016-08-11,2270,2390,4110,,2150
2016-08-12,2200,2350,4110,,2120
2016-08-16,2200,2350,4200,5150,2150
2016-08-17,2200,2350,4220,,2150
2016-08-18,2200,2350,4250,,2150
2016-08-19,2200,2350,4200,,2150
2016-08-22,2200,2290,4200,,2150
2016-08-23,2100,2240,4200,,2150
2016-08-24,2100,2240,4150,,2100
2016-08-25,2100,2255,4070,,2060
2016-08-26,2150,2275,4050,,2000
2016-08-29,2150,2290,4060,,2000
2016-08-30,2150,2320,4000,,2000
2016-08-31,2140,2295,,,2000
2016-09-01,2130,2320,3880,,2000
2016-09-02,2100,2360,3860,,2000
2016-09-05,2125,2340,3880,,
2016-09-06,2125,2375,3880,,2000
2016-09-07,2150,2375,4000,5200,1950
2016-09-08,2100,2380,4000,,1950
2016-09-09,,2390,4000,,
2016-09-12,2100,2360,3900,,1950
2016-09-13,2100,2340,3800,,
2016-09-14,2100,2330,3800,,
2016-09-15,2100,2340,3890,,
2016-09-16,2100,2370,3990,,1900
2016-09-19,2100,2390,4000,,1900
2016-09-20,2100,2390,4050,,
2016-09-21,2100,2390,3990,,1950
2016-09-22,2100,2385,4000,,1950
2016-09-23,2100,2390,3900,,1900
2016-09-26,2050,2350,3860,,1900
2016-09-27,2050,2375,3900,,1900
2016-09-28,2050,2385,3900,,1900
2016-09-29,2100,2400,3950,,1900
2016-09-30,2090,2400,3950,,1900
2016-10-03,2090,2400,4000,,2000
2016-10-04,2090,2435,3950,,2000
2016-10-05,2100,2450,3950,,2000
2016-10-06,2130,2440,,,2000
2016-10-11,2130,2440,,,2000
2016-10-12,2145,2450,3920,,1970
2016-10-13,2150,2450,3950,,1950
2016-10-14,2200,2500,4000,,2050
2016-10-17,2200,2500,4000,,2080
2016-10-18,2200,2500,4000,,2100
2016-10-19,2200,2500,4000,,2100
2016-10-20,2245,2490,4000,,2100
2016-10-21,2295,2495,4000,,2100
2016-10-24,2250,2500,4030,,2050
2016-10-25,2250,2505,4000,,2100
2016-10-26,2250,2500,4070,,2100
2016-10-27,2240,2510,4110,,2100
2016-10-28,2245,2510,4100,,2100
2016-10-31,2210,2510,4060,,2080
2016-11-01,2200,2500,,,2050
2016-11-02,2180,2450,3960,,2050
2016-11-03,2210,2450,3960,,2050
2016-11-04,2220,,3970,4780,2050
2016-11-07,2200,2530,4000,4780,2050
2016-11-08,2190,2550,4045,,2070
2016-11-09,2195,2550,,,2050
2016-11-10,2200,2500,3985,,2050
2016-11-11,2200,2500,3950,,
2016-11-14,2230,2500,4040,,
2016-11-15,2255,2550,4020,,2050
2016-11-16,2290,2590,4050,,2050
2016-11-17,2300,2600,4030,,
2016-11-18,2285,2600,4030,,2050
2016-11-21,2260,2600,4090,,2050
2016-11-22,2200,2600,4105,,2080
2016-11-23,2200,2590,4100,,2060
2016-11-24,2210,2500,4080,,2100
2016-11-25,2190,,4050,,
2016-11-29,2135,2500,4090,,2050
2016-11-30,2140,2550,4145,,2100
2016-12-01,2160,2570,4125,,2100
2016-12-02,2160,2570,4145,,2100
2016-12-05,2180,2590,4205,,2100
2016-12-06,2140,,4200,,2100
2016-12-07,2180,2610,4200,,2100
2016-12-12,2250,2640,4160,,2100
2016-12-13,2275,2650,4200,4360,2150
2016-12-14,2330,2650,4175,,
2016-12-15,2350,2670,4250,,2200
2016-12-16,2350,2655,4220,,2200
2016-12-19,2370,2655,4200,,2250
2016-12-20,2400,2650,4150,,2260
2016-12-21,2430,2600,4200,,2300
2016-12-22,2460,2650,4130,,
2016-12-23,2450,2650,,,2200
2016-12-26,2425,2625,,4320,
2016-12-27,2445,,4130,4325,2220
2016-12-28,2450,,4088,4380,
2016-12-29,2450,2590,4200,4430,2375
2016-12-30,2480,,4170,4420,
2017-01-02,2480,2680,4170,4430,2300
2017-01-03,2490,2840,4180,4500,2200
2017-01-04,2495,2850,4295,4530,2200
2017-01-05,2495,2830,4275,4520,2200
2017-01-06,2495,2650,4150,4480,
2017-01-09,2490,2600,4210,4500,2300
2017-01-10,2495,2600,4295,4490,
2017-01-11,2495,2620,4285,4500,
2017-01-12,2490,,4360,4550,2300
2017-01-13,2495,,4440,,
2017-01-16,2495,2650,4475,4570,
2017-01-17,2495,2650,4550,4740,2300
2017-01-18,2548,2700,4600,4762,2300
2017-01-19,2570,2700,4550,4740,2300
2017-01-20,2590,2600,4520,4744,
2017-01-23,2620,2600,4500,4750,2370
2017-01-24,2650,2600,4470,4750,
2017-01-25,2650,2600,4475,4750,
2017-01-26,2700,2600,4415,4746,
2017-01-27,2700,2600,4400,4740,
2017-01-30,2720,,4225,4746,2000
2017-01-31,2705,,4290,4740,2000
2017-02-01,2650,2420,4300,4710,
2017-02-02,2675,2410,4260,4810,
2017-02-03,2640,2400,4210,,
2017-02-06,2670,2425,4250,,
2017-02-07,2695,2450,4270,4670,
2017-02-08,2698,2400,4330,4670,
2017-02-09,2700,2445,4300,4655,
2017-02-10,2690,2450,4300,4632,
2017-02-13,2600,2430,4300,4580,
2017-02-14,2599,2400,4250,4582,
2017-02-15,2598,2440,4250,4578,
2017-02-16,2595,2460,4165,4530,
2017-02-17,2600,2470,4205,4600,
2017-02-20,2600,2470,4200,4600,
2017-02-21,2600,2470,4150,4570,
2017-02-22,2600,2470,4120,4490,
2017-02-23,2570,2490,4015,4430,2000
2017-02-24,2555,2420,4000,4415,2000
2017-03-01,2530,2420,4080,4370,
2017-03-02,2530,2450,4040,4360,
2017-03-03,2510,2480,3995,4375,
2017-03-06,2450,2385,3930,4310,
2017-03-07,2440,2370,3900,4320,
2017-03-08,2410,2380,3900,,
2017-03-09,2400,2380,3850,4320,
2017-03-10,2390,2340,3850,4310,
2017-03-13,2250,2310,3880,4310,1950
2017-03-14,2250,2300,3880,4170,1950
2017-03-15,2250,2310,3880,4180,1950
2017-03-16,2250,2320,3910,4170,1950
2017-03-17,2250,2270,3880,4180,1950
2017-03-20,2250,2265,3770,4190,1900
2017-03-21,2230,2270,3770,4185,1900
2017-03-22,2300,2270,3770,4195,1900
2017-03-23,2350,2250,3750,4180,1850
2017-03-27,2350,2255,3630,4180,1900
2017-03-28,2360,2270,3660,4170,1900
2017-03-29,2400,2230,3530,,
2017-03-30,2400,2240,3540,,1880
2017-03-31,2400,2290,3450,4205,1900
2017-04-03,2400,2340,3480,4205,1900
2017-04-04,2400,2300,3550,4200,1900
2017-04-05,2420,2320,3630,4250,1900
2017-04-06,2400,2300,3500,,1900
2017-04-07,2400,2300,,,1900
2017-04-10,2430,2300,3590,,1850
2017-04-11,2430,2330,3520,,1850
2017-04-12,2430,2310,,,
2017-04-17,2430,2320,3490,,
2017-04-18,2450,2330,3505,,
2017-04-19,2480,2330,3600,4180,1750
2017-04-20,2500,2370,3600,,1750
2017-04-21,2500,2355,3620,,
2017-04-24,2500,2360,3660,,1750
2017-04-25,2515,2390,3675,,1800
2017-04-26,2530,2430,3700,,
2017-04-27,2550,2350,3700,,1800
2017-04-28,,2300,3625,,
2017-05-02,2510,2330,3640,,1800
2017-05-03,2540,2330,3690,,1800
2017-05-04,2540,2305,3705,,1800
2017-05-05,2570,2320,3725,,
2017-05-08,2550,2290,3660,,1800
2017-05-09,2550,2300,3750,,1800
2017-05-10,2560,2310,3765,,
2017-05-11,2550,2310,3715,,1800
2017-05-12,2550,2300,3710,,1800
2017-05-15,2550,2320,3770,,1820
2017-05-16,2540,2350,3820,,1800
2017-05-17,2540,2390,3880,,1800
2017-05-18,2580,2440,3870,,1830
2017-05-19,2580,2450,3900,,1850
2017-05-22,2590,2485,4000,,1850
2017-05-23,2600,2475,3950,,1850
2017-05-24,2600,2520,3950,,
2017-05-26,2605,2520,3890,,1850
2017-05-29,2600,2495,3850,,1850
2017-05-30,2615,2360,3850,,1850
2017-05-31,2630,2350,3850,,
2017-06-01,2630,2340,3900,,1850
2017-06-02,2630,2340,3905,,1850
2017-06-05,2650,2300,3940,,1850
2017-06-06,2650,2325,4000,,1890
2017-06-07,2650,2360,3990,,1900
2017-06-08,2670,2380,4000,,2000
2017-06-09,2650,2380,3900,,2000
2017-06-12,2640,2310,3830,,1950
2017-06-13,2640,2260,3800,,1950
2017-06-14,2640,2260,3800,,1950
2017-06-15,2630,2230,3790,,1900
2017-06-16,2610,2190,3750,,1900
2017-06-19,2610,2165,3710,,1900
2017-06-21,2650,2200,3720,,1950
2017-06-22,2620,2140,3670,,1900
2017-06-23,2600,2100,3670,,1850
2017-06-26,2600,2125,3675,,1850
2017-06-27,,2160,3710,,1900
2017-06-28,2600,2175,3670,,1900
2017-06-29,2650,2210,3700,,
2017-06-30,2650,2310,3880,,
2017-07-03,2700,2380,4000,,2000
2017-07-04,2700,2390,3985,,2000
2017-07-05,2730,2400,4010,,2000
2017-07-06,2710,2430,4090,,2050
2017-07-07,2710,2435,4125,,
2017-07-10,2750,2455,4200,,
2017-07-11,2750,2460,4200,,
2017-07-12,2750,2400,4150,,2000
2017-07-13,2780,2410,3980,,
2017-07-14,2780,2420,4060,,
2017-07-17,2800,2300,4040,,2000
2017-07-18,2810,2400,4160,,2000
2017-07-19,2800,2440,4260,,2000
2017-07-20,2810,2420,4290,,2000
2017-07-21,2830,2360,4280,,
2017-07-24,2820,2370,4300,,2000
2017-07-25,2820,2320,4250,,
2017-07-26,2850,2360,4330,,
2017-07-27,2880,2390,4400,,2050
2017-07-28,2900,2400,4470,,2050
2017-07-31,2900,2400,4400,,2000
2017-08-01,2900,2350,4230,,2000
2017-08-02,2890,2360,4300,,
2017-08-03,2880,2370,4300,,2000
2017-08-04,2880,2370,4300,,
2017-08-07,2850,2370,4350,,
2017-08-08,2860,2380,4410,,2050
2017-08-09,2850,2400,4400,,
2017-08-10,2820,2350,4200,,
2017-08-11,2790,2370,4230,,2000
2017-08-14,2730,2350,,,
2017-08-15,2710,2290,,,1950
2017-08-16,2700,2280,4100,,
2017-08-17,2750,2250,4200,,2000
2017-08-18,2730,2180,4250,,
2017-08-22,2710,2190,4270,,
2017-08-23,2720,2285,4260,,2000
2017-08-24,2720,2320,4310,,2000
2017-08-25,2700,2310,4300,,
2017-08-28,2680,2280,4290,,
2017-08-29,2680,2280,4300,,2000
2017-08-30,2650,2280,4300,,2000
2017-08-31,2620,2300,4305,,
2017-09-01,2630,2300,4300,,
2017-09-04,2640,2300,4300,,
2017-09-05,2640,2310,4370,,
2017-09-06,2645,2310,4400,,
2017-09-07,2650,2310,,,
2017-09-08,2650,2280,,,
2017-09-11,2645,2300,4250,,
2017-09-12,2640,2280,4200,,
2017-09-13,2660,2320,4300,,2050
2017-09-14,2650,2345,4310,,
2017-09-15,2630,2320,,,2100
2017-09-18,2625,2300,4275,,
2017-09-19,2680,2300,4250,,2000
2017-09-20,2700,2320,4300,,2000
2017-09-21,2760,2330,4350,,2000
2017-09-22,2780,2330,4400,,2000
2017-09-25,2820,2330,4400,,
2017-09-26,2850,2370,4400,,2000
2017-09-27,2900,2390,4400,,2000
2017-09-28,2940,2400,4400,,2000
2017-09-29,2920,2400,4380,,2000
2017-10-02,2940,2390,4350,,
2017-10-03,2910,2390,4390,,2000
2017-10-04,2930,2390,4375,,
2017-10-05,2920,2390,4400,,
2017-10-06,2930,2390,4400,,
2017-10-09,2930,2370,,,
2017-10-10,2930,2380,4400,,2000
2017-10-11,2930,2360,4400,,
2017-10-12,2920,2370,4450,,
2017-10-13,2900,2350,4450,,
2017-10-17,2890,2370,,,
2017-10-18,2890,2350,,,2000
2017-10-19,2850,2350,4400,,
2017-10-20,2850,2350,,,
2017-10-23,2830,2345,4370,,
2017-10-24,2830,2340,4400,,
2017-10-25,2830,2340,4400,,
2017-10-26,2840,2340,4380,,
2017-10-27,2875,2350,4420,,
2017-10-30,2885,2340,4425,,
2017-10-31,2900,2360,4425,,
2017-11-01,2895,2370,4470,,2000
2017-11-02,2870,2400,4495,,2000
2017-11-03,2890,2400,4465,,
2017-11-06,2870,2400,4440,,2000
2017-11-07,2870,2390,4475,,2000
2017-11-08,2825,2400,4465,,2000
2017-11-09,2800,2380,4410,,
2017-11-10,2770,2350,4475,,2000
2017-11-13,2735,2350,,,2000
2017-11-14,2690,2360,,,2000
2017-11-15,2670,2370,4420,,2000
2017-11-16,2670,2360,4450,,2000
2017-11-17,2660,2360,4500,,
2017-11-21,2670,2380,4510,,
2017-11-22,2710,2400,4555,,2000
2017-11-23,2710,2400,4555,,
2017-11-24,2705,2430,4510,,
2017-11-27,2665,2420,4500,,
2017-11-28,2620,2420,4490,,
2017-11-29,2560,2450,4600,,
2017-11-30,2550,2450,4555,,
2017-12-01,2570,2500,4570,,
2017-12-04,2580,2500,4620,,
2017-12-05,2610,2500,4700,,
2017-12-06,2750,2520,,,
2017-12-07,2760,2520,4570,,
2017-12-11,2760,2480,4500,,
2017-12-12,2775,2495,4560,,2200
2017-12-13,2775,2485,,,2200
2017-12-14,2775,2500,,,
2017-12-15,2810,2550,4495,,
2017-12-18,2810,2525,,5241,
2017-12-19,2820,2550,,,
2017-12-20,2850,2580,4500,5298,
2017-12-21,2870,2605,4505,5350,
2017-12-22,2870,2600,4510,,
2017-12-26,2900,2610,4660,,
2017-12-27,2940,2650,4700,,
2017-12-28,2990,2700,4780,5730,
2017-12-29,3000,2700,4720,5565,
2018-01-02,3000,2700,4755,5495,2200
2018-01-03,2990,2710,4805,5505,
2018-01-04,3005,2795,4900,5445,2300
2018-01-05,3030,2850,5005,5620,2300
2018-01-08,3050,2850,5010,5680,
2018-01-09,3055,2870,5025,5650,
2018-01-10,3045,2820,,5560,
2018-01-11,3025,2810,4950,5600,2300
2018-01-12,3050,2800,4950,5670,
2018-01-15,3050,2800,4965,5715,
2018-01-16,3065,2800,5060,5730,
2018-01-17,3070,2840,5060,5750,
2018-01-18,3070,2840,5060,5750,
2018-01-19,3080,2865,5160,5800,
2018-01-22,3100,2900,5240,5840,
2018-01-23,3150,2940,5300,5930,
2018-01-24,3200,3000,5400,6000,2500
2018-01-25,3230,3000,5400,6000,2500
2018-01-26,3280,3015,5400,6030,2500
2018-01-29,3300,3010,5465,6030,
2018-01-30,3350,3040,5535,6055,
2018-01-31,3370,3070,5545,6060,2500
2018-02-01,3400,3150,,,
2018-02-02,3400,3140,5450,6012,
2018-02-05,3370,3100,5400,6010,2500
2018-02-06,3400,3100,5500,6050,
2018-02-07,3400,3120,5500,6125,
2018-02-08,3400,3180,5650,6160,
2018-02-09,3470,3220,5700,6200,
2018-02-14,3480,3190,5880,6210,2550
2018-02-15,3480,3180,5860,6100,
2018-02-16,3480,3180,5910,6100,
2018-02-19,3470,3190,5920,6140,
2018-02-20,3500,3280,6000,6130,
2018-02-21,3500,3310,6050,6150,
2018-02-22,3500,3370,6010,6150,
2018-02-23,3500,3370,6025,6160,
2018-02-26,3530,3360,6030,6230,
2018-02-27,3570,3420,6220,6030,3000
2018-02-28,3650,3480,6300,6200,
2018-03-01,3660,3500,6310,6215,
2018-03-02,3700,3500,6350,6250,
2018-03-05,3740,3530,6320,6230,
2018-03-06,3750,3550,6180,6300,
2018-03-07,3770,3580,6080,6330,
2018-03-08,3770,3620,6100,6320,3200
2018-03-09,3770,3610,5950,6250,3200
2018-03-12,3770,3550,5940,6200,3200
2018-03-13,3760,3440,5995,6100,3200
2018-03-14,3800,3380,5850,6100,3200
2018-03-15,3800,3380,5900,6080,3200
2018-03-16,3850,3360,5850,6030,3150
2018-03-19,3890,3340,5680,6030,3200
2018-03-20,3925,3370,5700,,3300
2018-03-21,3930,3400,5760,,3370
2018-03-22,3990,3400,5740,,3370
2018-03-23,4000,3415,5730,6030,
2018-03-26,3930,3400,5800,6030,3400
2018-03-27,3950,3400,5900,6020,
2018-03-28,3945,3360,5908,6015,
2018-04-03,3950,3440,6095,,3000
2018-04-04,3960,3450,6100,,
2018-04-05,4000,3500,6200,,
2018-04-06,4050,3550,6320,,
2018-04-09,4090,3650,6495,,
2018-04-10,4100,3740,6200,,
2018-04-11,4140,3730,6200,,
2018-04-12,4300,3770,6230,,
2018-04-13,4375,3745,6100,6035,3000
2018-04-16,4430,3730,6000,6035,2950
2018-04-17,4430,3720,5990,,
2018-04-18,4490,3710,5950,,3000
2018-04-19,4520,3690,5960,,3000
2018-04-20,4450,3700,6040,,
2018-04-23,4580,3590,6100,,3000
2018-04-24,4695,3630,6200,,
2018-04-25,4695,3630,6300,,
2018-04-26,4735,3640,6420,,3000
2018-04-27,4800,3795,6525,,3000
2018-05-02,4990,3800,6725,,
2018-05-03,5230,4000,7175,,
2018-05-04,5230,3990,6890,,3050
2018-05-07,5530,4020,6900,,
2018-05-08,5695,4210,7190,,
2018-05-09,5695,4300,7130,,
2018-05-10,5700,4080,7100,,
2018-05-11,5850,4180,7200,,
2018-05-14,6200,4400,7750,,
2018-05-15,6180,4520,7450,,
2018-05-16,6120,4410,7480,,
2018-05-17,6120,4460,7290,,
2018-05-18,6100,4530,7250,,
2018-05-21,6060,4420,7320,,
2018-05-22,6140,4490,7250,,
2018-05-23,6090,4490,7350,,
2018-05-24,6045,4320,7000,,
2018-05-28,6020,4350,7000,,
2018-05-29,6030,4350,7100,,
2018-05-30,6100,4230,7200,,
2018-05-31,6050,4300,7300,7458,
2018-06-01,6050,4300,7300,,
2018-06-04,5950,4150,7130,,
2018-06-05,5980,4170,7180,,
2018-06-06,5930,4170,7280,,
2018-06-07,5880,4160,7200,,
2018-06-08,5900,4175,7220,,3500
2018-06-11,6010,4130,7200,,3500
2018-06-12,5900,4260,7290,,3500
2018-06-13,5890,4260,7295,,
2018-06-14,6000,4480,7620,,
2018-06-15,6200,4500,7800,,
2018-06-18,6000,4385,7600,,3300
2018-06-19,6000,4370,7600,,
2018-06-21,5920,4280,7615,,3300
2018-06-22,5920,4220,7620,,
2018-06-25,5920,4170,7550,,
2018-06-26,5920,4210,7550,,
2018-06-27,5900,4230,7600,,
2018-06-28,5950,4240,7740,,
2018-06-29,6050,4300,8090,,
2018-07-02,5990,4290,7990,,
2018-07-03,5920,4185,7740,,3500
2018-07-04,5850,4200,7730,,
2018-07-05,5900,4210,7800,,
2018-07-06,5820,4250,8010,,
2018-07-10,5800,4160,7780,,3500
2018-07-11,5800,4130,7720,,3300
2018-07-12,5720,4150,7700,,
2018-07-13,5700,4140,7610,,
2018-07-16,5650,4150,7710,,3550
2018-07-17,5660,4200,7710,,3650
2018-07-18,5660,4250,7720,,3600
2018-07-19,5640,4300,7700,,
2018-07-20,5680,4390,7670,,3600
2018-07-23,5650,4390,7650,,
2018-07-24,5800,4410,7650,,
2018-07-25,5750,4400,7600,,
2018-07-26,5800,4425,7600,,
2018-07-27,5780,4450,7600,,
2018-07-30,5800,4500,7620,,
2018-07-31,5795,4500,7720,,
2018-08-01,5950,4550,7600,,
2018-08-02,5950,4510,,,
2018-08-03,6030,4490,,,
2018-08-06,6000,4450,7220,,
2018-08-07,6000,4440,7300,,
2018-08-08,6040,4460,7500,,
2018-08-09,6100,4400,7605,,
2018-08-10,6400,4450,7605,,
2018-08-13,6450,4480,8000,,
2018-08-14,6450,4490,7700,,
2018-08-15,6500,4610,7800,,
2018-08-16,6510,4600,8000,,
2018-08-17,6510,4630,7900,,
2018-08-21,6500,4605,7900,,3800
2018-08-22,6500,4600,7900,,
2018-08-23,6550,4600,7720,,
2018-08-24,6550,4560,7930,,
2018-08-27,6600,4475,7820,,
2018-08-28,6700,4550,7900,,
2018-08-29,7010,4820,8270,,
2018-08-30,8000,5400,9000,,
2018-08-31,7050,5000,9000,,
2018-09-04,7700,5000,9120,,
2018-09-05,8000,5000,9150,,
2018-09-06,,5000,9100,,
2018-09-07,7400,5050,9210,,
2018-09-10,7370,5100,9320,,
2018-09-11,7800,5180,9510,,
2018-09-12,7870,5140,9500,,
2018-09-13,7920,5290,9720,,
2018-09-14,7970,5350,9750,,
2018-09-17,7980,5250,9550,,
2018-09-18,8010,5330,9580,,
2018-09-19,8100,5300,9740,,
2018-09-20,,5250,9600,,4500
2018-09-21,,5100,,,4500
2018-09-24,8000,5100,9250,,
2018-09-25,8300,5200,,,
2018-09-26,8330,5300,9800,,
2018-09-27,8400,5460,10015,,
2018-09-28,8600,5650,10560,,
2018-10-01,8650,5520,10150,,
2018-10-02,8300,5260,,,
2018-10-03,8250,5120,9720,,
2018-10-04,8400,5230,10170,,
2018-10-05,8400,5170,10110,,
2018-10-08,,5100,9980,,
2018-10-09,8450,5000,9650,,
2018-10-10,8450,4990,,,
2018-10-11,8500,4900,9340,,
2018-10-16,8540,4800,,,
2018-10-17,8640,4860,9410,,
2018-10-18,,4830,9340,,
2018-10-19,,4830,9200,,
2018-10-22,,,9150,,
2018-10-23,6800,4700,9130,,
2018-10-24,6750,4710,9100,,
2018-10-25,6650,4700,8850,,
2018-10-26,6600,4740,9020,,
2018-10-29,6600,4690,9050,,
2018-10-30,6560,4680,9050,,
2018-10-31,6320,4650,8750,,
2018-11-01,6385,4670,9050,,
2018-11-02,6350,4700,9050,,
2018-11-05,6200,4690,8840,,
2018-11-06,6200,4700,8800,,
2018-11-07,6200,4700,8820,,
2018-11-08,6200,4710,8720,,
2018-11-09,6170,4650,8700,,
2018-11-12,6200,4660,8660,,
2018-11-13,6300,4700,8900,,
2018-11-14,6300,4730,8870,,
2018-11-15,6380,4750,8900,,
2018-11-16,6400,4750,,,
2018-11-20,6140,4740,8850,,
2018-11-21,6220,4740,8900,,
2018-11-22,6290,4760,8830,,
2018-11-23,6600,4800,9000,,
2018-11-26,7000,4990,9200,,
2018-11-27,7030,5050,9230,,
2018-11-28,7000,5180,9400,,
2018-11-29,6770,5150,9200,,
2018-11-30,6600,5180,9230,,
2018-12-03,6360,5160,9070,,
2018-12-04,6585,5180,9200,8440,
2018-12-05,6870,5300,9230,,
2018-12-06,7050,5350,9160,,
2018-12-07,7180,5350,9020,,
2018-12-10,7480,5400,9150,8240,
2018-12-11,7470,5470,9100,8275,
2018-12-12,7480,5520,9120,8400,
2018-12-13,7690,5600,9050,8280,
2018-12-14,7750,5600,,8350,
2018-12-17,8100,5600,9080,8370,
2018-12-18,7750,5690,9130,8370,
2018-12-19,7750,5700,9120,8400,
2018-12-20,7700,5550,9020,8330,
2018-12-21,7740,5500,,8310,
2018-12-26,7840,5480,8960,8410,
2018-12-27,7810,5495,9000,8380,
2018-12-28,7725,5400,9020,8250,
2019-01-02,7650,5490,9180,8240,
2019-01-03,7710,5490,9200,8195,
2019-01-04,7620,5450,9280,8230,
2019-01-07,7570,5480,9230,8163,
2019-01-08,7500,5550,9220,8230,
2019-01-09,7510,5550,9295,8200,
2019-01-10,7300,5550,9050,8190,
2019-01-11,7350,5580,9050,8080,
2019-01-14,7350,5595,8970,8100,
2019-01-15,7430,5530,8920,8120,4300
2019-01-16,7530,5400,9100,8210,
2019-01-17,7650,5560,9300,8260,
2019-01-18,7690,5560,9390,8225,
2019-01-21,7730,5540,9380,8250,
2019-01-22,7710,5530,9310,8215,
2019-01-23,7735,5545,9365,8220,
2019-01-24,7810,5600,9330,8184,
2019-01-25,7735,5580,9280,8110,
2019-01-28,7770,5580,9310,8130,4300
2019-01-29,7900,5600,9410,8250,4250
2019-01-30,7910,5670,9460,8220,4300
2019-01-31,7820,5580,9350,8180,
2019-02-01,7765,5550,9390,8135,
2019-02-04,7790,5500,9270,8140,
2019-02-05,7780,5390,9240,8140,
2019-02-06,7780,5500,9310,8250,
2019-02-07,7750,5580,9280,8310,
2019-02-08,7720,5400,9250,,
2019-02-11,7545,5350,9170,,
2019-02-12,7560,5250,9250,,4350
2019-02-13,7530,5250,9250,8365,
2019-02-14,7440,5310,9170,,
2019-02-15,7490,5390,9270,8500,
2019-02-18,7200,5290,9270,8500,4390
2019-02-19,7330,5300,9330,8595,
2019-02-20,7300,5420,9490,8685,4480
2019-02-21,,5500,9500,8650,
2019-02-22,7220,5425,9400,8585,
2019-02-25,7340,5350,9380,8550,
2019-02-26,7250,5430,9230,8550,4480
2019-02-27,7180,5405,9160,8630,
2019-02-28,7020,5260,9205,8750,4300
2019-03-01,7020,5350,9200,8900,
2019-03-06,7300,5500,9400,9100,4300
2019-03-07,7420,5680,9730,9500,
2019-03-08,7175,5580,9520,,
2019-03-11,7190,5670,9320,9250,4300
2019-03-12,7150,5750,9470,9290,4300
2019-03-13,7250,5650,9480,9225,4300
2019-03-14,7150,5525,9380,9130,
2019-03-15,7000,5450,9350,8955,4300
2019-03-18,6965,5430,9170,8955,
2019-03-19,7050,5480,9150,9070,4300
2019-03-20,6910,5600,9200,9150,4300
2019-03-21,7000,5640,9320,9200,4300
2019-03-22,7075,5820,9550,9360,4300
2019-03-25,7100,5740,9405,9420,4300
2019-03-26,7220,5800,9450,9550,4500
2019-03-27,7500,5950,9500,9825,4500
2019-03-28,7650,5860,9500,9770,4500
2019-03-29,7550,5670,9400,,
2019-04-01,7400,5650,9500,9565,4500
2019-04-03,7450,5700,9450,9300,4500
2019-04-04,7600,5850,9500,9400,4500
2019-04-05,7650,5950,9410,9400,4500
2019-04-08,7700,5960,9200,9350,4500
2019-04-09,7600,5990,9060,9280,4500
2019-04-10,7970,5790,9110,9205,4500
2019-04-11,7740,5700,9010,9150,4500
2019-04-12,7690,5520,8920,9025,4500
2019-04-15,7410,5520,8950,8905,4500
2019-04-16,7650,5630,9010,9070,4500
2019-04-17,7750,5600,9130,8965,
2019-04-22,7820,5560,9270,9090,
2019-04-23,7995,5540,9100,9080,
2019-04-24,8180,5680,9540,9405,
2019-04-25,8330,5980,9960,9610,4800
2019-04-26,8500,5900,9860,9840,
2019-04-29,8165,5790,9495,,
2019-04-30,8300,5930,9230,9450,
2019-05-02,8470,6090,9150,9590,5000
2019-05-03,8350,6170,9070,9510,
2019-05-06,8270,5990,8980,9335,
2019-05-07,8390,6050,9360,9477,5000
2019-05-08,8280,6070,9430,9430,5000
2019-05-09,8450,5985,9460,9460,5000
2019-05-10,,5925,9400,9370,
2019-05-13,8530,6000,9560,,5000
2019-05-14,8580,6130,9850,,5000
2019-05-15,8350,6150,10030,,
2019-05-16,8250,6250,9950,,5000
2019-05-17,8290,6295,9880,,
2019-05-20,8410,6490,10010,,5000
2019-05-21,8330,6650,9870,9360,5500
2019-05-22,8490,6630,10010,,
2019-05-23,8750,6600,10010,,5500
2019-05-24,8700,6800,10170,,6000
2019-05-27,8850,6910,10170,,
2019-05-28,8898,6980,10350,,
2019-05-29,8850,6750,10420,,
2019-05-30,8870,6820,10500,9300,6000
2019-05-31,9125,6990,10450,,6500
2019-06-03,9155,6980,10430,,
2019-06-04,9050,6990,10430,9570,6500
2019-06-05,8940,6900,10320,,
2019-06-06,9160,6640,10350,9620,6600
2019-06-07,9110,6640,10140,,6600
2019-06-10,9160,6960,10190,,6700
2019-06-11,9120,6960,10140,,6680
2019-06-12,8900,6860,10000,9350,6740
2019-06-13,8840,6950,9910,,6910
2019-06-14,8930,7110,9920,,6950
2019-06-18,8870,7100,9920,9305,6900
2019-06-19,9050,7200,9710,9265,6900
2019-06-21,,7180,9670,,6815
2019-06-24,8870,7210,9600,,7000
2019-06-25,8850,7170,9500,,7000
2019-06-26,9000,6980,9550,,7100
2019-06-27,9100,6800,9500,,7100
2019-06-28,8900,,9510,,
2019-07-01,8600,6280,9280,,6500
2019-07-02,8820,6350,9330,,
2019-07-03,8765,6750,9400,,7000
2019-07-04,8540,6750,9300,,
2019-07-05,8538,6710,9330,,6872
2019-07-10,8650,6380,9510,,
2019-07-11,8500,6435,9450,,
2019-07-12,8650,6490,9550,,
2019-07-15,8862,6440,9610,,
2019-07-16,8910,6110,9640,,
2019-07-17,8950,6130,9640,,
2019-07-18,8870,6030,9610,,
2019-07-19,8870,6030,9790,,6550
2019-07-22,8880,6000,9620,,
2019-07-23,8900,6100,9710,10190,
2019-07-24,8900,6190,9820,,
2019-07-25,9050,6250,9800,10360,
2019-07-26,9060,6200,10000,10350,
2019-07-29,9100,6200,10110,10470,6200
2019-07-30,9160,6230,10200,,6340
2019-07-31,9150,6105,10100,,
2019-08-01,9050,6010,10100,,6400
2019-08-02,,5870,10310,,6445
2019-08-05,9190,5850,10650,,
2019-08-06,9010,5830,10700,10820,6540
2019-08-07,9070,5920,10910,,
2019-08-08,9200,5900,11000,,
2019-08-09,9000,6100,11000,,
2019-08-12,,6600,,,
2019-08-13,10280,7080,,13340,
2019-08-14,11400,7520,14450,,
2019-08-15,11100,7085,13750,13700,
2019-08-16,10700,6695,13440,,
2019-08-20,10637,6650,13250,,
2019-08-21,10690,6740,13430,13157,8497
2019-08-22,10703,6806,13366,,
2019-08-23,10715,6868,13190,,
2019-08-26,10720,6950,13230,13222,
2019-08-27,10930,7070,13210,13500,
2019-08-28,11270,7295,13670,,
2019-08-29,11340,7305,13650,,
2019-08-30,11560,7480,13995,,
2019-09-02,10600,6700,,,
2019-09-03,10870,6700,13000,,8650
2019-09-04,11110,6870,13400,,8650
2019-09-05,11440,7050,13100,,
2019-09-06,11600,6960,13100,,8343
2019-09-09,11400,6977,13100,,
2019-09-10,11440,7090,13400,,
2019-09-11,11700,7170,13250,13500,8955
2019-09-12,11850,7250,13390,,
2019-09-13,11500,7270,13470,,
2019-09-16,11500,7310,13470,,
2019-09-17,11540,7350,13450,,
2019-09-18,11545,7310,13400,,
2019-09-19,11555,7300,13500,,
2019-09-20,11575,7340,13270,,
2019-09-23,11750,7370,13420,,
2019-09-24,11900,7340,13375,,
2019-09-25,12220,7390,13390,,
2019-09-26,12220,7320,13395,,
2019-09-27,12220,7410,13366,,
2019-09-30,,7460,13690,,
2019-10-01,,7525,13800,,8050
2019-10-02,,7550,13820,,
2019-10-03,,7420,13690,,
2019-10-04,9500,7475,13720,,
2019-10-08,9760,7510,13950,,
2019-10-09,9770,7570,14050,,
2019-10-10,,7460,14050,,
2019-10-11,9900,7600,14200,,
2019-10-15,9870,7670,13650,,
2019-10-16,10200,7850,13700,,
2019-10-17,10170,7846,13740,13950,
2019-10-18,10180,7850,13956,,
2019-10-21,,7870,14050,,
2019-10-22,10220,7890,14250,,
2019-10-23,,8000,14390,,
2019-10-24,10370,8020,14600,,
2019-10-25,10450,8075,14600,,
2019-10-28,10140,8000,14230,,
2019-10-29,10200,8030,14520,,
2019-10-31,10110,8325,14860,,
2019-11-01,10120,8460,14950,,
2019-11-04,10120,8450,14935,,8330
2019-11-05,10110,8450,14900,,
2019-11-06,10110,8615,14700,,
2019-11-07,10100,8613,15000,,
2019-11-08,10050,8600,14940,,
2019-11-11,10150,8665,14900,,
2019-11-12,10050,8630,15080,,8330
2019-11-13,10000,8640,15120,16070,
2019-11-14,10060,8760,15100,16070,
2019-11-15,10000,8920,15020,,
2019-11-19,9630,8920,14880,,8328
2019-11-20,9700,8930,14870,,
2019-11-21,9835,8940,14910,,
2019-11-22,9830,8995,14890,,
2019-11-25,10100,9100,14900,,
2019-11-26,9980,8960,14815,14640,
2019-11-27,10000,8820,14880,14600,
2019-11-28,10140,8650,14700,,
2019-11-29,10040,8780,14700,,
2019-12-02,9900,8750,14830,14645,
2019-12-03,9920,8800,14930,14650,
2019-12-04,9996,8750,14980,,
2019-12-05,9870,8620,14810,,
2019-12-06,10100,8570,14930,14460,
2019-12-09,10100,8425,14935,,
2019-12-10,9930,8260,14800,14316,
2019-12-11,10000,,14660,14300,
2019-12-12,10000,,14900,,
2019-12-13,10195,,15000,,
2019-12-16,9950,,,,
2019-12-18,9840,,,,
2019-12-19,9840,,14000,,
2019-12-20,10020,,14000,,
2019-12-23,10050,,14300,,
2019-12-26,10050,8240,14325,13750,
2019-12-27,10130,8170,14700,13715,
2019-12-30,10140,8170,15050,13730,
2020-01-02,10370,8340,15360,13710,
2020-01-03,10500,8346,15100,,
2020-01-06,10550,8500,15400,13710,
2020-01-07,10550,8640,15200,13710,
2020-01-08,10600,8700,15200,13890,
2020-01-09,10730,8940,15380,13890,
2020-01-10,10790,9000,15500,14010,
2020-01-13,11350,9200,15535,14340,
2020-01-14,11550,9220,15600,14370,
2020-01-15,11590,9340,15550,14340,
2020-01-16,11550,9270,15500,14346,
2020-01-17,11650,9420,15550,14353,
2020-01-20,11500,9390,15550,14500,
2020-01-21,11900,9580,15400,,
2020-01-22,12000,9580,15450,14960,
2020-01-23,12200,9580,15570,14400,
2020-01-24,12300,9300,15300,14680,
2020-01-27,12100,9060,15250,14750,
2020-01-28,12200,9100,15295,14750,
2020-01-29,12185,9065,15100,15000,
2020-01-30,12000,9008,15010,,
2020-01-31,11850,9100,14800,,
2020-02-03,11850,9140,14790,14800,
2020-02-04,12000,9057,14793,14900,
2020-02-05,12000,9055,14900,14800,
2020-02-06,12020,9070,14950,14820,
2020-02-07,11900,9090,15100,,
2020-02-10,12000,9180,15100,14900,
2020-02-11,12040,9220,14950,,
2020-02-12,12020,9380,15150,,
2020-02-13,12000,9300,15175,,
2020-02-14,12070,9070,15130,,
2020-02-17,11950,8970,15150,,
2020-02-18,11920,8730,15300,,
2020-02-19,11900,8615,15050,,
2020-02-20,12010,8620,14780,,
2020-02-21,11930,8500,14505,14800,
2020-02-26,12000,8170,,,
2020-02-27,12050,8050,,,
2020-02-28,12215,8090,13700,,
2020-03-02,12400,8130,13700,14200,
2020-03-03,12200,8385,14100,14000,8075
2020-03-04,12120,8450,14360,,8080
2020-03-05,,8350,14300,,
2020-03-06,12150,8300,14200,,
2020-03-10,12050,8420,,,
2020-03-11,12120,8720,13850,,
2020-03-12,,8520,13780,,
2020-03-13,,8600,13790,,7965
2020-03-16,,8480,13490,,
2020-03-17,,8500,13540,,
2020-03-18,,8205,13850,,
2020-03-19,12040,8500,13930,,
2020-03-20,,8750,13450,,
2020-03-25,,9160,14020,,
2020-03-26,12400,9410,14150,,8320
2020-03-27,12550,9500,14260,,8670
2020-03-30,,9200,14270,,8676
2020-04-01,12650,9020,13700,,8685
2020-04-02,12690,9300,13740,,8710
2020-04-03,12620,9250,13800,,9000
2020-04-06,,8950,13500,,
2020-04-07,12650,8760,13625,,9000
2020-04-08,12850,8900,13500,,8770
2020-04-13,12710,8580,13360,,9125
2020-04-14,12730,8600,13650,,9100
2020-04-15,12760,8500,13738,,9160
2020-04-16,12780,8450,13763,,9175
2020-04-17,,8220,13900,,8865
2020-04-20,,8030,13580,,8880
2020-04-21,13000,7850,13610,,8820
2020-04-22,13050,7925,13700,,
2020-04-23,12900,7950,13625,,
2020-04-24,12915,7880,13670,,
2020-04-27,,7950,13600,,8955
2020-04-28,,7960,13650,,
2020-04-29,12700,7986,13710,,
2020-04-30,12660,8100,13995,,8900
2020-05-04,12600,8100,13800,16015,8935
2020-05-05,12450,8150,14150,,
2020-05-06,12450,8030,14000,,
2020-05-07,12400,8140,14170,,
2020-05-08,12400,8150,14410,,
2020-05-11,12090,8260,14500,,
2020-05-12,12110,8210,14600,,
2020-05-13,12120,8215,14650,,
2020-05-14,11900,8140,14630,,
2020-05-15,11700,8200,14650,,9100
2020-05-18,11500,8040,14630,,
2020-05-19,11510,7990,14650,,9060
2020-05-20,11470,7917,14900,,
2020-05-21,11540,7750,14600,,
2020-05-22,11500,7760,14700,,
2020-05-26,11700,7690,14770,,9190
2020-05-27,11720,7725,14800,,9200
2020-05-28,,7985,14750,,9200
2020-05-29,11900,8070,14770,,9225
2020-06-01,11980,8000,14930,,
2020-06-02,11980,8080,15050,,
2020-06-03,12000,8170,15120,,
2020-06-04,12100,8300,15360,,
2020-06-05,12250,8400,15250,,
2020-06-08,12250,8450,15250,,9643
2020-06-09,12350,8570,15250,,9655
2020-06-10,12430,8770,15300,,
2020-06-11,12440,8680,15330,16990,9670
2020-06-12,12450,8700,15350,,
2020-06-16,12495,8700,15300,,
2020-06-17,12450,8510,15400,,10000
2020-06-18,12450,8700,15500,,
2020-06-19,12500,8700,15770,,10000
2020-06-22,12500,8500,15700,,10100
2020-06-23,12500,8550,15750,,
2020-06-24,12800,8650,15600,,10135
2020-06-25,12900,8600,15500,,10150
2020-06-26,12900,8540,15430,,9900
2020-06-29,12980,8700,15340,,10180
2020-06-30,12980,8950,15620,17915,10330
2020-07-01,13150,9140,15900,,10500
2020-07-02,13150,8950,16000,,10550
2020-07-03,13200,8735,16000,,10560
2020-07-06,13350,8900,16020,,10600
2020-07-07,,8840,16250,,
2020-07-08,13580,8950,16340,,10600
2020-07-13,13850,8880,16055,,10600
2020-07-14,13864,8920,16350,,10665
2020-07-15,14000,9090,16400,,10674
2020-07-16,14000,9260,16700,,10680
2020-07-17,14100,9340,16800,,
2020-07-20,14000,9360,16850,,
2020-07-21,14000,9370,16950,,
2020-07-22,14000,9450,17040,,
2020-07-23,13950,9900,17270,,
2020-07-24,13950,9900,17300,,
2020-07-27,13700,9780,17320,,
2020-07-28,13600,9350,17200,,10790
2020-07-29,13680,9400,17270,,
2020-07-30,13690,9580,17250,,
2020-07-31,13800,9740,17350,,11150
2020-08-03,13740,9425,17350,,11210
2020-08-04,13750,9480,17225,,11430
2020-08-05,13760,9410,17300,,11225
2020-08-06,13700,9500,17390,,11240
2020-08-07,13400,9400,17340,,11250
2020-08-10,,9750,17500,,11270
2020-08-11,13600,9850,17400,,
2020-08-12,13600,10100,17510,,11290
2020-08-13,,10250,17850,,11300
2020-08-14,13570,10214,17760,,
2020-08-18,13650,10380,18000,,
2020-08-19,13700,10450,18000,,
2020-08-20,,10600,17910,,
2020-08-21,,10640,17830,,11740
2020-08-24,,10700,17970,,
2020-08-25,,11040,18300,,
2020-08-26,,11050,18400,,
2020-08-27,14300,11100,18600,,
2020-08-28,,11220,18800,,
2020-08-31,,11250,19000,,
2020-09-01,14440,11330,19050,,
2020-09-02,,11260,19120,,11860
2020-09-03,14600,11240,19140,,
2020-09-04,,11505,19230,,
2020-09-07,,11350,19300,,
2020-09-08,14700,11400,19380,,
2020-09-09,14750,11410,19550,,
2020-09-10,,11670,19650,,13060
2020-09-11,,11900,20020,,
2020-09-14,,11900,20120,,
2020-09-15,,12000,20180,,
2020-09-16,,12080,20700,,
2020-09-17,,12410,21010,,
2020-09-18,,12810,21650,,
2020-09-21,,12470,21400,,
2020-09-22,14950,12490,21650,,
2020-09-23,,12540,21800,,
2020-09-24,,12370,,,
2020-09-25,,12220,21300,,
2020-09-28,,12210,,,
2020-09-29,15000,12150,,,
2020-09-30,,12570,22030,,
2020-10-01,,12950,22850,,
2020-10-02,,13080,23100,,
2020-10-05,15362,13140,23100,,
2020-10-06,15376,13450,23550,,
2020-10-07,15382,13500,23800,,
2020-10-08,15460,13850,23920,,
2020-10-09,15400,13930,24200,,
2020-10-13,,13950,24100,,
2020-10-14,,14000,24400,,
2020-10-15,,14300,24600,,
2020-10-16,16240,14800,24700,,
2020-10-19,16300,15130,25010,,
2020-10-20,16660,15496,25500,,
2020-10-21,17000,15800,25950,,
2020-10-22,17130,,26400,,
2020-10-23,17500,15860,26535,,
2020-10-26,17500,15470,26620,,
2020-10-27,17500,15540,26600,,
2020-10-28,16900,,,,
2020-10-29,16480,14840,26090,,
2020-10-30,16300,14680,25230,,
2020-11-02,16300,14750,25150,,
2020-11-03,16350,14950,25600,,
2020-11-04,16300,14900,26120,,
2020-11-05,16570,15000,26550,,
2020-11-06,16570,14900,26400,,
2020-11-09,16860,15037,26650,,
2020-11-10,17100,15450,27150,,
2020-11-11,17100,15460,27400,,
2020-11-12,17100,15460,27300,,
2020-11-13,17103,15500,27600,,
2020-11-16,17200,15555,27750,,
2020-11-17,17165,15600,28100,,
2020-11-18,17190,15990,28390,,
2020-11-19,17050,15990,28300,,
2020-11-20,16670,16000,28373,,
2020-11-24,16340,15700,27770,,
2020-11-25,16440,15715,27800,,
2020-11-26,16550,15735,27840,,
2020-11-27,16900,15790,27900,,
2020-11-30,17030,15815,27375,,
2020-12-01,17140,15880,27580,,
2020-12-02,17355,15900,27070,,
2020-12-03,17410,16000,27320,,
2020-12-04,17500,16100,26870,,
2020-12-09,17700,16200,26650,,
2020-12-10,18350,16400,26710,,
2020-12-11,18450,16400,27030,,
2020-12-14,18050,16350,27250,,
2020-12-15,18120,16300,27630,,
2020-12-16,18300,16350,27850,,
2020-12-17,18480,16500,27630,,
2020-12-18,18590,16610,27600,,
2020-12-21,18700,16650,27800,,
2020-12-22,18700,,27960,34050,
2020-12-23,18835,16550,28300,,
2020-12-28,19050,16700,28460,,
2020-12-29,19050,17150,28830,,
2020-12-30,19000,17000,28880,,
2021-01-04,19100,16900,29150,,
2021-01-05,19040,16920,29440,,
2021-01-06,19000,16700,29440,,
2021-01-07,19100,16950,29150,,
2021-01-08,19300,17000,29450,,
2021-01-11,19300,17350,29550,39605,
2021-01-12,19780,17400,30000,39225,
2021-01-13,19800,17925,30050,39700,
2021-01-14,19880,18200,30330,39730,
2021-01-15,20050,17965,30025,39950,
2021-01-18,20270,17865,30140,40365,
2021-01-19,20270,18150,29500,40425,
2021-01-20,20330,17920,29350,40490,
2021-01-21,20270,17675,29100,40350,
2021-01-22,,,28300,40160,
2021-01-25,,17340,28440,,
2021-01-26,19650,17800,28700,,
2021-01-27,19300,17380,28350,,
2021-01-28,19200,17400,28540,,
2021-01-29,19200,17430,28750,41820,
2021-02-01,19270,17480,28800,,18790
2021-02-02,19150,17650,28875,,
2021-02-03,19050,17700,29170,,
2021-02-04,19100,17910,29120,,
2021-02-05,18900,17910,29100,,
2021-02-08,19000,18170,29000,40470,
2021-02-09,18870,17950,29200,40070,
2021-02-10,18900,17630,28550,,
2021-02-11,18900,17650,29000,,
2021-02-12,,17670,29100,,
2021-02-17,,18150,29375,39935,19080
2021-02-18,18840,18170,29150,39987,
2021-02-19,18680,18050,29350,,
2021-02-22,18920,17845,29200,,
2021-02-23,18760,18310,29550,40200,
2021-02-24,18790,17900,29620,,
2021-02-25,18900,17680,29350,,
2021-02-26,18750,17700,29370,,
2021-03-01,18850,17440,29250,40450,19775
2021-03-02,19250,17360,29440,40480,
2021-03-03,19170,17120,29350,,
2021-03-04,19300,17210,29730,,
2021-03-05,19300,17680,29760,40580,
2021-03-08,19450,17440,29800,,
2021-03-09,19500,17620,29960,,19900
2021-03-10,19550,17370,29870,40900,19915
2021-03-11,19500,17400,30000,40900,
2021-03-12,19500,17315,30000,,
2021-03-15,19550,17720,30270,,
2021-03-16,,18185,30370,,
2021-03-17,,18185,30120,,
2021-03-18,,17900,30050,,
2021-03-19,,18232,30300,,
2021-03-22,19740,18090,30240,,
2021-03-23,,18290,30360,,
2021-03-25,20100,18300,30220,,
2021-03-26,,18400,30100,,
2021-03-29,,17980,29900,,
2021-03-30,,17800,29450,,21000
2021-03-31,,18450,30600,,
2021-04-05,,18410,29910,44179,
2021-04-06,,18500,30110,,
2021-04-07,,18700,29800,,
2021-04-08,,19270,30050,,
2021-04-12,,18940,29560,,20785
2021-04-13,,19390,29780,,
2021-04-14,19400,19350,30240,,20805
2021-04-15,,19415,30250,,
2021-04-16,,19400,30746,,
2021-04-19,,19600,30690,,
2021-04-20,,19620,31310,,
2021-04-21,,19760,31560,,
2021-04-22,,19950,32320,,
2021-04-23,19980,19960,32380,,19980
2021-04-26,,19830,32250,,
2021-04-27,,19930,31750,,
2021-04-28,20350,20050,31700,,
2021-04-29,,20060,31000,,
2021-04-30,,20540,30810,,
2021-05-03,20560,20940,30900,,
2021-05-04,21040,21550,31420,,
2021-05-05,21050,22270,31700,42100,19500
2021-05-06,21500,22300,32300,,
2021-05-07,21930,22940,33000,,
2021-05-10,,22300,32800,,
2021-05-11,21550,22800,33500,,
2021-05-12,21570,22040,33950,,
2021-05-13,21580,20920,32370,,
2021-05-14,21590,20175,32320,,
2021-05-17,21610,20220,32600,,
2021-05-18,21610,20200,32550,,18790
2021-05-19,21600,19730,32400,,
2021-05-20,,20200,32350,,
2021-05-21,,19760,32925,,
2021-05-26,,19100,32055,,
2021-05-27,20600,20280,32543,,
2021-05-28,,19815,31990,,
2021-05-31,,19570,32050,,17960
2021-06-01,20700,20325,32350,,17490
2021-06-02,20700,19860,32150,,17495
2021-06-03,20720,19700,31770,,17400
2021-06-04,,19900,31710,,
2021-06-07,,19500,31620,,
2021-06-08,20860,19720,31670,,
2021-06-09,20870,19450,31500,,
2021-06-10,20880,19550,31100,,
2021-06-11,20700,19150,30400,,
2021-06-14,20650,18370,29970,,
2021-06-15,,18150,29980,,17120
2021-06-16,,18150,29980,,
2021-06-17,,,28551,,
2021-06-18,,,29500,,
2021-06-22,19500,17700,29540,,
2021-06-23,,17600,29550,,
2021-06-24,,17640,29170,,
2021-06-25,,17650,29100,,
2021-06-28,,17800,29600,,
2021-06-29,,17900,29400,,17190
2021-06-30,,18245,30375,,
2021-07-01,,18400,30680,,
2021-07-02,19310,18115,31060,,
2021-07-05,19330,18100,31150,,
2021-07-06,,17040,30000,,
2021-07-07,19400,17250,30500,,
2021-07-08,,17350,30680,,
2021-07-12,,17520,31215,,
2021-07-13,,17960,31650,,
2021-07-14,,19190,31800,,
2021-07-15,,18500,31900,,
2021-07-16,,18550,32500,,
2021-07-19,,18100,31800,,
2021-07-20,,18100,32300,,
2021-07-21,,18500,32310,,
2021-07-22,,17900,31850,33670,
2021-07-23,20210,17800,31850,,
2021-07-26,20230,17540,31800,,
2021-07-27,20230,17830,32020,,
2021-07-28,20230,17550,32050,,
2021-07-29,20000,18000,32400,,
2021-07-30,19780,18050,31940,,
2021-08-02,21070,18150,32200,,
2021-08-03,20700,18300,31880,,
2021-08-04,20290,18360,31980,,
2021-08-05,20980,18370,32390,,
2021-08-06,21200,,32400,,
2021-08-09,21250,18400,31950,,
2021-08-10,21300,18400,32450,,
2021-08-11,21790,18500,32600,,
2021-08-12,22280,18980,32900,,
2021-08-13,22580,19150,33200,,
2021-08-17,,18440,33380,,
2021-08-18,,18440,33530,,
2021-08-19,,17960,33010,,
2021-08-20,,17965,33200,,
2021-08-23,,18100,33050,,
2021-08-24,22000,18480,33600,,
2021-08-25,22180,18580,33710,,
2021-08-26,22300,18600,33970,38930,16060
2021-08-27,22780,18650,33420,,
2021-08-30,22430,17845,32760,,
2021-08-31,22350,18050,32750,,16094
2021-09-01,,18150,32550,,
2021-09-02,,18550,32900,,
2021-09-03,22460,18600,33300,,
2021-09-06,22460,18550,33250,,
2021-09-07,22500,18680,33000,,
2021-09-08,,18970,33260,,
2021-09-09,22500,19080,33270,,
2021-09-10,,19120,33300,,
2021-09-13,22540,19138,33610,,
2021-09-14,,19400,33950,,
2021-09-15,,19620,34315,,
2021-09-17,22700,19680,34360,,
2021-09-20,,20050,33800,,
2021-09-21,22700,19900,34100,,16410
2021-09-22,22800,19900,34400,,16410
2021-09-23,23110,19960,34420,,16400
2021-09-24,23600,20160,34430,,16720
2021-09-27,23330,20170,34460,,
2021-09-28,23630,19990,33970,,
2021-09-29,23650,20200,34050,,
2021-09-30,,19900,33900,,
2021-10-01,,,33820,,
2021-10-04,,,33840,,
2021-10-05,24180,19245,34140,,16780
2021-10-06,,19250,34150,,
2021-10-07,24190,19600,34450,,
2021-10-12,24230,18750,33650,,16810
2021-10-13,23740,18300,34030,,
2021-10-14,23550,18550,34600,,16820
2021-10-15,23755,18810,34740,,
2021-10-18,22800,19000,34870,,
2021-10-19,,19100,35185,,
2021-10-20,,19200,35695,,
2021-10-21,,19200,35100,,
2021-10-22,,19200,34900,,
2021-10-25,,19000,35045,,16380
2021-10-26,22500,19000,35000,,16395
2021-10-27,22800,19000,34950,,16410
2021-10-28,22800,19000,34920,,16415
2021-10-29,22900,19110,34850,,16420
2021-11-01,,19230,35050,,
2021-11-02,,19230,35220,,
2021-11-03,,19350,35150,,16950
2021-11-04,24340,19150,34620,,
2021-11-05,,,34300,,
2021-11-08,24070,19475,34000,,16980
2021-11-09,,19980,34530,,16985
2021-11-10,24480,19990,34750,,17990
2021-11-11,24290,19995,34780,,17995
2021-11-12,24100,20000,35100,,18000
2021-11-15,23650,20020,35900,,18010
2021-11-16,23700,20050,35800,,
2021-11-17,23550,20260,36180,,18027
2021-11-18,23550,20250,35900,,18500
2021-11-19,23050,20250,35900,,19050
2021-11-23,22600,20510,35880,,
2021-11-24,22900,20735,35730,,
2021-11-25,23300,20800,35770,,
2021-11-26,23600,20900,35050,,19114
2021-11-29,23800,20950,35050,,
2021-11-30,23400,,34260,,19200
2021-12-01,23100,20760,34900,,
2021-12-02,23000,21200,35315,,
2021-12-03,23350,21300,36050,,19230
2021-12-06,23500,21320,35680,,19250
2021-12-07,24100,21650,35800,,19230
2021-12-09,24220,21790,35880,,
2021-12-10,24400,21840,36150,,
2021-12-13,24200,,36030,,
2021-12-14,24380,21940,36570,,
2021-12-15,24180,22000,36480,,
2021-12-16,24410,22070,36850,,
2021-12-17,24700,22300,37050,,
2021-12-20,24970,22450,36950,,
2021-12-21,25000,22650,37350,,
2021-12-22,24850,23060,37600,,20412
2021-12-23,24700,22700,37780,,
2021-12-27,24750,23000,38500,,
2021-12-28,24600,23000,38820,,
2021-12-29,24600,23050,38600,,
2021-12-30,24400,22900,37800,,
2022-01-03,24400,23050,38300,,20560
2022-01-04,24280,23150,38890,,20580
2022-01-05,24400,23676,39150,,20590
2022-01-06,24400,,39300,,
2022-01-07,24250,,40000,49480,
2022-01-10,24350,,39570,,
2022-01-11,24360,23773,39850,,
2022-01-12,24470,23850,40250,,
2022-01-13,24500,23870,39770,,
2022-01-14,24510,23850,40208,,
2022-01-17,24520,23890,40000,,
2022-01-18,24050,23750,40250,,
2022-01-19,24350,23750,41050,49000,
2022-01-20,24300,,41435,,
2022-01-21,24500,23700,40700,49987,
2022-01-24,24500,23800,40000,50078,
2022-01-25,25500,24300,40100,50120,
2022-01-26,25400,24300,40755,50680,
2022-01-27,25400,24400,40900,50900,
2022-01-28,,24400,41600,,
2022-01-31,25230,24540,41800,,22500
2022-02-01,25250,25050,42493,52400,22560
2022-02-02,25200,24700,42525,,
2022-02-03,25230,24300,42570,,
2022-02-04,,24720,43130,,
2022-02-07,25315,25300,43780,52740,23200
2022-02-08,25350,24950,43650,52810,23230
2022-02-09,25690,25150,44180,52845,23250
2022-02-10,25700,25400,44860,52905,23275
2022-02-11,,25530,44950,52980,
2022-02-14,25850,25050,44700,,
2022-02-15,25870,25290,44740,53140,23380
2022-02-16,25637,25530,45530,,23400
2022-02-17,25750,25550,45700,54000,
2022-02-18,25800,25690,45830,54200,23450
2022-02-21,25850,26175,45830,54450,23505
2022-02-22,26750,26650,46550,54500,23540
2022-02-23,27500,26770,47540,54600,
2022-02-24,30000,27870,48130,55735,
2022-02-25,28960,26200,46900,55770,
2022-03-02,32535,29625,49340,62500,
2022-03-03,34180,31200,50500,63600,
2022-03-04,35600,32380,50620,65000,
2022-03-07,35390,31630,51305,66000,25800
2022-03-08,35650,32450,52990,69000,27050
2022-03-09,35650,32540,54000,70500,27120
2022-03-10,35855,33114,54250,74000,27450
2022-03-11,35800,33075,53800,76000,27200
2022-03-14,34700,31600,50800,,
2022-03-15,34600,31650,51000,76500,28300
2022-03-16,33310,30300,50000,76400,
2022-03-17,32850,30330,49800,,
2022-03-18,32850,29565,48180,,27920
2022-03-21,33700,29640,48840,,
2022-03-22,34600,29665,49160,,
2022-03-23,34600,29150,49700,,28045
2022-03-25,34800,,50350,,
2022-03-28,34300,27850,48200,,
2022-03-29,33180,27100,46900,,
2022-03-30,33980,27610,47600,,
2022-03-31,34240,27700,47100,63170,
2022-04-01,34385,27510,46030,,
2022-04-04,34800,28400,46775,,25835
2022-04-05,35680,28700,47600,,
2022-04-06,35720,28650,47120,,25675
2022-04-07,36270,28650,48060,,25710
2022-04-08,36800,28900,48710,,25900
2022-04-11,37500,29000,48320,,26410
2022-04-12,38050,29265,48970,,26900
2022-04-13,38350,29250,49620,,
2022-04-18,39500,29830,50475,,
2022-04-19,40250,30580,50550,,27830
2022-04-20,41180,30715,50965,,
2022-04-21,41450,30800,51150,,28450
2022-04-22,42190,30540,50750,,28500
2022-04-25,42250,30110,50200,,28800
2022-04-26,42420,30955,50560,,29800
2022-04-27,42900,31300,51105,71200,29860
2022-04-28,43600,31620,50600,,
2022-04-29,43740,32230,50275,,31080
2022-05-02,43555,,48870,,30850
2022-05-03,43400,31000,48700,,30900
2022-05-04,43450,30560,48670,,31250
2022-05-05,43500,30700,49300,,31300
2022-05-06,44000,30750,48850,,31900
2022-05-09,44150,30200,48490,,32050
2022-05-10,43770,30350,49100,,32200
2022-05-11,43900,30680,49450,,32700
2022-05-12,44500,30500,49280,,32774
2022-05-13,44430,30715,50050,,
2022-05-16,44900,31700,50250,,32940
2022-05-17,45380,31820,50350,,32650
2022-05-19,44895,31900,50560,,32370
2022-05-20,44350,31940,50390,,32410
2022-05-23,44050,32060,50110,,
2022-05-24,43640,32105,50540,,32105
2022-05-26,43750,32450,51260,,
2022-05-27,44160,32900,51400,,
2022-05-30,44330,32700,51520,,31750
2022-05-31,44150,31800,50500,,31440
2022-06-01,43250,31800,49960,,31830
2022-06-02,43890,30790,50510,,
2022-06-03,43600,31800,50120,,30800
2022-06-06,44000,31400,50180,,30800
2022-06-07,44070,31960,50330,,30750
2022-06-08,44250,32070,50800,,30800
2022-06-09,44200,31930,51000,,30900
2022-06-10,44250,31610,50460,,30650
2022-06-13,43960,31020,49450,,29790
2022-06-14,43300,31050,49100,,29790
2022-06-15,43180,30625,49370,,29770
2022-06-16,44040,31275,49456,,29580
2022-06-21,42600,29950,48500,,28400
2022-06-22,42700,30300,47700,,28440
2022-06-23,41850,,47080,,28500
2022-06-24,41930,29550,47800,,28530
2022-06-27,41710,29600,47940,,
2022-06-28,41750,29800,48300,,
2022-06-29,41830,29850,48850,,28710
2022-06-30,,,48900,,28750
2022-07-01,,27250,47750,,28700
2022-07-04,,,,,28550
2022-07-05,,26710,46600,,27970
2022-07-06,39880,27200,46800,,27760
2022-07-07,,,47700,,27800
2022-07-08,43550,30130,49120,,
2022-07-11,43600,30260,50250,,
2022-07-12,43000,29050,48660,,
2022-07-13,43000,29350,,,
2022-07-14,43580,,48690,,27700
2022-07-15,43350,29050,48900,,28000
2022-07-18,,29540,49680,,28100
2022-07-19,43100,28900,49250,,
2022-07-20,,29000,49000,,28000
2022-07-21,42430,28200,48250,,28000
2022-07-22,,27920,48450,,27850
2022-07-25,39060,27500,48825,,
2022-07-26,,28735,49650,,
2022-07-27,,29600,50460,,
2022-07-28,40585,30310,51190,,28800
2022-07-29,40760,30310,51800,,29230
2022-08-01,,29400,,,29370
2022-08-02,40260,29040,49600,,29700
2022-08-03,40330,29088,49200,,29500
2022-08-04,40395,29800,50850,,29700
2022-08-05,40470,29890,50500,,29855
2022-08-08,39600,29870,51350,,30000
2022-08-09,40150,30100,52200,,30350
2022-08-10,40800,30780,52625,,30500
2022-08-11,41000,30840,53160,,30700
2022-08-12,41100,30500,53200,,30910
2022-08-16,40540,29450,51080,,
2022-08-17,40600,29650,51560,,
2022-08-18,40450,30050,51650,,
2022-08-19,,30150,51800,,
2022-08-22,38340,30290,52390,,
2022-08-23,,31250,53130,,
2022-08-24,39200,31025,52930,,
2022-08-25,39250,30700,51700,,
2022-08-26,39325,30600,53075,,
2022-08-29,38950,31550,52620,,32460
2022-08-30,,31280,52600,,32520
2022-08-31,,31350,52300,,32554
2022-09-01,,31653,52000,,
2022-09-05,,32215,72420,,
2022-09-06,42100,32600,69050,,
2022-09-07,42200,32600,68950,,33040
2022-09-08,,32800,67000,,33120
2022-09-09,,33320,68300,,
2022-09-12,,34100,70080,,
2022-09-13,,34000,70000,,
2022-09-14,,34100,71000,,
2022-09-15,,34150,70000,,
2022-09-16,,34350,70000,,34000
2022-09-19,,33735,70000,,33880
2022-09-20,,,70000,,
2022-09-21,,,69000,,
2022-09-22,,34600,67000,,34100
2022-09-23,,,63000,,
2022-09-26,,33600,62000,,
2022-09-27,,34105,63200,,
2022-09-28,,34460,63000,,
2022-09-29,,35100,63200,,34800
2022-09-30,,35310,,,
2022-10-03,,35530,,,35530
2022-10-04,,35750,,,
2022-10-05,,36570,,,
2022-10-06,,35800,,,
2022-10-11,,37000,,,
2022-10-12,,37000,60650,,
2022-10-13,,37500,,,
2022-10-14,,37200,,,
2022-10-17,,37620,59400,,36550
2022-10-18,,37100,58760,,36500
2022-10-19,,37000,,,36715
2022-10-20,,,,,36800
2022-10-21,,37000,,,36900
2022-10-24,,37470,59800,,
2022-10-25,,,60150,,37170
2022-10-26,,37750,61050,,
2022-10-27,,37630,61100,,
2022-10-28,,37900,60760,,
2022-10-31,,38400,,,
2022-11-01,,38960,,,
2022-11-02,,39030,62650,,
2022-11-03,,39150,62800,,
2022-11-04,,39520,63700,,
2022-11-07,,39470,64300,,
2022-11-08,,39500,,,
2022-11-09,,39160,63300,,
2022-11-10,,38600,,,
2022-11-11,,38900,,,
2022-11-14,,39100,,,
2022-11-15,,39400,,,
2022-11-16,57600,39430,,,
2022-11-18,,39150,,,
2022-11-22,,39450,,,
2022-11-23,,39515,,,
2022-11-24,,39520,,,
2022-11-25,,39700,,,
2022-11-28,,39930,85000,,
2022-11-29,,40020,84990,,
2022-11-30,,40100,85000,,40100
2022-12-01,,41050,85100,,
2022-12-02,,41300,87200,,
2022-12-05,,,88300,,
2022-12-06,,,90300,,
2022-12-07,,42090,92050,,
2022-12-12,56750,,94300,,41080
2022-12-13,,,96100,,41700
2022-12-14,,,100000,,
2022-12-15,,,95500,,
2022-12-16,,,100000,,
2022-12-19,,,98000,,
2022-12-20,,,100000,,
2022-12-21,,,100300,,
2022-12-22,,,98500,,
2022-12-23,,,96500,,
2022-12-26,,43500,95800,,
2022-12-27,,43400,98800,,
2022-12-28,,43550,95000,,44400
2022-12-29,,43500,95000,,
2022-12-30,56600,,,,
2023-01-04,,44500,,,
2023-01-09,,45500,,84550,
2023-01-10,,,,86500,
2023-01-11,,45560,,86990,
2023-01-12,,46100,,85000,
2023-01-17,,46670,,83850,
2023-01-19,,47200,,82300,
2023-01-23,,46960,,,
2023-01-24,,47967,,79330,
2023-01-25,,48200,,78550,
2023-01-26,,48320,,77800,49982
2023-01-27,,48850,,,
2023-01-30,,49385,,,
2023-01-31,,49465,,,
2023-02-01,,49620,,,
2023-02-02,,49210,,,51500
2023-02-03,,49770,,,
2023-02-06,,49500,,,
2023-02-07,,49250,,79500,
2023-02-08,,49310,,80600,
2023-02-09,,49400,,81700,
2023-02-10,,49480,,81800,
2023-02-13,,49780,,80400,51500
2023-02-14,,49870,,80550,
2023-02-15,,50000,,80550,
2023-02-16,,50280,,80750,
2023-02-22,,51030,,,
2023-02-23,,51220,,81750,
2023-02-24,,50800,,81200,
2023-02-27,,50330,,80610,
2023-02-28,,49430,,80750,
2023-03-01,,49340,,80920,
2023-03-02,,49415,,81045,
2023-03-03,,49550,,81200,
2023-03-06,,50780,,81500,
2023-03-07,59000,50870,89800,81780,
2023-03-08,,50930,90000,81900,
2023-03-09,,50640,90000,81065,
2023-03-10,58555,49330,,77900,
2023-03-13,,50200,,75600,
2023-03-14,,50215,,75200,
2023-03-15,,50540,,,
2023-03-16,,50800,,,
2023-03-17,,51040,,,52770
2023-03-20,,51030,,,
2023-03-21,,51155,88000,,51200
2023-03-22,,50850,87000,,
2023-03-23,,51200,84900,,51345
2023-03-27,,51755,,68316,
2023-03-28,57050,51860,,,
2023-03-29,,52180,,68607,
2023-03-30,,51500,,68700,
2023-03-31,,51945,,68840,
2023-04-03,57750,52310,,69290,53540
2023-04-04,,52750,,,
2023-04-05,,53700,,,
2023-04-12,,53140,,,
2023-04-13,,53100,,,
2023-04-14,,52820,100000,,
2023-04-17,60470,52750,100500,,
2023-04-18,,52000,100800,,
2023-04-19,,,101000,,
2023-04-20,,,100500,,
2023-04-25,,,100000,,
2023-04-26,,46300,100000,,
2023-04-27,,46500,100000,,
2023-04-28,,46650,100000,85000,63900
2023-05-02,,47095,101100,,64950
2023-05-03,62940,47200,100500,89000,66000
2023-05-04,63080,47870,100600,90000,67000
2023-05-05,66175,47990,102900,95000,70000
2023-05-08,65900,48500,104300,95000,70000
2023-05-09,66000,48050,105300,95000,70000
2023-05-10,66400,48400,110000,96500,70000
2023-05-11,67000,48500,110000,,70000
2023-05-12,,48550,110000,,
2023-05-15,,50000,110000,,
2023-05-16,,50700,104500,,
2023-05-17,,49150,105000,,70000
2023-05-18,,,105000,,
2023-05-19,,,103000,,
2023-05-22,,,102500,,
2023-05-23,,,101000,,
2023-05-24,,,101800,,
2023-05-29,76500,48700,99000,,60000
2023-05-30,,48700,98000,85000,64000
2023-05-31,76500,48600,95000,,
2023-06-01,,49170,,,
2023-06-02,,49500,,,
2023-06-05,,49700,,,
2023-06-06,76600,47840,,,
2023-06-07,,48300,,,
2023-06-08,,49150,,,
2023-06-09,,48900,,,
2023-06-12,,48000,,,
2023-06-13,73500,46875,,,
2023-06-14,73250,47050,,,52000
2023-06-15,,47110,,,
2023-06-16,72000,48560,,,
2023-06-21,,50200,,,
2023-06-22,,50700,,,
2023-06-23,73255,,,,55570
2023-06-26,73600,50000,,,
2023-06-27,73900,49000,,,
2023-06-28,72290,48500,,,
2023-06-29,71700,47700,,,
2023-06-30,,47200,,,
2023-07-03,71300,46300,,,
2023-07-04,71700,46350,,,58300
2023-07-05,73000,46650,,,58500
2023-07-06,73200,48000,,,
2023-07-07,73200,47600,,,
2023-07-10,73000,47950,,,
2023-07-11,73000,48250,,,59650
2023-07-12,72750,48000,,,60640
2023-07-13,72500,48500,,,61000
2023-07-14,,,,,61000
2023-07-17,,,,,61900
2023-07-18,,49650,,,
2023-07-19,,52000,,,62870
2023-07-20,,50100,,,61710
2023-07-21,73700,48800,,,60740
2023-07-24,74500,49650,99000,,62240
2023-07-25,,62000,100000,105000,78200
2023-07-26,,61850,100000,110000,79950
2023-07-27,73100,62750,100000,114500,80000
2023-07-28,,62800,,115000,80000
2023-07-31,,59000,,,80500
2023-08-01,,60000,,,81000
2023-08-02,,60800,,,81300
2023-08-03,,60000,,,
2023-08-04,,60600,102800,,
2023-08-07,,59850,,,
2023-08-08,,60000,,,82000
2023-08-09,,60000,,,
2023-08-10,,60000,,,81000
2023-08-11,,61000,,,
2023-08-15,84000,60000,122000,,82500
2023-08-16,84000,60950,125500,,82950
2023-08-17,,61700,127000,,
2023-08-18,,62700,127000,,
2023-08-22,,61850,126000,,
2023-08-23,,62720,127000,,83000
2023-08-24,,63100,,,
2023-08-25,,64200,130000,,
2023-08-28,,65500,,,
2023-08-29,,65500,,,84000
2023-08-30,,66000,,,
2023-08-31,,66000,,,85800
2023-09-01,,66700,,,
2023-09-04,,,,,86000
2023-09-05,,66000,,,
2023-09-06,,67500,151000,,
2023-09-07,,67900,160000,,
2023-09-08,,67500,,,88000
2023-09-11,,68000,158000,,
2023-09-12,,68000,160000,,
2023-09-13,,67500,160000,,
2023-09-14,,68000,162000,,
2023-09-15,,70000,160000,,
2023-09-18,,70000,160000,,
2023-09-19,,,160000,,
2023-09-20,,70000,160000,,
2023-09-21,,70000,160000,,
2023-09-22,,,160000,,
2023-09-25,,,160000,,
2023-09-26,,,162500,,
2023-09-27,,,165000,,
2023-09-28,,,165000,,
2023-09-29,,,165000,,
2023-10-03,,,165000,,
2023-10-04,,78000,170300,,95000
2023-10-05,,79950,175000,,
2023-10-06,,81600,177000,,96500
2023-10-09,,,175000,,
2023-10-10,,,175500,,
2023-10-23,,95000,,,
2023-10-26,111000,,,,
2023-10-30,111000,,,,
2023-10-31,110000,92000,,,
2023-11-01,112000,91000,,,
2023-11-02,112500,92000,,,
2023-11-03,111800,92000,,,
2023-11-06,,90200,180000,,
2023-11-07,103000,92000,181000,,
2023-11-08,101000,91500,,,
2023-11-09,100000,91900,178000,,
2023-11-10,101000,92000,180000,,
2023-11-13,102000,94500,189000,,
2023-11-14,105000,95000,189000,,
2023-11-15,106500,95000,190000,,
2023-11-16,106000,95000,,,
2023-11-21,120000,105000,223500,,
2023-11-22,130000,114000,239000,,
2023-11-23,135000,119800,238000,,
2023-11-24,134900,122000,240000,,
2023-11-27,125000,116000,225000,,
2023-11-28,122000,112000,220000,,
2023-11-29,122000,111000,218000,,
2023-11-30,122000,111000,210000,,
2023-12-01,,,215000,,
2023-12-04,,,215000,,
2023-12-05,,,216000,,
2023-12-13,160000,144000,258000,,
2023-12-14,173000,149600,268000,,
2023-12-15,175000,150000,265000,,
2023-12-18,179900,149500,265000,,
2023-12-19,180000,150000,265000,,
2023-12-20,178500,150000,262000,,
2023-12-21,181300,150000,261000,,
2023-12-22,184500,150000,260000,,
2023-12-26,184500,150000,262000,,
2023-12-27,185000,150000,264000,,
2023-12-28,185000,151000,265000,240000,
2023-12-29,184500,151000,265000,245000,
2024-01-02,183800,150000,261000,,
2024-01-03,180000,150500,264500,,
2024-01-04,179950,154900,265000,250000,
2024-01-05,179900,156000,266500,267000,
2024-01-08,178800,158000,270000,267000,
2024-01-09,179500,160000,275000,267000,
2024-01-10,177500,160000,275000,267000,
2024-01-11,179900,160000,275500,276000,
2024-01-12,179000,157000,270500,278000,
2024-01-15,176000,154500,270000,280000,
2024-01-16,176000,155000,275000,,
2024-01-17,179800,155000,275000,,
2024-01-18,180000,155000,275000,285000,
2024-01-19,180000,155000,274500,285000,
2024-01-22,181000,154800,274000,286000,
2024-01-23,181900,155000,275000,286000,
2024-01-24,184400,155000,275000,286800,
2024-01-25,184900,155500,275000,287000,
2024-01-26,185000,155000,267500,287000,
2024-01-29,180000,154000,265000,287500,
2024-01-30,184900,155000,269500,288000,
2024-01-31,185000,155000,265000,288200,
2024-02-01,183000,154900,265500,288365,
2024-02-02,188800,152000,265500,288500,
2024-02-05,181800,151000,265300,289000,
2024-02-06,181800,150000,265000,289300,
2024-02-07,181000,151000,261950,289500,
2024-02-08,183000,150000,261000,290000,
2024-02-09,184900,148000,260000,290000,
2024-02-14,180000,149800,253000,290000,
2024-02-15,180000,147500,250000,290000,
2024-02-16,175500,144400,250000,289000,
2024-02-19,171000,141500,245000,280000,
2024-02-20,170000,143000,247300,270000,
2024-02-21,170000,140800,245000,270000,160000
2024-02-22,170000,139500,240000,272500,160000
2024-02-23,170000,135000,240000,265000,160000
2024-02-26,170000,135100,240000,260000,155000
2024-02-27,170000,139800,241000,258000,
2024-02-28,170000,140500,242500,260000,156000
2024-02-29,170000,141000,243500,260000,
2024-03-01,169500,144000,248000,260000,155000
2024-03-04,170500,144000,249000,256000,156000
2024-03-05,170500,144000,250000,256000,155000
2024-03-06,170000,144500,250000,258000,155000
2024-03-07,170000,146000,249500,255000,155000
2024-03-08,169900,147000,250000,251000,
2024-03-11,169900,147000,248000,246000,150000
2024-03-12,170000,149000,250000,244000,150000
2024-03-13,170000,150000,251000,240000,150000
2024-03-14,169800,151500,251950,245000,150000
2024-03-15,170000,150000,251000,,150000
2024-03-18,170000,149000,253000,,
2024-03-19,171000,150000,256000,,150000
2024-03-20,172000,151000,260000,235000,
2024-03-21,172000,151000,264000,,150000
2024-03-22,172000,148300,259500,242000,150000
2024-03-25,172000,145000,254900,,150000
2024-03-26,172000,145000,250000,,148000
2024-03-27,172000,141000,245000,235000,145000
2024-04-03,171000,143700,242000,235000,145000
2024-04-04,174000,145000,245000,,
2024-04-05,175000,145000,250000,240000,
2024-04-08,175000,147000,247500,,
2024-04-09,175000,149000,250000,,
2024-04-10,178000,150000,250500,,
2024-04-11,180000,150500,251000,,
2024-04-12,185000,152500,252500,,
2024-04-15,185500,151000,251000,,140000
2024-04-16,189800,152000,251000,,
2024-04-17,191000,154000,251000,250000,
2024-04-18,191500,154000,249800,255000,
2024-04-19,193000,155000,250000,260000,141000
2024-04-22,197000,156500,250000,260000,
2024-04-23,197500,158000,250500,260000,
2024-04-24,200000,158500,250500,260000,
2024-04-25,200000,159700,251500,,
2024-04-26,200000,160000,252000,,
2024-04-29,200000,158000,252000,,
2024-04-30,,,250000,,
2024-05-02,200000,160000,255000,,142000
2024-05-03,210000,163000,261000,,
2024-05-06,210000,165000,265000,,140000
2024-05-07,210000,167000,271500,,144000
2024-05-08,211000,165000,274000,,145000
2024-05-09,218000,160000,260000,,
2024-05-10,220000,162000,260000,,145000
2024-05-13,220500,164700,261800,260000,142000
2024-05-14,230000,165000,263500,,142000
2024-05-15,232000,160500,269900,,142000
2024-05-16,234000,156500,270500,,
2024-05-17,238000,154000,272000,,144000
2024-05-20,235000,154500,277000,270000,145000
2024-05-21,237000,155000,278000,270000,143000
2024-05-22,242000,157000,284500,,145000
2024-05-23,247000,162000,289000,270000,149000
2024-05-24,248500,163000,285000,270000,150000
2024-05-27,249000,163000,285000,,150000
2024-05-28,249000,163000,285000,,155000
2024-05-29,249000,162500,289500,,157000
2024-05-30,248000,159000,289500,,160000
2024-05-31,246000,158000,290000,,160000
2024-06-03,240000,158000,285000,,160000
2024-06-04,240000,160000,282000,,160000
2024-06-05,238000,161500,282000,280000,160000
2024-06-06,235000,165000,290000,280000,165000
2024-06-07,233000,163500,285000,,164500
2024-06-10,229500,165000,290000,,165000
2024-06-11,230000,165000,291000,,165000
2024-06-12,230000,165500,292000,,165000
2024-06-13,230000,166800,293000,295000,165000
2024-06-14,229900,165000,293000,295000,166700
2024-06-18,224900,164000,285000,,170000
2024-06-19,,162800,285000,,170000
2024-06-24,220000,159000,286000,,170000
2024-06-25,219800,159000,280000,,170000
2024-06-26,220000,162000,281000,,170000
2024-06-27,220000,162300,280000,,170000
2024-06-28,219800,159500,280000,,
2024-07-01,219800,159500,283500,,170000
2024-07-02,226000,160500,286500,,170000
2024-07-03,229900,160000,286500,,170000
2024-07-04,230000,157500,285500,,171000
2024-07-05,230500,156200,290000,,170000
2024-07-08,228000,150000,281000,,168000
2024-07-10,227000,150000,280000,,170000
2024-07-11,227500,154850,285000,,170000
2024-07-12,229000,155000,285500,,170000
2024-07-15,230000,150500,280500,,170000
2024-07-16,227000,151500,285000,,168000
2024-07-17,227000,153500,285000,310000,165000
2024-07-18,226500,150500,285500,,165000
2024-07-19,230000,151000,285500,,165000
2024-07-22,230000,155000,290000,,165000
2024-07-23,230000,160000,290000,,163000
2024-07-24,230000,160000,290000,,160000
2024-07-25,230000,160000,293500,,160000
2024-07-26,231000,155800,285000,,156000
2024-07-29,231000,154900,285000,,155000
2024-07-30,231000,155000,285000,,
2024-07-31,231000,152000,282000,,
2024-08-01,230000,151800,285000,,145000
2024-08-02,231000,155000,285500,,
2024-08-05,232000,160000,290000,,
2024-08-06,235000,160000,290000,,140500
2024-08-07,239000,160000,287000,,140000
2024-08-08,240000,160000,285000,,
2024-08-09,240000,160000,285000,,
2024-08-12,,160000,280000,,
2024-08-13,230000,160000,280000,,
2024-08-14,230000,160000,280000,,140000
2024-08-15,230000,160000,285000,,140000
2024-08-16,230000,160000,285000,,140000
2024-08-19,230000,161000,289300,,140000
2024-08-20,230000,161800,291000,,140000
2024-08-21,230000,163000,293000,,140000
2024-08-22,230000,163000,290000,,140000
2024-08-23,228000,163000,291000,,140000
2024-08-26,225000,163000,293500,,140000
2024-08-27,230000,165000,297000,,
2024-08-28,225000,165000,295000,,
2024-08-29,225000,165000,300000,,
2024-08-30,223000,165000,297000,,
2024-09-02,220000,165000,295000,,
2024-09-03,220000,169500,300000,,
2024-09-04,220000,170000,300000,,140000
2024-09-05,,169900,295000,,140000
2024-09-06,,169000,292000,,
2024-09-09,214000,165000,295000,,
2024-09-10,214000,166500,293800,,
2024-09-11,211000,167000,295000,,
2024-09-12,214000,167000,297000,,135000
2024-09-13,,169900,295100,,135000
2024-09-16,,165500,295000,,
2024-09-17,205000,166250,295000,,
2024-09-18,,167500,300000,,
2024-09-19,205000,169500,300000,,
2024-09-20,205000,169500,300000,,
2024-09-23,205000,170000,300000,,135000
2024-09-24,195000,170000,300000,,135000
2024-09-25,,172000,300000,,137000
2024-09-26,200000,172000,305000,,
2024-09-27,,174950,305000,,
2024-09-30,,179000,310000,,
2024-10-01,,180000,315000,,145000
2024-10-02,210000,181800,315000,,
2024-10-03,210000,181500,310000,,
2024-10-04,210000,180500,310000,,
2024-10-07,210000,180000,305000,,
2024-10-08,210000,180000,305000,,
2024-10-09,,181000,300000,,145000
2024-10-10,,180500,300000,,
2024-10-14,219000,177000,300000,,145000
2024-10-15,215000,177500,303000,,146000
2024-10-16,215000,179000,305000,,
2024-10-17,,180000,305800,,
2024-10-18,207500,180000,310000,,
2024-10-21,205000,182000,311200,,
2024-10-22,204500,182900,310000,,
2024-10-23,203000,180000,312500,,
2024-10-24,200000,180000,314900,,146000
2024-10-25,195000,180000,308000,,
2024-10-28,195000,177800,305000,,148000
2024-10-29,196500,177800,302000,,
2024-10-30,195000,178000,305000,,155000
2024-10-31,195000,178000,303000,,155000
2024-11-01,195000,180000,301000,355000,160000
2024-11-04,195000,180000,306500,355000,160000
2024-11-05,195000,180000,306300,355000,160000
2024-11-06,195000,182000,309000,355000,161000
2024-11-07,197000,183000,310000,355000,161000
2024-11-08,190000,185200,309500,358000,165000
2024-11-11,190000,185000,305200,360000,165000
2024-11-12,190000,185000,305000,360000,165000
2024-11-13,189500,186300,301000,360000,169000
2024-11-14,187000,185000,300000,360000,170000
2024-11-15,183000,183000,304000,362000,170000
2024-11-19,189000,185000,300000,362000,170000
2024-11-20,191500,185000,299800,365000,165000
2024-11-21,191500,185000,295000,,
2024-11-22,190000,184000,292000,365000,165500
2024-11-25,189000,182500,295000,365000,167000
2024-11-26,190000,182500,294900,370000,170000
2024-11-27,192000,182800,295000,,170000
2024-11-28,192900,182000,293000,,170000
2024-11-29,191000,182000,293000,,
2024-12-02,190000,180000,290000,,167000
2024-12-03,190000,182800,295000,,170000
2024-12-04,190000,183000,295000,,170000
2024-12-05,190000,183000,295000,,170000
2024-12-06,194200,183000,296500,,170000
2024-12-09,194500,180500,295100,,
2024-12-10,195200,180500,297000,,
2024-12-11,195000,,,,170000
2024-12-12,195000,,295000,,
2024-12-13,195000,180000,291000,,
2024-12-16,195000,180000,290000,,
2024-12-17,196000,180500,285000,,
2024-12-18,199500,184800,280000,385000,170000
2024-12-19,198500,183500,280000,382500,170000
2024-12-20,198000,187000,280000,380000,170000
2024-12-23,199000,187000,281000,380000,170000
2024-12-26,199000,190000,286500,380000,170000
2024-12-27,200000,190000,285000,,170000
2024-12-30,200000,190000,285000,375000,
2025-01-02,199500,190000,290000,372000,170000
2025-01-03,195000,190000,285000,372000,
2025-01-06,195000,191900,289000,362000,170000
2025-01-07,195000,193800,288000,363000,173000
2025-01-08,196500,195000,287900,362000,173000
2025-01-09,196500,198000,288000,362000,
2025-01-10,197000,200000,292500,362000,
2025-01-13,197000,205000,295000,360000,180000
2025-01-14,196000,205000,295500,358000,180000
2025-01-15,196000,206000,295000,355000,180000
2025-01-16,199000,205000,285000,353000,180000
2025-01-17,198000,209000,290000,353000,180000
2025-01-20,198000,206500,290000,353000,180000
2025-01-21,199000,209300,293000,355000,
2025-01-22,200000,211500,295000,355000,180000
2025-01-23,202000,213000,295500,355000,
2025-01-28,209500,215000,310000,356320,
2025-01-29,213000,221500,315000,356490,
2025-01-30,213000,224000,315000,367150,
2025-01-31,213000,223000,315000,367600,
2025-02-03,210000,223000,315000,368000,185000
2025-02-04,210000,225000,320000,368000,190000
2025-02-05,214000,224000,320000,368000,190000
2025-02-06,220000,224000,320000,368000,190000
2025-02-07,220000,220000,322000,365000,190000
2025-02-10,220000,220000,322000,365500,190000
2025-02-11,220000,220000,325000,368000,
2025-02-12,220000,219000,320000,368000,
2025-02-13,219500,218000,325000,369150,
2025-02-14,220000,217000,330000,369300,
2025-02-17,220000,215000,330000,369700,190000
2025-02-18,221500,216000,331400,369700,190000
2025-02-19,223000,217000,331400,,
2025-02-20,223000,218000,332000,373000,195000
2025-02-21,226000,215000,330000,373000,
2025-02-24,226000,212000,326000,370300,200000
2025-02-25,225000,211500,330000,359000,200000
2025-02-26,224500,214500,330000,350000,200000
2025-02-27,221200,214800,331000,350000,200000
2025-02-28,219500,214800,322500,350000,200000
2025-03-05,213000,208500,318500,350200,
2025-03-06,212000,212000,329000,350300,200000
2025-03-07,214000,210000,330000,350300,205000
2025-03-10,215000,207500,328500,350500,205000
2025-03-11,222500,208000,329000,350500,205000
2025-03-12,223500,206000,320500,340000,205000
2025-03-13,224000,207500,320000,340000,207000
2025-03-14,230000,207000,320000,340000,210000
2025-03-17,230000,206500,321000,,210000
2025-03-18,233000,207400,325000,,210000
2025-03-19,236000,208500,327500,,209000
2025-03-20,235000,210000,328000,,210000
2025-03-21,235500,210000,327500,,210000
2025-03-25,235000,209000,330500,320000,210000
2025-03-26,235000,210000,340000,320000,210000
2025-03-27,235000,209000,343000,320700,210000
2025-03-28,235000,208000,343000,321000,210000
2025-03-31,235000,210000,343000,321300,
2025-04-01,235000,210000,315000,321500,210000
2025-04-03,235000,213500,315000,321500,210000
2025-04-04,235000,214500,310000,,210000
2025-04-07,235000,215000,310000,,
2025-04-08,235000,218000,320000,,210000
2025-04-09,239900,222000,324000,,
2025-04-10,239000,224500,325000,,
2025-04-11,239000,225000,330000,,
2025-04-14,240000,230000,330000,,214000
2025-04-15,248000,237500,335000,355000,
2025-04-16,248000,232000,317500,,214000
2025-04-21,227850,216000,302500,,195000
2025-04-22,228500,220000,304500,328500,
2025-04-23,236000,227000,308000,338000,212000
2025-04-24,240000,231000,315000,,215000
2025-04-25,243000,233000,310000,348000,215000
2025-04-28,235000,231000,310000,,
2025-04-29,233000,228000,302000,,213000
2025-04-30,,228000,290000,,210000
2025-05-05,231000,221000,308000,,
2025-05-06,234000,223500,316500,,213000
2025-05-07,220800,210000,303000,,
2025-05-08,221000,204000,300000,,
2025-05-09,225400,207000,310000,343800,
2025-05-12,222400,207000,310000,343000,201000
2025-05-13,220000,206000,304000,,198700
2025-05-14,224000,208000,305000,,197500
2025-05-15,224500,211000,308000,383860,203220
2025-05-16,224000,213000,311500,385200,204000
2025-05-19,225000,210000,312500,390000,203700
2025-05-20,226700,212000,315000,393000,204000
2025-05-21,228500,213000,315000,394500,204660
2025-05-22,227000,210000,314000,394300,201640
2025-05-23,225000,206000,307500,393500,200100
2025-05-26,226800,207000,311000,396900,202000
2025-05-27,228500,210800,314000,401400,204500
2025-05-28,230000,210000,310000,402800,205000
2025-05-29,234800,209700,317000,410900,211000
2025-05-30,235800,209000,320000,,212200
2025-06-02,234300,205000,320000,410000,210500
2025-06-03,234900,205200,322500,411250,211000
2025-06-04,235300,205000,323000,411775,211000
2025-06-05,236400,206500,323500,415000,209000
2025-06-06,235300,203700,321300,,205000
2025-06-09,234000,202900,320000,405720,202500
2025-06-10,235500,202800,320800,401000,200500
2025-06-11,232250,205000,326000,,197500
2025-06-12,232850,205000,323800,,191600
2025-06-13,232500,205500,327000,,191200
2025-06-17,230200,201000,326900,380000,189900
2025-06-18,226700,198000,318200,,187000
2025-06-19,230600,200000,319400,,190245
2025-06-23,232400,202000,319500,,194000
2025-06-24,233100,200000,323000,,196000
2025-06-25,236500,201000,321000,,197470
2025-06-26,236100,201800,321000,,198300
2025-06-27,236000,201500,321000,,198300
2025-06-30,238600,202100,321000,,199800
2025-07-01,240000,203000,,,200000
2025-07-02,241500,204000,315000,,200500
2025-07-03,241950,208700,315000,,201630
2025-07-04,243700,206000,315000,,203100
2025-07-07,244700,210000,315000,,207000
2025-07-08,243000,208500,315000,,205600
2025-07-10,243000,211820,320000,,205600
2025-07-11,245000,213000,323000,,208000
2025-07-14,250000,215900,330000,,214800
2025-07-15,246400,218000,330000,,215000
2025-07-16,249700,219900,330000,,214400
2025-07-17,251500,221000,335000,,221375
2025-07-18,255200,222000,340000,,223100
2025-07-21,253200,218000,338500,,221550
2025-07-22,253500,216000,336000,,221400
2025-07-23,252500,222000,340000,424500,219000
2025-07-24,256000,226100,341500,,223500
2025-07-25,256000,,345000,,
2025-07-28,260000,227600,360000,,227600
2025-07-29,259000,,365000,,228196
2025-07-30,263800,,370000,,
2025-07-31,275500,244350,385000,,
2025-08-01,273800,241200,389000,,240000
2025-08-04,273000,241100,395000,,237500
2025-08-05,268800,237500,392000,,
2025-08-06,268000,232800,390000,,231500
2025-08-07,266800,231800,390300,,230500
2025-08-08,269985,233100,390000,,230400
2025-08-11,266540,229770,385000,,229770
2025-08-12,265000,227000,390000,,
2025-08-13,264700,226900,390000,,
2025-08-14,262000,224600,384000,,
2025-08-18,260650,227000,380000,,221500
2025-08-19,260550,225300,380500,,219500
2025-08-20,262270,226500,385000,,
2025-08-21,265120,229200,390000,,228000
2025-08-22,266200,230500,392000,,229000
2025-08-25,274000,237450,400000,487080,236775
2025-08-26,272200,235800,400000,,235800
2025-08-27,270000,230500,394000,,230500
2025-08-28,265500,227700,387000,,
2025-08-29,266600,233275,389000,479880,
2025-09-01,273000,240000,395000,,
2025-09-02,271000,237000,400000,,223080
2025-09-03,270500,237000,395000,,
2025-09-04,271000,238000,400000,,
2025-09-05,270000,242300,400000,,
2025-09-08,281000,,410000,,
2025-09-09,282500,248000,415000,,232200
2025-09-10,282900,249000,420000,,233300
2025-09-11,284600,250500,425000,,234800
2025-09-12,281600,254900,435000,,238200
2025-09-15,284000,257500,440000,,
2025-09-16,281800,263000,440000,,240900
2025-09-17,281300,263800,440000,,241800
2025-09-18,281300,264000,440000,,241800
2025-09-19,278540,263900,439800,,243500
2025-09-22,279000,258800,505000,,237800
2025-09-23,272000,258400,493000,,231200
2025-09-24,265700,250000,461000,,225845
2025-09-25,264000,,449500,,225000
2025-09-26,263000,,453000,,223890
2025-09-29,262000,242000,475000,,230000
2025-09-30,266000,246780,480000,,233070
2025-10-01,275730,248800,495000,,240380
2025-10-02,276020,250540,499800,,234300
2025-10-03,281700,250000,495000,,233560
2025-10-06,,251000,495000,,
2025-10-07,268000,251500,494600,,227280
2025-10-08,262885,251000,494800,,227360
2025-10-09,262500,249700,499500,,225760
2025-10-13,252000,237180,464800,,214400
2025-10-14,247000,239000,464000,,216160
2025-10-15,250500,242700,470000,,219360
2025-10-16,254900,250500,470000,,215915
2025-10-17,265100,259400,480000,,223355
2025-10-20,270000,262200,475000,,227230
2025-10-21,272500,265200,480000,,
2025-10-22,272300,266000,480000,,229400
2025-10-23,268000,264600,480000,,227800
2025-10-24,266940,266940,480000,,229800
2025-10-27,257400,256700,480000,,221000
2025-10-28,270285,265200,490000,,226400
2025-10-29,263300,259714,481000,,
2025-10-30,264365,259360,475000,,
2025-10-31,265600,261000,480000,,222580
2025-11-03,269000,268100,490000,,228315
2025-11-04,263000,262000,480000,,223975
2025-11-05,264070,265500,483500,,223665
2025-11-06,261000,261200,480000,,223665
2025-11-07,255200,257300,476500,,220742
2025-11-10,254800,257300,480000,494025,221605
2025-11-11,253425,254150,480000,491400,220430
2025-11-12,254650,258150,480000,491050,224480
2025-11-13,254250,258500,486000,489000,223520
2025-11-14,254000,258000,478000,487900,223040
2025-11-17,250100,250800,484000,,220480
2025-11-18,250380,257300,485000,486850,222560
2025-11-19,244500,258500,480000,,226400
2025-11-20,235500,261000,480000,,
2025-11-25,234000,266100,490000,,233100
2025-11-26,232600,274400,500000,,235455
2025-11-27,237800,273800,500000,504350,
2025-11-28,238000,274075,500000,,238000
2025-12-01,239450,271190,500000,504875,238000
2025-12-02,247200,273000,500000,,238590
2025-12-03,242590,272900,495000,,238260
2025-12-04,241000,272650,494000,,
2025-12-05,235000,270940,490000,499100,235290
2025-12-09,245000,275000,490000,501550,
2025-12-10,240000,275000,496000,500000,240000
2025-12-11,241100,275000,500000,499500,
2025-12-12,243000,276500,497000,500000,250000
2025-12-15,244400,275900,497500,500000,250000
2025-12-16,246600,274000,495000,500000,252000
2025-12-17,249500,273980,490000,497500,255000
2025-12-18,252350,275400,494000,497500,255000
2025-12-19,255000,274000,492000,497145,252175
2025-12-22,259740,274170,494500,490000,
2025-12-23,259560,276864,495000,483000,
2025-12-26,259830,281480,500000,476355,
2025-12-29,260640,282360,498000,485080,
2025-12-30,260280,281970,500000,484410,
2026-01-02,264000,293000,498000,491110,
2026-01-05,263700,292000,500000,482000,
2026-01-06,262800,291700,504830,,
2026-01-07,262000,290200,504900,447000,
2026-01-08,263000,290500,505000,465600,
2026-01-09,262800,291200,505000,467000,
2026-01-12,263900,291700,505000,474000,
2026-01-13,256300,282000,500000,470600,
2026-01-14,257000,278700,500000,490960,
2026-01-15,254200,276400,495000,486900,
2026-01-16,253000,274300,485000,497350,241570
2026-01-19,252400,270845,485000,506100,
2026-01-20,252400,268000,485500,513180,
2026-01-21,250900,267200,480500,525955,
2026-01-22,250700,266400,479900,525585,
2026-01-23,252000,268000,475000,526000,
2026-01-26,253600,269300,470000,528545,
2026-01-27,255100,271600,475000,530395,
2026-01-28,258390,272745,475000,531135,
2026-01-29,258390,272745,475000,531135,
2026-01-30,258840,273220,476000,532060,
2026-02-02,259560,265000,470000,533540,
2026-02-03,258660,261534,475000,531690,
2026-02-04,258930,261500,475000,532245,
2026-02-05,257940,260500,480000,530210,
2026-02-06,257500,259700,476500,526510,
2026-02-09,255370,253260,470000,520590,239190
2026-02-10,253300,251460,465000,517000,
2026-02-11,252180,250380,465000,515000,
2026-02-12,252250,250000,465000,513000,
2026-02-13,251680,252376,465000,514500,243340
2026-02-18,251050,252400,465000,527060,
2026-02-19,249780,251160,465000,524400,
2026-02-20,248000,251500,456000,519460,
2026-02-23,247100,250520,455000,517370,
2026-02-24,249500,250300,455000,521170,
2026-02-25,251600,247500,460000,528200,250200
2026-02-26,253250,244825,465000,531620,251820
2026-02-27,250000,242900,465000,527440,
2026-03-02,250900,236300,460000,526680,256500
2026-03-03,254500,242000,465000,534280,265000
2026-03-04,251850,239350,460000,528770,261600
2026-03-05,253000,239000,460000,531240,262000
2026-03-06,260000,251000,465000,534660,263500
2026-03-09,257500,253260,465000,534660,
2026-03-10,254550,247600,461500,528580,264290
2026-03-11,253800,250300,465000,540930,
2026-03-12,253000,256320,470000,540345,263245
2026-03-13,254550,251800,475000,542489,263500
2026-03-16,253820,245000,465000,540930,263530
2026-03-17,255000,242000,474500,540930,263530
2026-03-18,255000,242500,480000,540150,263150
2026-03-19,256320,243850,485000,540345,263245
2026-03-20,257000,243150,485000,538785,262485
2026-03-25,253500,237500,483000,533715,260000
2026-03-26,251415,236000,484000,530010,258210
2026-03-27,254100,236250,440000,535665,260965
2026-03-30,256965,238215,440000,541710,263910
2026-03-31,251300,240000,440000,538000,257000
2026-04-01,258300,246500,440000,547000,259000
2026-04-06,257400,253000,440000,546680,262960
2026-04-07,256000,253000,440000,543700,262800
2026-04-08,,252300,,541750,261915
2026-04-09,260680,253820,432000,541940,261000
2026-04-10,258600,250400,440000,,
2026-04-13,256000,248825,430000,,255550
2026-04-14,258800,251300,430500,,257450
2026-04-15,262000,251500,430000,533250,256500
2026-04-16,263100,252500,430000,532855,256310
2026-04-17,264330,253480,430000,,257545
2026-04-20,266760,257184,430000,540360,259920
2026-04-21,273300,259640,430000,546600,266460
2026-04-22,273800,260110,430000,554445,266960
2026-04-23,276600,261400,430000,573945,271070
2026-04-24,278100,260100,430000,577100,272500
2026-04-27,281600,265400,429000,584320,277300
2026-04-28,283000,265145,430000,579132,272122
2026-04-29,283412,262675,430000,575000,269600
2026-04-30,283310,262500,422000,,269500
2026-05-04,288000,264765,430000,,273126
2026-05-05,287800,262960,440000,,276800
2026-05-06,288200,262000,435000,,275800
2026-05-07,290576,262143,439800,,277400
2026-05-08,295160,263215,444000,,277800
2026-05-11,,262000,450000,,276500
2026-05-12,295625,261250,455000,,275000
2026-05-13,297345,262770,461000,,276600
2026-05-14,299900,254300,460000,,276400
2026-05-15,300000,249500,460200,,277100
2026-05-18,301200,256780,470000,,277600
2026-05-19,301400,256965,465000,,272500
2026-05-20,298420,256780,460000,,270660
2026-05-21,291300,253000,460000,,269200
2026-05-22,292740,254000,460000,,271830
2026-05-26,298700,254460,461000,588840,270600
2026-05-27,298950,254735,464000,,273682
2026-05-28,298400,254900,465000,,273195
2026-05-29,299300,254620,465000,,272805
2026-06-01,303240,255760,465000,,274900
2026-06-02,304700,255240,465000,,275000
2026-06-03,306000,257310,465000,,278750
2026-06-04,304000,255500,455000,,
2026-06-05,,254800,455000,,277700
2026-06-08,294700,257400,455000,,280300
2026-06-09,293560,257050,460000,,282100
2026-06-10,291820,255600,465000,,280000
2026-06-11,292500,254500,460000,,280400
2026-06-12,290900,254710,460000,,
2026-06-16,292637,256950,465000,,282645
2026-06-17,293660,257850,465000,,
2026-06-18,295610,259560,465000,648900,285516
2026-06-19,297660,261360,465000,,
2026-06-22,297760,261450,470000,,284700
2026-06-23,299800,263250,475000,,280000
2026-06-24,294000,264000,475000,,279300
2026-06-25,293600,264240,480000,,278920
2026-06-26,293600,265700,475000,,278920
2026-06-29,294500,264900,475000,,279775
2026-06-30,292390,264400,475000,,279870
2026-07-01,294970,265660,476000,,281200
2026-07-02,291370,264500,475400,665550,281010
2026-07-03,291460,265000,475600,,273710
2026-07-06,291100,268900,480500,,273337
2026-07-07,292000,269900,480500,,274000
2026-07-08,291300,267500,481000,,272000
2026-07-13,290200,267500,490000,,270000
2026-07-14,286650,264700,488000,,263250
2026-07-15,285800,266700,488000,,263790
2026-07-16,286065,267000,490000,,264060
2026-07-17,293800,271765,495000,,264420
2026-07-20,294400,272320,500000,,264960
2026-07-21,301000,274600,500000,,262860
2026-07-22,311000,280100,508500,,262370
2026-07-23,316700,281200,514500,,262700
2026-07-24,311500,278260,515000,,264860
2026-07-27,305040,278256,505000,,266352
2026-07-28,305245,282500,505500,,266530
2026-07-29,307800,281000,505000,,267660
2026-07-30,310590,279600,505000,,270657
2026-07-31,305530,277490,500000,693720,270108
2026-08-03,307600,276400,506000,,271940
2026-08-04,310800,275100,505000,,272130
2026-08-05,319800,276600,505000,,275200
2026-08-06,320400,278700,508000,,275740
2026-08-07,320200,277800,510000,,275560
2026-08-10,319600,267570,505000,743250,275000
2026-08-11,318520,263700,500000,,274080
2026-08-12,326150,266100,505500,,274260
2026-08-13,326260,267050,507000,,277321
2026-08-14,325270,269090,505500,,275000
2026-08-18,328400,274170,510000,,276000
2026-08-19,333000,275280,520000,,278000
2026-08-20,334800,272300,525000,,278250
2026-08-21,335250,266710,521500,,278630
2026-08-24,337725,270180,525000,,277685
2026-08-25,338100,269000,530000,,277962
2026-08-26,343000,270500,540000,,276900
2026-08-27,356200,270500,540000,,275000
2026-08-28,357714,271300,550000,,273546
2026-08-31,352000,270700,550000,,272500
2026-09-01,357200,282000,560000,,272500
2026-09-02,356700,285380,564000,,272600
2026-09-03,350000,285560,560000,,277300
2026-09-04,350000,289000,560000,,
2026-09-07,346000,293000,560000,,
2026-09-08,345700,293100,556000,,275000
2026-09-09,346700,293400,555000,,275300
2026-09-10,341400,299000,560000,,276700
2026-09-11,340000,299000,555000,,275900
