fecha,Dolar A3500,Reservas internacionales,Tasa BADLAR,Tasa TAMAR,UVA,IPC mensual,IPC interanual,Dolar BNA comprador,Dolar BNA vendedor,Bitcoin USD,Trigo $/t,Trigo US$/t,Maiz $/t,Maiz US$/t,Girasol $/t,Girasol US$/t,Soja $/t,Soja US$/t,Sorgo $/t,Sorgo US$/t,Dolar BNA divisa comprador,Banda inferior,Banda superior
2000-01-03,,33070.000000,9.625000,,,,,,,,,,,,,,,,,,,,
2000-01-04,,33075.000000,8.687500,,,,,,,,,,,,,,,,,,,,
2000-01-05,,32657.000000,8.437500,,,,,,,,,,,,,,,,,,,,
2000-01-06,,32537.000000,7.625000,,,,,,,,,,,,,,,,,,,,
2000-01-07,,32126.000000,7.312500,,,,,,,,,,,,,,,,,,,,
2000-01-10,,32098.000000,7.437500,,,,,,,,,,,,,,,,,,,,
2000-01-11,,32190.000000,7.437500,,,,,,,,,,,,,,,,,,,,
2000-01-12,,32326.000000,7.625000,,,,,,,,,,,,,,,,,,,,
2000-01-13,,32199.000000,8.375000,,,,,,,,,,,,,,,,,,,,
2000-01-14,,32073.000000,8.125000,,,,,,,,,,,,,,,,,,,,
2000-01-17,,32017.000000,7.937500,,,,,,,,,,,,,,,,,,,,
2000-01-18,,31891.000000,8.125000,,,,,,,,,,,,,,,,,,,,
2000-01-19,,31899.000000,8.062500,,,,,,,,,,,,,,,,,,,,
2000-01-20,,31974.000000,8.062500,,,,,,,,,,,,,,,,,,,,
2000-01-21,,31782.000000,8.062500,,,,,,,,,,,,,,,,,,,,
2000-01-24,,31661.000000,8.062500,,,,,,,,,,,,,,,,,,,,
2000-01-25,,31829.000000,8.312500,,,,,,,,,,,,,,,,,,,,
2000-01-26,,32478.000000,8.375000,,,,,,,,,,,,,,,,,,,,
2000-01-27,,32508.000000,8.375000,,,,,,,,,,,,,,,,,,,,
2000-01-28,,32365.000000,8.562500,,,,,,,,,,,,,,,,,,,,
2000-01-31,,31100.000000,8.750000,,,0.800000,-1.400000,,,,,,,,,,,,,,,,
2000-02-01,,32762.000000,8.812500,,,,,,,,,,,,,,,,,,,,
2000-02-02,,32432.000000,8.812500,,,,,,,,,,,,,,,,,,,,
2000-02-03,,33436.000000,8.937500,,,,,,,,,,,,,,,,,,,,
2000-02-04,,33671.000000,8.875000,,,,,,,,,,,,,,,,,,,,
2000-02-07,,33626.000000,9.062500,,,,,,,,,,,,,,,,,,,,
2000-02-08,,33768.000000,9.062500,,,,,,,,,,,,,,,,,,,,
2000-02-09,,33960.000000,9.000000,,,,,,,,,,,,,,,,,,,,
2000-02-10,,34123.000000,9.125000,,,,,,,,,,,,,,,,,,,,
2000-02-11,,34615.000000,8.937500,,,,,,,,,,,,,,,,,,,,
2000-02-14,,34239.000000,9.000000,,,,,,,,,,,,,,,,,,,,
2000-02-15,,33267.000000,9.062500,,,,,,,,,,,,,,,,,,,,
2000-02-16,,33415.000000,8.937500,,,,,,,,,,,,,,,,,,,,
2000-02-17,,33378.000000,8.937500,,,,,,,,,,,,,,,,,,,,
2000-02-18,,33432.000000,8.875000,,,,,,,,,,,,,,,,,,,,
2000-02-21,,33438.000000,8.875000,,,,,,,,,,,,,,,,,,,,
2000-02-22,,32889.000000,8.812500,,,,,,,,,,,,,,,,,,,,
2000-02-23,,32846.000000,8.937500,,,,,,,,,,,,,,,,,,,,
2000-02-24,,32761.000000,8.687500,,,,,,,,,,,,,,,,,,,,
2000-02-25,,32869.000000,8.562500,,,,,,,,,,,,,,,,,,,,
2000-02-28,,32569.000000,8.500000,,,,,,,,,,,,,,,,,,,,
2000-02-29,,32255.000000,8.437500,,,0.000000,-1.300000,,,,,,,,,,,,,,,,
2000-03-01,,33162.000000,8.500000,,,,,,,,,,,,,,,,,,,,
2000-03-02,,33231.000000,8.500000,,,,,,,,,,,,,,,,,,,,
2000-03-03,,33655.000000,8.437500,,,,,,,,,,,,,,,,,,,,
2000-03-06,,33585.000000,8.000000,,,,,,,,,,,,,,,,,,,,
2000-03-07,,33341.000000,7.937500,,,,,,,,,,,,,,,,,,,,
2000-03-08,,33161.000000,7.937500,,,,,,,,,,,,,,,,,,,,
2000-03-09,,33222.000000,7.812500,,,,,,,,,,,,,,,,,,,,
2000-03-10,,33413.000000,7.687500,,,,,,,,,,,,,,,,,,,,
2000-03-13,,33239.000000,7.562500,,,,,,,,,,,,,,,,,,,,
2000-03-14,,34297.000000,7.625000,,,,,,,,,,,,,,,,,,,,
2000-03-15,,33905.000000,7.625000,,,,,,,,,,,,,,,,,,,,
2000-03-16,,34744.000000,7.625000,,,,,,,,,,,,,,,,,,,,
2000-03-17,,34361.000000,7.500000,,,,,,,,,,,,,,,,,,,,
2000-03-20,,34190.000000,7.312500,,,,,,,,,,,,,,,,,,,,
2000-03-21,,34175.000000,7.187500,,,,,,,,,,,,,,,,,,,,
2000-03-22,,34052.000000,7.437500,,,,,,,,,,,,,,,,,,,,
2000-03-23,,33960.000000,7.000000,,,,,,,,,,,,,,,,,,,,
2000-03-24,,33940.000000,6.812500,,,,,,,,,,,,,,,,,,,,
2000-03-27,,34059.000000,7.000000,,,,,,,,,,,,,,,,,,,,
2000-03-28,,33768.000000,7.312500,,,,,,,,,,,,,,,,,,,,
2000-03-29,,33439.000000,7.062500,,,,,,,,,,,,,,,,,,,,
2000-03-30,,32189.000000,7.125000,,,,,,,,,,,,,,,,,,,,
2000-03-31,,32976.000000,7.375000,,,-0.500000,-1.100000,,,,,,,,,,,,,,,,
2000-04-03,,33490.000000,7.312500,,,,,,,,,,,,,,,,,,,,
2000-04-04,,33616.000000,7.062500,,,,,,,,,,,,,,,,,,,,
2000-04-05,,34178.000000,7.187500,,,,,,,,,,,,,,,,,,,,
2000-04-06,,33874.000000,7.250000,,,,,,,,,,,,,,,,,,,,
2000-04-07,,33915.000000,7.437500,,,,,,,,,,,,,,,,,,,,
2000-04-10,,33602.000000,7.312500,,,,,,,,,,,,,,,,,,,,
2000-04-11,,33890.000000,7.312500,,,,,,,,,,,,,,,,,,,,
2000-04-12,,33886.000000,7.312500,,,,,,,,,,,,,,,,,,,,
2000-04-13,,33826.000000,7.312500,,,,,,,,,,,,,,,,,,,,
2000-04-14,,33774.000000,7.437500,,,,,,,,,,,,,,,,,,,,
2000-04-17,,33587.000000,7.562500,,,,,,,,,,,,,,,,,,,,
2000-04-18,,33429.000000,7.625000,,,,,,,,,,,,,,,,,,,,
2000-04-19,,33574.000000,7.562500,,,,,,,,,,,,,,,,,,,,
2000-04-24,,33003.000000,7.625000,,,,,,,,,,,,,,,,,,,,
2000-04-25,,31729.000000,7.750000,,,,,,,,,,,,,,,,,,,,
2000-04-26,,31625.000000,7.875000,,,,,,,,,,,,,,,,,,,,
2000-04-27,,31329.000000,8.062500,,,,,,,,,,,,,,,,,,,,
2000-04-28,,31182.000000,8.125000,,,,,,,,,,,,,,,,,,,,
2000-04-30,,,,,,-0.100000,-1.100000,,,,,,,,,,,,,,,,
2000-05-02,,32415.000000,8.062500,,,,,,,,,,,,,,,,,,,,
2000-05-03,,32659.000000,8.062500,,,,,,,,,,,,,,,,,,,,
2000-05-04,,32493.000000,8.187500,,,,,,,,,,,,,,,,,,,,
2000-05-05,,32813.000000,8.187500,,,,,,,,,,,,,,,,,,,,
2000-05-08,,32429.000000,8.312500,,,,,,,,,,,,,,,,,,,,
2000-05-09,,32765.000000,8.375000,,,,,,,,,,,,,,,,,,,,
2000-05-10,,32679.000000,8.562500,,,,,,,,,,,,,,,,,,,,
2000-05-11,,33032.000000,8.812500,,,,,,,,,,,,,,,,,,,,
2000-05-12,,33011.000000,8.625000,,,,,,,,,,,,,,,,,,,,
2000-05-15,,32755.000000,9.125000,,,,,,,,,,,,,,,,,,,,
2000-05-16,,32570.000000,9.187500,,,,,,,,,,,,,,,,,,,,
2000-05-17,,32579.000000,9.000000,,,,,,,,,,,,,,,,,,,,
2000-05-18,,32417.000000,9.062500,,,,,,,,,,,,,,,,,,,,
2000-05-19,,32524.000000,9.000000,,,,,,,,,,,,,,,,,,,,
2000-05-22,,32308.000000,8.937500,,,,,,,,,,,,,,,,,,,,
2000-05-23,,32166.000000,9.000000,,,,,,,,,,,,,,,,,,,,
2000-05-24,,32534.000000,8.875000,,,,,,,,,,,,,,,,,,,,
2000-05-26,,32680.000000,8.750000,,,,,,,,,,,,,,,,,,,,
2000-05-29,,32703.000000,9.062500,,,,,,,,,,,,,,,,,,,,
2000-05-30,,31113.000000,9.125000,,,,,,,,,,,,,,,,,,,,
2000-05-31,,30601.000000,9.062500,,,-0.400000,-1.000000,,,,,,,,,,,,,,,,
2000-06-01,,32298.000000,8.875000,,,,,,,,,,,,,,,,,,,,
2000-06-02,,32354.000000,8.625000,,,,,,,,,,,,,,,,,,,,
2000-06-05,,32100.000000,8.375000,,,,,,,,,,,,,,,,,,,,
2000-06-06,,32102.000000,7.937500,,,,,,,,,,,,,,,,,,,,
2000-06-07,,32168.000000,8.062500,,,,,,,,,,,,,,,,,,,,
2000-06-08,,32364.000000,7.750000,,,,,,,,,,,,,,,,,,,,
2000-06-09,,32410.000000,7.875000,,,,,,,,,,,,,,,,,,,,
2000-06-12,,32518.000000,7.687500,,,,,,,,,,,,,,,,,,,,
2000-06-13,,32419.000000,7.500000,,,,,,,,,,,,,,,,,,,,
2000-06-14,,32708.000000,7.562500,,,,,,,,,,,,,,,,,,,,
2000-06-15,,32852.000000,7.687500,,,,,,,,,,,,,,,,,,,,
2000-06-16,,32769.000000,7.750000,,,,,,,,,,,,,,,,,,,,
2000-06-20,,33996.000000,7.812500,,,,,,,,,,,,,,,,,,,,
2000-06-21,,34257.000000,7.812500,,,,,,,,,,,,,,,,,,,,
2000-06-22,,34113.000000,7.875000,,,,,,,,,,,,,,,,,,,,
2000-06-23,,34132.000000,7.750000,,,,,,,,,,,,,,,,,,,,
2000-06-26,,33994.000000,7.937500,,,,,,,,,,,,,,,,,,,,
2000-06-27,,33834.000000,7.937500,,,,,,,,,,,,,,,,,,,,
2000-06-28,,34662.000000,8.000000,,,,,,,,,,,,,,,,,,,,
2000-06-29,,34638.000000,8.000000,,,,,,,,,,,,,,,,,,,,
2000-06-30,,34355.000000,8.062500,,,-0.200000,-1.100000,,,,,,,,,,,,,,,,
2000-07-03,,35187.000000,7.750000,,,,,,,,,,,,,,,,,,,,
2000-07-04,,35204.000000,7.875000,,,,,,,,,,,,,,,,,,,,
2000-07-05,,35156.000000,7.875000,,,,,,,,,,,,,,,,,,,,
2000-07-06,,35170.000000,7.687500,,,,,,,,,,,,,,,,,,,,
2000-07-07,,35266.000000,7.750000,,,,,,,,,,,,,,,,,,,,
2000-07-10,,34994.000000,7.562500,,,,,,,,,,,,,,,,,,,,
2000-07-11,,35165.000000,7.562500,,,,,,,,,,,,,,,,,,,,
2000-07-12,,35137.000000,7.625000,,,,,,,,,,,,,,,,,,,,
2000-07-13,,35207.000000,7.625000,,,,,,,,,,,,,,,,,,,,
2000-07-14,,35818.000000,7.875000,,,,,,,,,,,,,,,,,,,,
2000-07-17,,35944.000000,7.750000,,,,,,,,,,,,,,,,,,,,
2000-07-18,,36068.000000,7.687500,,,,,,,,,,,,,,,,,,,,
2000-07-19,,36282.000000,7.875000,,,,,,,,,,,,,,,,,,,,
2000-07-20,,36508.000000,7.750000,,,,,,,,,,,,,,,,,,,,
2000-07-21,,37283.000000,7.812500,,,,,,,,,,,,,,,,,,,,
2000-07-24,,34258.000000,7.812500,,,,,,,,,,,,,,,,,,,,
2000-07-25,,34312.000000,7.812500,,,,,,,,,,,,,,,,,,,,
2000-07-26,,34168.000000,7.937500,,,,,,,,,,,,,,,,,,,,
2000-07-27,,34187.000000,7.875000,,,,,,,,,,,,,,,,,,,,
2000-07-28,,34068.000000,7.812500,,,,,,,,,,,,,,,,,,,,
2000-07-31,,33845.000000,7.687500,,,0.400000,-0.900000,,,,,,,,,,,,,,,,
2000-08-01,,34495.000000,7.875000,,,,,,,,,,,,,,,,,,,,
2000-08-02,,34643.000000,7.750000,,,,,,,,,,,,,,,,,,,,
2000-08-03,,34564.000000,7.687500,,,,,,,,,,,,,,,,,,,,
2000-08-04,,34295.000000,7.625000,,,,,,,,,,,,,,,,,,,,
2000-08-07,,34267.000000,7.625000,,,,,,,,,,,,,,,,,,,,
2000-08-08,,33979.000000,7.500000,,,,,,,,,,,,,,,,,,,,
2000-08-09,,33874.000000,7.562500,,,,,,,,,,,,,,,,,,,,
2000-08-10,,33780.000000,7.500000,,,,,,,,,,,,,,,,,,,,
2000-08-11,,33468.000000,7.625000,,,,,,,,,,,,,,,,,,,,
2000-08-14,,33441.000000,7.500000,,,,,,,,,,,,,,,,,,,,
2000-08-15,,33483.000000,7.500000,,,,,,,,,,,,,,,,,,,,
2000-08-16,,33534.000000,7.562500,,,,,,,,,,,,,,,,,,,,
2000-08-17,,33679.000000,7.562500,,,,,,,,,,,,,,,,,,,,
2000-08-18,,33121.000000,7.562500,,,,,,,,,,,,,,,,,,,,
2000-08-22,,33284.000000,7.562500,,,,,,,,,,,,,,,,,,,,
2000-08-23,,33429.000000,7.562500,,,,,,,,,,,,,,,,,,,,
2000-08-24,,33193.000000,7.625000,,,,,,,,,,,,,,,,,,,,
2000-08-25,,32678.000000,7.750000,,,,,,,,,,,,,,,,,,,,
2000-08-28,,32819.000000,7.750000,,,,,,,,,,,,,,,,,,,,
2000-08-29,,32007.000000,7.812500,,,,,,,,,,,,,,,,,,,,
2000-08-30,,32062.000000,7.875000,,,,,,,,,,,,,,,,,,,,
2000-08-31,,31831.000000,8.000000,,,-0.200000,-0.700000,,,,,,,,,,,,,,,,
2000-09-01,,32574.000000,8.000000,,,,,,,,,,,,,,,,,,,,
2000-09-04,,32589.000000,8.000000,,,,,,,,,,,,,,,,,,,,
2000-09-05,,32839.000000,8.125000,,,,,,,,,,,,,,,,,,,,
2000-09-06,,32976.000000,8.375000,,,,,,,,,,,,,,,,,,,,
2000-09-07,,32967.000000,7.750000,,,,,,,,,,,,,,,,,,,,
2000-09-08,,33331.000000,8.437500,,,,,,,,,,,,,,,,,,,,
2000-09-11,,33739.000000,8.250000,,,,,,,,,,,,,,,,,,,,
2000-09-12,,33607.000000,8.250000,,,,,,,,,,,,,,,,,,,,
2000-09-13,,33620.000000,8.250000,,,,,,,,,,,,,,,,,,,,
2000-09-14,,33632.000000,8.375000,,,,,,,,,,,,,,,,,,,,
2000-09-15,,33022.000000,8.375000,,,,,,,,,,,,,,,,,,,,
2000-09-18,,32953.000000,8.312500,,,,,,,,,,,,,,,,,,,,
2000-09-19,,33216.000000,8.437500,,,,,,,,,,,,,,,,,,,,
2000-09-20,,33460.000000,8.687500,,,,,,,,,,,,,,,,,,,,
2000-09-21,,33956.000000,8.437500,,,,,,,,,,,,,,,,,,,,
2000-09-22,,34139.000000,8.625000,,,,,,,,,,,,,,,,,,,,
2000-09-25,,33922.000000,8.625000,,,,,,,,,,,,,,,,,,,,
2000-09-26,,34674.000000,8.812500,,,,,,,,,,,,,,,,,,,,
2000-09-27,,34950.000000,8.750000,,,,,,,,,,,,,,,,,,,,
2000-09-28,,33879.000000,8.500000,,,,,,,,,,,,,,,,,,,,
2000-09-29,,33219.000000,8.937500,,,,,,,,,,,,,,,,,,,,
2000-09-30,,,,,,-0.200000,-0.700000,,,,,,,,,,,,,,,,
2000-10-02,,33555.000000,8.812500,,,,,,,,,,,,,,,,,,,,
2000-10-03,,34352.000000,8.625000,,,,,,,,,,,,,,,,,,,,
2000-10-04,,34589.000000,8.625000,,,,,,,,,,,,,,,,,,,,
2000-10-05,,34592.000000,8.437500,,,,,,,,,,,,,,,,,,,,
2000-10-06,,34750.000000,8.375000,,,,,,,,,,,,,,,,,,,,
2000-10-09,,34735.000000,8.312500,,,,,,,,,,,,,,,,,,,,
2000-10-10,,34216.000000,8.625000,,,,,,,,,,,,,,,,,,,,
2000-10-11,,34149.000000,8.437500,,,,,,,,,,,,,,,,,,,,
2000-10-12,,34390.000000,8.750000,,,,,,,,,,,,,,,,,,,,
2000-10-13,,33926.000000,8.937500,,,,,,,,,,,,,,,,,,,,
2000-10-17,,33572.000000,9.187500,,,,,,,,,,,,,,,,,,,,
2000-10-18,,33663.000000,9.687500,,,,,,,,,,,,,,,,,,,,
2000-10-19,,33611.000000,9.625000,,,,,,,,,,,,,,,,,,,,
2000-10-20,,33535.000000,9.750000,,,,,,,,,,,,,,,,,,,,
2000-10-23,,33253.000000,9.187500,,,,,,,,,,,,,,,,,,,,
2000-10-24,,33114.000000,9.625000,,,,,,,,,,,,,,,,,,,,
2000-10-25,,32828.000000,10.062500,,,,,,,,,,,,,,,,,,,,
2000-10-26,,32702.000000,10.187500,,,,,,,,,,,,,,,,,,,,
2000-10-27,,32798.000000,10.562500,,,,,,,,,,,,,,,,,,,,
2000-10-30,,32103.000000,10.375000,,,,,,,,,,,,,,,,,,,,
2000-10-31,,31751.000000,11.125000,,,0.200000,-0.500000,,,,,,,,,,,,,,,,
2000-11-01,,32806.000000,11.250000,,,,,,,,,,,,,,,,,,,,
2000-11-02,,33108.000000,11.750000,,,,,,,,,,,,,,,,,,,,
2000-11-03,,33289.000000,12.437500,,,,,,,,,,,,,,,,,,,,
2000-11-07,,33232.000000,15.312500,,,,,,,,,,,,,,,,,,,,
2000-11-08,,33166.000000,15.625000,,,,,,,,,,,,,,,,,,,,
2000-11-09,,32957.000000,16.625000,,,,,,,,,,,,,,,,,,,,
2000-11-10,,31927.000000,14.250000,,,,,,,,,,,,,,,,,,,,
2000-11-13,,31750.000000,12.000000,,,,,,,,,,,,,,,,,,,,
2000-11-14,,31415.000000,12.000000,,,,,,,,,,,,,,,,,,,,
2000-11-15,,31013.000000,12.437500,,,,,,,,,,,,,,,,,,,,
2000-11-16,,30939.000000,12.500000,,,,,,,,,,,,,,,,,,,,
2000-11-17,,30835.000000,12.625000,,,,,,,,,,,,,,,,,,,,
2000-11-20,,30691.000000,12.812500,,,,,,,,,,,,,,,,,,,,
2000-11-21,,30922.000000,12.625000,,,,,,,,,,,,,,,,,,,,
2000-11-22,,30802.000000,12.062500,,,,,,,,,,,,,,,,,,,,
2000-11-23,,30811.000000,12.937500,,,,,,,,,,,,,,,,,,,,
2000-11-24,,29946.000000,11.687500,,,,,,,,,,,,,,,,,,,,
2000-11-27,,29777.000000,12.687500,,,,,,,,,,,,,,,,,,,,
2000-11-28,,29703.000000,12.687500,,,,,,,,,,,,,,,,,,,,
2000-11-29,,29377.000000,10.750000,,,,,,,,,,,,,,,,,,,,
2000-11-30,,29571.000000,13.125000,,,-0.500000,-0.700000,,,,,,,,,,,,,,,,
2000-12-01,,30222.000000,13.750000,,,,,,,,,,,,,,,,,,,,
2000-12-04,,30293.000000,13.437500,,,,,,,,,,,,,,,,,,,,
2000-12-05,,30772.000000,14.125000,,,,,,,,,,,,,,,,,,,,
2000-12-06,,31090.000000,15.187500,,,,,,,,,,,,,,,,,,,,
2000-12-07,,31284.000000,15.875000,,,,,,,,,,,,,,,,,,,,
2000-12-11,,31440.000000,15.500000,,,,,,,,,,,,,,,,,,,,
2000-12-12,,31251.000000,16.312500,,,,,,,,,,,,,,,,,,,,
2000-12-13,,31935.000000,16.500000,,,,,,,,,,,,,,,,,,,,
2000-12-14,,32149.000000,16.625000,,,,,,,,,,,,,,,,,,,,
2000-12-15,,31930.000000,16.750000,,,,,,,,,,,,,,,,,,,,
2000-12-18,,31941.000000,16.625000,,,,,,,,,,,,,,,,,,,,
2000-12-19,,31928.000000,16.125000,,,,,,,,,,,,,,,,,,,,
2000-12-20,,32080.000000,14.312500,,,,,,,,,,,,,,,,,,,,
2000-12-21,,34283.000000,13.312500,,,,,,,,,,,,,,,,,,,,
2000-12-22,,34654.000000,12.375000,,,,,,,,,,,,,,,,,,,,
2000-12-26,,34698.000000,12.812500,,,,,,,,,,,,,,,,,,,,
2000-12-27,,34627.000000,12.562500,,,,,,,,,,,,,,,,,,,,
2000-12-28,,,11.937500,,,,,,,,,,,,,,,,,,,,
2000-12-31,,34234.000000,,,,-0.100000,-0.700000,,,,,,,,,,,,,,,,
2001-01-02,,34591.000000,12.125000,,,,,,,,,,,,,,,,,,,,
2001-01-03,,34574.000000,11.250000,,,,,,,,,,,,,,,,,,,,
2001-01-04,,34583.000000,11.187500,,,,,,,,,,,,,,,,,,,,
2001-01-05,,34578.000000,10.062500,,,,,,,,,,,,,,,,,,,,
2001-01-08,,34753.000000,9.875000,,,,,,,,,,,,,,,,,,,,
2001-01-09,,34838.000000,9.375000,,,,,,,,,,,,,,,,,,,,
2001-01-10,,34902.000000,9.062500,,,,,,,,,,,,,,,,,,,,
2001-01-11,,34587.000000,8.812500,,,,,,,,,,,,,,,,,,,,
2001-01-12,,34878.000000,8.812500,,,,,,,,,,,,,,,,,,,,
2001-01-15,,34884.000000,8.625000,,,,,,,,,,,,,,,,,,,,
2001-01-16,,34432.000000,8.437500,,,,,,,,,,,,,,,,,,,,
2001-01-17,,34533.000000,8.312500,,,,,,,,,,,,,,,,,,,,
2001-01-18,,37380.000000,8.000000,,,,,,,,,,,,,,,,,,,,
2001-01-19,,37249.000000,7.875000,,,,,,,,,,,,,,,,,,,,
2001-01-22,,36864.000000,7.812500,,,,,,,,,,,,,,,,,,,,
2001-01-23,,36835.000000,7.500000,,,,,,,,,,,,,,,,,,,,
2001-01-24,,36791.000000,7.625000,,,,,,,,,,,,,,,,,,,,
2001-01-25,,36807.000000,7.937500,,,,,,,,,,,,,,,,,,,,
2001-01-26,,36749.000000,7.687500,,,,,,,,,,,,,,,,,,,,
2001-01-29,,36631.000000,7.375000,,,,,,,,,,,,,,,,,,,,
2001-01-30,,36131.000000,7.375000,,,,,,,,,,,,,,,,,,,,
2001-01-31,,36153.000000,7.625000,,,0.100000,-1.500000,,,,,,,,,,,,,,,,
2001-02-01,,37086.000000,7.375000,,,,,,,,,,,,,,,,,,,,
2001-02-02,,37194.000000,7.062500,,,,,,,,,,,,,,,,,,,,
2001-02-05,,37034.000000,6.875000,,,,,,,,,,,,,,,,,,,,
2001-02-06,,36992.000000,6.687500,,,,,,,,,,,,,,,,,,,,
2001-02-07,,33764.000000,6.750000,,,,,,,,,,,,,,,,,,,,
2001-02-08,,33708.000000,6.687500,,,,,,,,,,,,,,,,,,,,
2001-02-09,,33776.000000,6.375000,,,,,,,,,,,,,,,,,,,,
2001-02-12,,33777.000000,6.125000,,,,,,,,,,,,,,,,,,,,
2001-02-13,,33598.000000,5.875000,,,,,,,,,,,,,,,,,,,,
2001-02-14,,33557.000000,6.125000,,,,,,,,,,,,,,,,,,,,
2001-02-15,,33484.000000,6.062500,,,,,,,,,,,,,,,,,,,,
2001-02-16,,33551.000000,5.937500,,,,,,,,,,,,,,,,,,,,
2001-02-19,,33550.000000,6.250000,,,,,,,,,,,,,,,,,,,,
2001-02-20,,33401.000000,5.812500,,,,,,,,,,,,,,,,,,,,
2001-02-21,,33359.000000,6.250000,,,,,,,,,,,,,,,,,,,,
2001-02-22,,33554.000000,7.000000,,,,,,,,,,,,,,,,,,,,
2001-02-23,,33879.000000,6.250000,,,,,,,,,,,,,,,,,,,,
2001-02-26,,33622.000000,6.312500,,,,,,,,,,,,,,,,,,,,
2001-02-27,,33301.000000,6.187500,,,,,,,,,,,,,,,,,,,,
2001-02-28,,33219.000000,6.312500,,,-0.200000,-1.700000,,,,,,,,,,,,,,,,
2001-03-01,,35286.000000,6.187500,,,,,,,,,,,,,,,,,,,,
2001-03-02,,35375.000000,6.437500,,,,,,,,,,,,,,,,,,,,
2001-03-05,,34708.000000,6.625000,,,,,,,,,,,,,,,,,,,,
2001-03-06,,35001.000000,6.562500,,,,,,,,,,,,,,,,,,,,
2001-03-07,,34773.000000,6.625000,,,,,,,,,,,,,,,,,,,,
2001-03-08,,34448.000000,6.750000,,,,,,,,,,,,,,,,,,,,
2001-03-09,,34353.000000,6.875000,,,,,,,,,,,,,,,,,,,,
2001-03-12,,34343.000000,6.812500,,,,,,,,,,,,,,,,,,,,
2001-03-13,,34222.000000,7.187500,,,,,,,,,,,,,,,,,,,,
2001-03-14,,34123.000000,8.125000,,,,,,,,,,,,,,,,,,,,
2001-03-15,,33698.000000,7.875000,,,,,,,,,,,,,,,,,,,,
2001-03-16,,32914.000000,15.500000,,,,,,,,,,,,,,,,,,,,
2001-03-19,,32320.000000,22.000000,,,,,,,,,,,,,,,,,,,,
2001-03-20,,31999.000000,21.250000,,,,,,,,,,,,,,,,,,,,
2001-03-21,,31660.000000,19.250000,,,,,,,,,,,,,,,,,,,,
2001-03-22,,31363.000000,26.250000,,,,,,,,,,,,,,,,,,,,
2001-03-23,,30902.000000,42.062500,,,,,,,,,,,,,,,,,,,,
2001-03-26,,30215.000000,20.437500,,,,,,,,,,,,,,,,,,,,
2001-03-27,,30241.000000,22.062500,,,,,,,,,,,,,,,,,,,,
2001-03-28,,30143.000000,19.687500,,,,,,,,,,,,,,,,,,,,
2001-03-29,,29317.000000,19.625000,,,,,,,,,,,,,,,,,,,,
2001-03-30,,29812.000000,27.437500,,,,,,,,,,,,,,,,,,,,
2001-03-31,,,,,,0.200000,-1.000000,,,,,,,,,,,,,,,,
2001-04-03,,29891.000000,19.562500,,,,,,,,,,,,,,,,,,,,
2001-04-04,,30142.000000,23.437500,,,,,,,,,,,,,,,,,,,,
2001-04-05,,29969.000000,16.312500,,,,,,,,,,,,,,,,,,,,
2001-04-06,,30090.000000,13.875000,,,,,,,,,,,,,,,,,,,,
2001-04-09,,29671.000000,12.562500,,,,,,,,,,,,,,,,,,,,
2001-04-10,,30541.000000,12.062500,,,,,,,,,,,,,,,,,,,,
2001-04-11,,30502.000000,12.687500,,,,,,,,,,,,,,,,,,,,
2001-04-16,,28342.000000,16.125000,,,,,,,,,,,,,,,,,,,,
2001-04-17,,28308.000000,14.500000,,,,,,,,,,,,,,,,,,,,
2001-04-18,,28446.000000,11.500000,,,,,,,,,,,,,,,,,,,,
2001-04-19,,28319.000000,12.062500,,,,,,,,,,,,,,,,,,,,
2001-04-20,,28165.000000,31.312500,,,,,,,,,,,,,,,,,,,,
2001-04-23,,27696.000000,32.500000,,,,,,,,,,,,,,,,,,,,
2001-04-24,,27447.000000,23.937500,,,,,,,,,,,,,,,,,,,,
2001-04-25,,27155.000000,29.937500,,,,,,,,,,,,,,,,,,,,
2001-04-26,,27426.000000,22.312500,,,,,,,,,,,,,,,,,,,,
2001-04-27,,27083.000000,19.312500,,,,,,,,,,,,,,,,,,,,
2001-04-30,,26464.000000,17.062500,,,0.700000,-0.200000,,,,,,,,,,,,,,,,
2001-05-02,,26902.000000,18.750000,,,,,,,,,,,,,,,,,,,,
2001-05-03,,27185.000000,21.687500,,,,,,,,,,,,,,,,,,,,
2001-05-04,,27038.000000,18.750000,,,,,,,,,,,,,,,,,,,,
2001-05-07,,26814.000000,17.562500,,,,,,,,,,,,,,,,,,,,
2001-05-08,,26958.000000,17.312500,,,,,,,,,,,,,,,,,,,,
2001-05-09,,26750.000000,17.250000,,,,,,,,,,,,,,,,,,,,
2001-05-10,,25902.000000,17.875000,,,,,,,,,,,,,,,,,,,,
2001-05-11,,26854.000000,19.375000,,,,,,,,,,,,,,,,,,,,
2001-05-14,,27213.000000,22.937500,,,,,,,,,,,,,,,,,,,,
2001-05-15,,26772.000000,20.687500,,,,,,,,,,,,,,,,,,,,
2001-05-16,,26765.000000,16.250000,,,,,,,,,,,,,,,,,,,,
2001-05-17,,26678.000000,14.937500,,,,,,,,,,,,,,,,,,,,
2001-05-18,,26648.000000,12.812500,,,,,,,,,,,,,,,,,,,,
2001-05-21,,26275.000000,13.375000,,,,,,,,,,,,,,,,,,,,
2001-05-22,,26163.000000,11.562500,,,,,,,,,,,,,,,,,,,,
2001-05-23,,27182.000000,10.750000,,,,,,,,,,,,,,,,,,,,
2001-05-24,,26147.000000,11.875000,,,,,,,,,,,,,,,,,,,,
2001-05-28,,26109.000000,11.937500,,,,,,,,,,,,,,,,,,,,
2001-05-29,,26201.000000,12.000000,,,,,,,,,,,,,,,,,,,,
2001-05-30,,25761.000000,12.375000,,,,,,,,,,,,,,,,,,,,
2001-05-31,,25570.000000,12.375000,,,0.100000,0.200000,,,,,,,,,,,,,,,,
2001-06-01,,26253.000000,13.312500,,,,,,,,,,,,,,,,,,,,
2001-06-04,,26542.000000,12.750000,,,,,,,,,,,,,,,,,,,,
2001-06-05,,26414.000000,12.875000,,,,,,,,,,,,,,,,,,,,
2001-06-06,,26521.000000,12.312500,,,,,,,,,,,,,,,,,,,,
2001-06-07,,26603.000000,11.937500,,,,,,,,,,,,,,,,,,,,
2001-06-08,,26723.000000,12.437500,,,,,,,,,,,,,,,,,,,,
2001-06-11,,26593.000000,12.187500,,,,,,,,,,,,,,,,,,,,
2001-06-12,,26338.000000,11.000000,,,,,,,,,,,,,,,,,,,,
2001-06-13,,26415.000000,10.687500,,,,,,,,,,,,,,,,,,,,
2001-06-14,,26273.000000,11.000000,,,,,,,,,,,,,,,,,,,,
2001-06-15,,26045.000000,11.812500,,,,,,,,,,,,,,,,,,,,
2001-06-19,,25319.000000,18.125000,,,,,,,,,,,,,,,,,,,,
2001-06-20,,26167.000000,14.750000,,,,,,,,,,,,,,,,,,,,
2001-06-21,,26112.000000,13.500000,,,,,,,,,,,,,,,,,,,,
2001-06-22,,26495.000000,12.812500,,,,,,,,,,,,,,,,,,,,
2001-06-25,,26429.000000,11.937500,,,,,,,,,,,,,,,,,,,,
2001-06-26,,26610.000000,11.937500,,,,,,,,,,,,,,,,,,,,
2001-06-27,,26914.000000,11.812500,,,,,,,,,,,,,,,,,,,,
2001-06-28,,27357.000000,12.250000,,,,,,,,,,,,,,,,,,,,
2001-06-29,,27266.000000,13.250000,,,,,,,,,,,,,,,,,,,,
2001-06-30,,,,,,-0.700000,-0.300000,,,,,,,,,,,,,,,,
2001-07-02,,27506.000000,16.000000,,,,,,,,,,,,,,,,,,,,
2001-07-03,,27639.000000,15.687500,,,,,,,,,,,,,,,,,,,,
2001-07-04,,27556.000000,18.875000,,,,,,,,,,,,,,,,,,,,
2001-07-05,,27138.000000,22.125000,,,,,,,,,,,,,,,,,,,,
2001-07-06,,26431.000000,24.687500,,,,,,,,,,,,,,,,,,,,
2001-07-10,,26610.000000,22.250000,,,,,,,,,,,,,,,,,,,,
2001-07-11,,25902.000000,33.562500,,,,,,,,,,,,,,,,,,,,
2001-07-12,,24443.000000,51.062500,,,,,,,,,,,,,,,,,,,,
2001-07-13,,23567.000000,56.500000,,,,,,,,,,,,,,,,,,,,
2001-07-16,,23107.000000,48.937500,,,,,,,,,,,,,,,,,,,,
2001-07-17,,23221.000000,28.062500,,,,,,,,,,,,,,,,,,,,
2001-07-18,,23052.000000,34.000000,,,,,,,,,,,,,,,,,,,,
2001-07-19,,23051.000000,42.812500,,,,,,,,,,,,,,,,,,,,
2001-07-20,,22843.000000,34.875000,,,,,,,,,,,,,,,,,,,,
2001-07-23,,22724.000000,29.312500,,,,,,,,,,,,,,,,,,,,
2001-07-24,,22638.000000,28.375000,,,,,,,,,,,,,,,,,,,,
2001-07-25,,22311.000000,36.875000,,,,,,,,,,,,,,,,,,,,
2001-07-26,,22264.000000,42.812500,,,,,,,,,,,,,,,,,,,,
2001-07-27,,21108.000000,52.875000,,,,,,,,,,,,,,,,,,,,
2001-07-30,,20929.000000,34.312500,,,,,,,,,,,,,,,,,,,,
2001-07-31,,20257.000000,35.812500,,,-0.300000,-1.100000,,,,,,,,,,,,,,,,
2001-08-01,,19882.000000,47.875000,,,,,,,,,,,,,,,,,,,,
2001-08-02,,19396.000000,39.937500,,,,,,,,,,,,,,,,,,,,
2001-08-03,,18935.000000,40.875000,,,,,,,,,,,,,,,,,,,,
2001-08-06,,18759.000000,47.437500,,,,,,,,,,,,,,,,,,,,
2001-08-07,,19059.000000,46.687500,,,,,,,,,,,,,,,,,,,,
2001-08-08,,18950.000000,48.375000,,,,,,,,,,,,,,,,,,,,
2001-08-09,,18933.000000,33.875000,,,,,,,,,,,,,,,,,,,,
2001-08-10,,19366.000000,37.312500,,,,,,,,,,,,,,,,,,,,
2001-08-13,,19452.000000,35.000000,,,,,,,,,,,,,,,,,,,,
2001-08-14,,19479.000000,34.937500,,,,,,,,,,,,,,,,,,,,
2001-08-15,,18986.000000,35.375000,,,,,,,,,,,,,,,,,,,,
2001-08-16,,19017.000000,29.687500,,,,,,,,,,,,,,,,,,,,
2001-08-17,,18849.000000,37.750000,,,,,,,,,,,,,,,,,,,,
2001-08-21,,18374.000000,39.625000,,,,,,,,,,,,,,,,,,,,
2001-08-22,,18406.000000,30.875000,,,,,,,,,,,,,,,,,,,,
2001-08-23,,18508.000000,29.750000,,,,,,,,,,,,,,,,,,,,
2001-08-24,,18296.000000,31.375000,,,,,,,,,,,,,,,,,,,,
2001-08-27,,18264.000000,31.187500,,,,,,,,,,,,,,,,,,,,
2001-08-28,,18166.000000,27.687500,,,,,,,,,,,,,,,,,,,,
2001-08-29,,17824.000000,25.812500,,,,,,,,,,,,,,,,,,,,
2001-08-30,,17978.000000,24.437500,,,,,,,,,,,,,,,,,,,,
2001-08-31,,17467.000000,27.375000,,,-0.400000,-1.200000,,,,,,,,,,,,,,,,
2001-09-03,,17439.000000,26.500000,,,,,,,,,,,,,,,,,,,,
2001-09-04,,17467.000000,26.687500,,,,,,,,,,,,,,,,,,,,
2001-09-05,,17591.000000,27.062500,,,,,,,,,,,,,,,,,,,,
2001-09-06,,17740.000000,28.187500,,,,,,,,,,,,,,,,,,,,
2001-09-07,,17916.000000,29.125000,,,,,,,,,,,,,,,,,,,,
2001-09-10,,23416.000000,29.687500,,,,,,,,,,,,,,,,,,,,
2001-09-11,,23458.000000,26.062500,,,,,,,,,,,,,,,,,,,,
2001-09-12,,23454.000000,30.687500,,,,,,,,,,,,,,,,,,,,
2001-09-13,,24824.000000,30.187500,,,,,,,,,,,,,,,,,,,,
2001-09-14,,24853.000000,30.500000,,,,,,,,,,,,,,,,,,,,
2001-09-17,,24620.000000,30.687500,,,,,,,,,,,,,,,,,,,,
2001-09-18,,24684.000000,29.937500,,,,,,,,,,,,,,,,,,,,
2001-09-19,,24817.000000,29.625000,,,,,,,,,,,,,,,,,,,,
2001-09-20,,25023.000000,27.000000,,,,,,,,,,,,,,,,,,,,
2001-09-21,,25162.000000,26.500000,,,,,,,,,,,,,,,,,,,,
2001-09-24,,25087.000000,26.250000,,,,,,,,,,,,,,,,,,,,
2001-09-25,,25480.000000,22.375000,,,,,,,,,,,,,,,,,,,,
2001-09-26,,25407.000000,22.125000,,,,,,,,,,,,,,,,,,,,
2001-09-27,,25034.000000,19.687500,,,,,,,,,,,,,,,,,,,,
2001-09-28,,24799.000000,18.937500,,,,,,,,,,,,,,,,,,,,
2001-09-30,,,,,,-0.100000,-1.100000,,,,,,,,,,,,,,,,
2001-10-01,,24553.000000,19.312500,,,,,,,,,,,,,,,,,,,,
2001-10-02,,24756.000000,21.125000,,,,,,,,,,,,,,,,,,,,
2001-10-03,,24804.000000,23.125000,,,,,,,,,,,,,,,,,,,,
2001-10-04,,24576.000000,26.312500,,,,,,,,,,,,,,,,,,,,
2001-10-05,,24090.000000,39.000000,,,,,,,,,,,,,,,,,,,,
2001-10-09,,23392.000000,39.062500,,,,,,,,,,,,,,,,,,,,
2001-10-10,,24148.000000,39.625000,,,,,,,,,,,,,,,,,,,,
2001-10-11,,23807.000000,40.000000,,,,,,,,,,,,,,,,,,,,
2001-10-12,,23212.000000,36.125000,,,,,,,,,,,,,,,,,,,,
2001-10-15,,22893.000000,29.937500,,,,,,,,,,,,,,,,,,,,
2001-10-16,,22974.000000,26.187500,,,,,,,,,,,,,,,,,,,,
2001-10-17,,23308.000000,22.312500,,,,,,,,,,,,,,,,,,,,
2001-10-18,,23323.000000,20.312500,,,,,,,,,,,,,,,,,,,,
2001-10-19,,23522.000000,21.500000,,,,,,,,,,,,,,,,,,,,
2001-10-22,,23147.000000,20.312500,,,,,,,,,,,,,,,,,,,,
2001-10-23,,23342.000000,19.000000,,,,,,,,,,,,,,,,,,,,
2001-10-24,,23249.000000,20.500000,,,,,,,,,,,,,,,,,,,,
2001-10-25,,23311.000000,22.437500,,,,,,,,,,,,,,,,,,,,
2001-10-26,,23020.000000,27.750000,,,,,,,,,,,,,,,,,,,,
2001-10-29,,22908.000000,33.437500,,,,,,,,,,,,,,,,,,,,
2001-10-30,,22603.000000,43.062500,,,,,,,,,,,,,,,,,,,,
2001-10-31,,21190.000000,45.000000,,,-0.400000,-1.700000,,,,,,,,,,,,,,,,
2001-11-01,,20732.000000,54.500000,,,,,,,,,,,,,,,,,,,,
2001-11-02,,20177.000000,60.187500,,,,,,,,,,,,,,,,,,,,
2001-11-05,,19864.000000,66.062500,,,,,,,,,,,,,,,,,,,,
2001-11-07,,20324.000000,42.875000,,,,,,,,,,,,,,,,,,,,
2001-11-08,,20743.000000,36.937500,,,,,,,,,,,,,,,,,,,,
2001-11-09,,20173.000000,40.437500,,,,,,,,,,,,,,,,,,,,
2001-11-12,,20120.000000,44.875000,,,,,,,,,,,,,,,,,,,,
2001-11-13,,20160.000000,45.875000,,,,,,,,,,,,,,,,,,,,
2001-11-14,,20143.000000,48.812500,,,,,,,,,,,,,,,,,,,,
2001-11-15,,19919.000000,50.000000,,,,,,,,,,,,,,,,,,,,
2001-11-16,,19612.000000,53.812500,,,,,,,,,,,,,,,,,,,,
2001-11-19,,19461.000000,55.687500,,,,,,,,,,,,,,,,,,,,
2001-11-20,,19393.000000,56.687500,,,,,,,,,,,,,,,,,,,,
2001-11-21,,18887.000000,55.750000,,,,,,,,,,,,,,,,,,,,
2001-11-22,,18821.000000,55.375000,,,,,,,,,,,,,,,,,,,,
2001-11-23,,18476.000000,33.375000,,,,,,,,,,,,,,,,,,,,
2001-11-26,,18229.000000,18.937500,,,,,,,,,,,,,,,,,,,,
2001-11-27,,17916.000000,14.750000,,,,,,,,,,,,,,,,,,,,
2001-11-28,,17662.000000,14.687500,,,,,,,,,,,,,,,,,,,,
2001-11-29,,17093.000000,16.312500,,,,,,,,,,,,,,,,,,,,
2001-11-30,,15195.000000,15.562500,,,-0.300000,-1.600000,,,,,,,,,,,,,,,,
2001-12-03,,15088.000000,14.250000,,,,,,,,,,,,,,,,,,,,
2001-12-04,,15101.000000,11.500000,,,,,,,,,,,,,,,,,,,,
2001-12-05,,15015.000000,11.312500,,,,,,,,,,,,,,,,,,,,
2001-12-06,,15274.000000,,,,,,,,,,,,,,,,,,,,,
2001-12-07,,15487.000000,,,,,,,,,,,,,,,,,,,,,
2001-12-10,,15630.000000,,,,,,,,,,,,,,,,,,,,,
2001-12-11,,15733.000000,,,,,,,,,,,,,,,,,,,,,
2001-12-12,,15683.000000,,,,,,,,,,,,,,,,,,,,,
2001-12-13,,15740.000000,,,,,,,,,,,,,,,,,,,,,
2001-12-14,,15772.000000,,,,,,,,,,,,,,,,,,,,,
2001-12-17,,15710.000000,,,,,,,,,,,,,,,,,,,,,
2001-12-18,,15376.000000,,,,,,,,,,,,,,,,,,,,,
2001-12-19,,14995.000000,,,,,,,,,,,,,,,,,,,,,
2001-12-20,,14851.000000,,,,,,,,,,,,,,,,,,,,,
2001-12-21,,14864.000000,,,,,,,,,,,,,,,,,,,,,
2001-12-24,,15153.000000,,,,,,,,,,,,,,,,,,,,,
2001-12-26,,15100.000000,,,,,,,,,,,,,,,,,,,,,
2001-12-27,,15334.000000,7.500000,,,,,,,,,,,,,,,,,,,,
2001-12-28,,15306.000000,7.437500,,,,,,,,,,,,,,,,,,,,
2001-12-31,,15232.000000,7.500000,,,-0.100000,-1.500000,,,,,,,,,,,,,,,,
2002-01-02,,15164.000000,7.500000,,,,,,,,,,,,,,,,,,,,
2002-01-03,,15215.000000,7.000000,,,,,,,,,,,,,,,,,,,,
2002-01-04,,15237.000000,7.687500,,,,,,,,,,,,,,,,,,,,
2002-01-07,,15371.000000,,,,,,,,,,,,,,,,,,,,,
2002-01-08,,15392.000000,,,,,,,,,,,,,,,,,,,,,
2002-01-09,,15396.000000,,,,,,,,,,,,,,,,,,,,,
2002-01-10,,15419.000000,,,,,,,,,,,,,,,,,,,,,
2002-01-11,,15429.000000,,,,,,,,,,,,,,,,,,,,,
2002-01-14,,15468.000000,,,,,,,,,,,,,,,,,,,,,
2002-01-15,,15358.000000,,,,,,,,,,,,,,,,,,,,,
2002-01-16,,15348.000000,,,,,,,,,,,,,,,,,,,,,
2002-01-17,,15226.000000,,,,,,,,,,,,,,,,,,,,,
2002-01-18,,15188.000000,,,,,,,,,,,,,,,,,,,,,
2002-01-21,,15167.000000,8.750000,,,,,,,,,,,,,,,,,,,,
2002-01-22,,15132.000000,,,,,,,,,,,,,,,,,,,,,
2002-01-23,,15177.000000,,,,,,,,,,,,,,,,,,,,,
2002-01-24,,15157.000000,,,,,,,,,,,,,,,,,,,,,
2002-01-25,,14137.000000,,,,,,,,,,,,,,,,,,,,,
2002-01-28,,14082.000000,,,,,,,,,,,,,,,,,,,,,
2002-01-29,,14066.000000,,,,,,,,,,,,,,,,,,,,,
2002-01-30,,14067.000000,,,,,,,,,,,,,,,,,,,,,
2002-01-31,,14069.000000,6.562500,,,2.300000,0.600000,,,,,,,,,,,,,,,,
2002-02-01,,14025.000000,,,,,,,,,,,,,,,,,,,,,
2002-02-04,,13674.000000,,,,,,,,,,,,,,,,,,,,,
2002-02-05,,13973.000000,,,,,,,,,,,,,,,,,,,,,
2002-02-06,,13971.000000,,,,,,,,,,,,,,,,,,,,,
2002-02-07,,13974.000000,,,,,,,,,,,,,,,,,,,,,
2002-02-08,,13936.000000,,,,,,,,,,,,,,,,,,,,,
2002-02-11,,13694.000000,17.500000,,,,,,,,,,,,,,,,,,,,
2002-02-12,,13667.000000,12.000000,,,,,,,,,,,,,,,,,,,,
2002-02-13,,13665.000000,12.000000,,,,,,,,,,,,,,,,,,,,
2002-02-14,,13664.000000,15.000000,,,,,,,,,,,,,,,,,,,,
2002-02-15,,13658.000000,15.375000,,,,,,,,,,,,,,,,,,,,
2002-02-18,,13657.000000,,,,,,,,,,,,,,,,,,,,,
2002-02-19,,13627.000000,15.687500,,,,,,,,,,,,,,,,,,,,
2002-02-20,,13605.000000,15.000000,,,,,,,,,,,,,,,,,,,,
2002-02-21,,13600.000000,,,,,,,,,,,,,,,,,,,,,
2002-02-22,,14118.000000,18.000000,,,,,,,,,,,,,,,,,,,,
2002-02-25,,14121.000000,,,,,,,,,,,,,,,,,,,,,
2002-02-26,,14062.000000,20.000000,,,,,,,,,,,,,,,,,,,,
2002-02-27,,13996.000000,22.625000,,,,,,,,,,,,,,,,,,,,
2002-02-28,,13883.000000,18.000000,,,3.100000,4.000000,,,,,,,,,,,,,,,,
2002-03-01,,13788.000000,21.500000,,,,,,,,,,,,,,,,,,,,
2002-03-04,2.008300,13732.000000,19.500000,,,,,,,,,,,,,,,,,,,,
2002-03-05,1.991700,13794.000000,14.500000,,,,,,,,,,,,,,,,,,,,
2002-03-06,2.050800,13798.000000,20.625000,,,,,,,,,,,,,,,,,,,,
2002-03-07,2.137500,13809.000000,,,,,,,,,,,,,,,,,,,,,
2002-03-08,2.203300,13774.000000,15.000000,,,,,,,,,,,,,,,,,,,,
2002-03-11,2.252500,13753.000000,10.000000,,,,,,,,,,,,,,,,,,,,
2002-03-12,2.365000,13603.000000,22.625000,,,,,,,,,,,,,,,,,,,,
2002-03-13,2.331700,13541.000000,20.625000,,,,,,,,,,,,,,,,,,,,
2002-03-14,2.365000,13431.000000,23.562500,,,,,,,,,,,,,,,,,,,,
2002-03-15,2.340800,13364.000000,5.437500,,,,,,,,,,,,,,,,,,,,
2002-03-18,2.317500,13341.000000,26.000000,,,,,,,,,,,,,,,,,,,,
2002-03-19,2.378300,13202.000000,25.125000,,,,,,,,,,,,,,,,,,,,
2002-03-20,2.432000,13101.000000,24.937500,,,,,,,,,,,,,,,,,,,,
2002-03-21,2.388300,12937.000000,25.562500,,,,,,,,,,,,,,,,,,,,
2002-03-22,2.568300,12899.000000,28.875000,,,,,,,,,,,,,,,,,,,,
2002-03-25,3.205000,12895.000000,35.000000,,,,,,,,,,,,,,,,,,,,
2002-03-26,2.991700,12855.000000,30.000000,,,,,,,,,,,,,,,,,,,,
2002-03-27,2.851700,12780.000000,33.500000,,,,,,,,,,,,,,,,,,,,
2002-03-31,,,,,,4.000000,7.900000,,,,,,,,,,,,,,,,
2002-04-02,2.887500,12762.000000,52.062500,,,,,,,,,,,,,,,,,,,,
2002-04-03,2.903300,12667.000000,47.375000,,,,,,,,,,,,,,,,,,,,
2002-04-04,2.800000,12699.000000,55.437500,,,,,,,,,,,,,,,,,,,,
2002-04-05,2.673300,12686.000000,,,,,,,,,,,,,,,,,,,,,
2002-04-08,2.704200,12665.000000,65.000000,,,,,,,,,,,,,,,,,,,,
2002-04-09,2.746700,12644.000000,35.000000,,,,,,,,,,,,,,,,,,,,
2002-04-10,2.770800,12530.000000,90.000000,,,,,,,,,,,,,,,,,,,,
2002-04-11,2.788300,12472.000000,85.000000,,,,,,,,,,,,,,,,,,,,
2002-04-12,2.859200,12454.000000,70.875000,,,,,,,,,,,,,,,,,,,,
2002-04-15,2.923300,12436.000000,88.437500,,,,,,,,,,,,,,,,,,,,
2002-04-16,2.853300,12396.000000,93.875000,,,,,,,,,,,,,,,,,,,,
2002-04-17,2.805000,12390.000000,89.625000,,,,,,,,,,,,,,,,,,,,
2002-04-18,2.911700,12353.000000,98.750000,,,,,,,,,,,,,,,,,,,,
2002-04-19,3.116700,12314.000000,115.937500,,,,,,,,,,,,,,,,,,,,
2002-04-22,,12315.000000,,,,,,,,,,,,,,,,,,,,,
2002-04-23,,12316.000000,,,,,,,,,,,,,,,,,,,,,
2002-04-24,,12316.000000,,,,,,,,,,,,,,,,,,,,,
2002-04-25,,12317.000000,,,,,,,,,,,,,,,,,,,,,
2002-04-26,,12317.000000,,,,,,,,,,,,,,,,,,,,,
2002-04-29,3.021700,12313.000000,134.187500,,,,,,,,,,,,,,,,,,,,
2002-04-30,2.916700,12171.000000,111.312500,,,10.400000,18.400000,,,,,,,,,,,,,,,,
2002-05-02,3.035800,12135.000000,138.437500,,,,,,,,,,,,,,,,,,,,
2002-05-03,3.160000,12027.000000,115.875000,,,,,,,,,,,,,,,,,,,,
2002-05-06,3.163300,12009.000000,141.187500,,,,,,,,,,,,,,,,,,,,
2002-05-07,3.171700,11980.000000,160.125000,,,,,,,,,,,,,,,,,,,,
2002-05-08,3.186300,11770.000000,189.187500,,,,,,,,,,,,,,,,,,,,
2002-05-09,3.180000,11740.000000,177.250000,,,,,,,,,,,,,,,,,,,,
2002-05-10,3.176700,11564.000000,87.187500,,,,,,,,,,,,,,,,,,,,
2002-05-13,3.266700,11546.000000,128.937500,,,,,,,,,,,,,,,,,,,,
2002-05-14,3.255700,10843.000000,111.437500,,,,,,,,,,,,,,,,,,,,
2002-05-15,3.225000,10818.000000,110.500000,,,,,,,,,,,,,,,,,,,,
2002-05-16,3.222800,10795.000000,131.625000,,,,,,,,,,,,,,,,,,,,
2002-05-17,3.330000,10751.000000,130.312500,,,,,,,,,,,,,,,,,,,,
2002-05-20,3.516700,10709.000000,83.812500,,,,,,,,,,,,,,,,,,,,
2002-05-21,3.493300,10636.000000,150.000000,,,,,,,,,,,,,,,,,,,,
2002-05-22,3.420800,10594.000000,138.000000,,,,,,,,,,,,,,,,,,,,
2002-05-23,3.388300,10563.000000,121.250000,,,,,,,,,,,,,,,,,,,,
2002-05-24,3.428300,10505.000000,82.937500,,,,,,,,,,,,,,,,,,,,
2002-05-27,3.448300,10463.000000,93.750000,,,,,,,,,,,,,,,,,,,,
2002-05-28,3.451700,10386.000000,107.875000,,,,,,,,,,,,,,,,,,,,
2002-05-29,3.543300,10357.000000,115.562500,,,,,,,,,,,,,,,,,,,,
2002-05-30,3.591700,10221.000000,121.312500,,,,,,,,,,,,,,,,,,,,
2002-05-31,3.575000,10185.000000,60.625000,,,4.000000,23.000000,,,,,,,,,,,,,,,,
2002-06-03,3.594200,10174.000000,119.375000,,,,,,,,,,,,,,,,,,,,
2002-06-04,3.608300,10182.000000,147.687500,,,,,,,,,,,,,,,,,,,,
2002-06-05,3.626700,10158.000000,109.562500,,,,,,,,,,,,,,,,,,,,
2002-06-06,3.636700,10119.000000,86.125000,,,,,,,,,,,,,,,,,,,,
2002-06-07,3.630000,10054.000000,99.187500,,,,,,,,,,,,,,,,,,,,
2002-06-10,3.532500,10070.000000,143.875000,,,,,,,,,,,,,,,,,,,,
2002-06-11,3.455800,10062.000000,105.062500,,,,,,,,,,,,,,,,,,,,
2002-06-12,3.445000,9974.000000,117.375000,,,,,,,,,,,,,,,,,,,,
2002-06-13,3.471700,9966.000000,97.750000,,,,,,,,,,,,,,,,,,,,
2002-06-14,3.504300,9928.000000,89.687500,,,,,,,,,,,,,,,,,,,,
2002-06-18,3.507800,9818.000000,111.625000,,,,,,,,,,,,,,,,,,,,
2002-06-19,3.536200,9819.000000,98.375000,,,,,,,,,,,,,,,,,,,,
2002-06-20,3.583300,9781.000000,146.562500,,,,,,,,,,,,,,,,,,,,
2002-06-21,3.636000,9757.000000,116.500000,,,,,,,,,,,,,,,,,,,,
2002-06-24,3.705800,9688.000000,85.312500,,,,,,,,,,,,,,,,,,,,
2002-06-25,3.850000,9695.000000,123.187500,,,,,,,,,,,,,,,,,,,,
2002-06-26,3.867500,9717.000000,104.000000,,,,,,,,,,,,,,,,,,,,
2002-06-27,3.809200,9698.000000,120.000000,,,,,,,,,,,,,,,,,,,,
2002-06-28,3.803700,9629.000000,58.812500,,,,,,,,,,,,,,,,,,,,
2002-06-30,,,,,,3.600000,28.400000,,,,,,,,,,,,,,,,
2002-07-01,3.791200,9574.000000,84.187500,,,,,,,,,,,,,,,,,,,,
2002-07-02,3.690000,9568.000000,94.375000,,,,,,,,,,,,,,,,,,,,
2002-07-03,3.576700,9535.000000,113.375000,,,,,,,,,,,,,,,,,,,,
2002-07-04,3.555800,9511.000000,115.625000,,,,,,,,,,,,,,,,,,,,
2002-07-05,3.566700,9504.000000,94.000000,,,,,,,,,,,,,,,,,,,,
2002-07-08,3.531700,9508.000000,101.187500,,,,,,,,,,,,,,,,,,,,
2002-07-10,3.530300,9505.000000,115.562500,,,,,,,,,,,,,,,,,,,,
2002-07-11,3.555000,9531.000000,121.000000,,,,,,,,,,,,,,,,,,,,
2002-07-12,3.587500,9525.000000,115.812500,,,,,,,,,,,,,,,,,,,,
2002-07-15,3.593300,8958.000000,120.375000,,,,,,,,,,,,,,,,,,,,
2002-07-16,3.590700,9015.000000,127.187500,,,,,,,,,,,,,,,,,,,,
2002-07-17,3.496700,9052.000000,102.062500,,,,,,,,,,,,,,,,,,,,
2002-07-18,3.541700,9022.000000,144.000000,,,,,,,,,,,,,,,,,,,,
2002-07-19,3.584500,8968.000000,112.625000,,,,,,,,,,,,,,,,,,,,
2002-07-22,3.597800,8979.000000,104.375000,,,,,,,,,,,,,,,,,,,,
2002-07-23,3.638300,8944.000000,92.562500,,,,,,,,,,,,,,,,,,,,
2002-07-24,3.645000,8932.000000,103.500000,,,,,,,,,,,,,,,,,,,,
2002-07-25,3.626700,8937.000000,97.187500,,,,,,,,,,,,,,,,,,,,
2002-07-26,3.655800,8966.000000,84.875000,,,,,,,,,,,,,,,,,,,,
2002-07-29,3.650000,8973.000000,96.750000,,,,,,,,,,,,,,,,,,,,
2002-07-30,3.650800,9015.000000,100.312500,,,,,,,,,,,,,,,,,,,,
2002-07-31,3.700800,8986.000000,97.437500,,,3.200000,32.900000,,,,,,,,,,,,,,,,
2002-08-01,3.633300,8982.000000,104.000000,,,,,,,,,,,,,,,,,,,,
2002-08-02,3.615000,8961.000000,96.687500,,,,,,,,,,,,,,,,,,,,
2002-08-05,3.616300,8985.000000,100.125000,,,,,,,,,,,,,,,,,,,,
2002-08-06,3.620800,8985.000000,103.937500,,,,,,,,,,,,,,,,,,,,
2002-08-07,3.627800,8980.000000,94.687500,,,,,,,,,,,,,,,,,,,,
2002-08-08,3.640800,8832.000000,104.062500,,,,,,,,,,,,,,,,,,,,
2002-08-09,3.636700,8873.000000,80.750000,,,,,,,,,,,,,,,,,,,,
2002-08-12,3.620000,8894.000000,73.125000,,,,,,,,,,,,,,,,,,,,
2002-08-13,3.610800,8936.000000,76.750000,,,,,,,,,,,,,,,,,,,,
2002-08-14,3.632500,8962.000000,66.187500,,,,,,,,,,,,,,,,,,,,
2002-08-15,3.641700,9034.000000,72.250000,,,,,,,,,,,,,,,,,,,,
2002-08-16,3.639200,9030.000000,58.312500,,,,,,,,,,,,,,,,,,,,
2002-08-20,3.630000,9070.000000,58.500000,,,,,,,,,,,,,,,,,,,,
2002-08-21,3.598300,9094.000000,52.937500,,,,,,,,,,,,,,,,,,,,
2002-08-22,3.581700,9133.000000,64.375000,,,,,,,,,,,,,,,,,,,,
2002-08-23,3.604200,9098.000000,56.125000,,,,,,,,,,,,,,,,,,,,
2002-08-26,3.618300,9098.000000,60.625000,,,,,,,,,,,,,,,,,,,,
2002-08-27,3.625800,9070.000000,60.312500,,,,,,,,,,,,,,,,,,,,
2002-08-28,3.605000,9086.000000,58.625000,,,,,,,,,,,,,,,,,,,,
2002-08-29,3.611700,9109.000000,61.375000,,,,,,,,,,,,,,,,,,,,
2002-08-30,3.625000,9102.000000,59.250000,,,,,,,,,,,,,,,,,,,,
2002-08-31,,,,,,2.300000,36.500000,,,,,,,,,,,,,,,,
2002-09-02,3.628000,9109.000000,54.062500,,,,,,,,,,,,,,,,,,,,
2002-09-03,3.633000,9144.000000,56.687500,,,,,,,,,,,,,,,,,,,,
2002-09-04,3.636800,9163.000000,54.187500,,,,,,,,,,,,,,,,,,,,
2002-09-05,3.624700,9158.000000,59.937500,,,,,,,,,,,,,,,,,,,,
2002-09-06,3.609200,9338.000000,49.625000,,,,,,,,,,,,,,,,,,,,
2002-09-09,3.609200,9316.000000,57.062500,,,,,,,,,,,,,,,,,,,,
2002-09-10,3.618300,9369.000000,48.375000,,,,,,,,,,,,,,,,,,,,
2002-09-11,3.610000,9374.000000,45.000000,,,,,,,,,,,,,,,,,,,,
2002-09-12,3.623700,9404.000000,44.125000,,,,,,,,,,,,,,,,,,,,
2002-09-13,3.629700,9411.000000,42.062500,,,,,,,,,,,,,,,,,,,,
2002-09-16,3.639300,9450.000000,47.312500,,,,,,,,,,,,,,,,,,,,
2002-09-17,3.634200,9449.000000,40.625000,,,,,,,,,,,,,,,,,,,,
2002-09-18,3.631700,9472.000000,36.000000,,,,,,,,,,,,,,,,,,,,
2002-09-19,3.650800,9481.000000,35.937500,,,,,,,,,,,,,,,,,,,,
2002-09-20,3.658000,9453.000000,32.562500,,,,,,,,,,,,,,,,,,,,
2002-09-23,3.649200,9477.000000,30.375000,,,,,,,,,,,,,,,,,,,,
2002-09-24,3.658300,9476.000000,32.750000,,,,,,,,,,,,,,,,,,,,
2002-09-25,3.665000,9472.000000,26.500000,,,,,,,,,,,,,,,,,,,,
2002-09-26,3.667800,9465.000000,28.562500,,,,,,,,,,,,,,,,,,,,
2002-09-27,3.701000,9431.000000,35.500000,,,,,,,,,,,,,,,,,,,,
2002-09-30,3.726700,9404.000000,34.687500,,,1.400000,38.500000,,,,,,,,,,,,,,,,
2002-10-01,3.741700,9426.000000,32.937500,,,,,,,,,,,,,,,,,,,,
2002-10-02,3.760800,9414.000000,31.750000,,,,,,,,,,,,,,,,,,,,
2002-10-03,3.750800,9426.000000,36.812500,,,,,,,,,,,,,,,,,,,,
2002-10-04,3.739700,9377.000000,30.437500,,,,,,,,,,,,,,,,,,,,
2002-10-07,3.756000,9399.000000,40.187500,,,,,,,,,,,,,,,,,,,,
2002-10-08,3.742200,9401.000000,36.625000,,,,,,,,,,,,,,,,,,,,
2002-10-09,3.715000,9435.000000,35.875000,,,,,,,,,,,,,,,,,,,,
2002-10-10,3.690700,9380.000000,27.937500,,,,,,,,,,,,,,,,,,,,
2002-10-11,3.705200,9383.000000,23.187500,,,,,,,,,,,,,,,,,,,,
2002-10-15,3.679200,9458.000000,24.062500,,,,,,,,,,,,,,,,,,,,
2002-10-16,3.612000,9523.000000,20.750000,,,,,,,,,,,,,,,,,,,,
2002-10-17,3.574200,9634.000000,22.937500,,,,,,,,,,,,,,,,,,,,
2002-10-18,3.593800,9630.000000,14.187500,,,,,,,,,,,,,,,,,,,,
2002-10-21,3.610000,9629.000000,24.000000,,,,,,,,,,,,,,,,,,,,
2002-10-22,3.615000,9641.000000,24.750000,,,,,,,,,,,,,,,,,,,,
2002-10-23,3.600200,9712.000000,22.937500,,,,,,,,,,,,,,,,,,,,
2002-10-24,3.603300,9732.000000,26.000000,,,,,,,,,,,,,,,,,,,,
2002-10-25,3.606000,9749.000000,22.562500,,,,,,,,,,,,,,,,,,,,
2002-10-28,3.590000,9772.000000,22.250000,,,,,,,,,,,,,,,,,,,,
2002-10-29,3.579200,9789.000000,19.750000,,,,,,,,,,,,,,,,,,,,
2002-10-30,3.553200,9835.000000,20.437500,,,,,,,,,,,,,,,,,,,,
2002-10-31,3.523200,9883.000000,21.000000,,,0.200000,39.400000,,,,,,,,,,,,,,,,
2002-11-01,3.518200,9918.000000,12.437500,,,,,,,,,,,,,,,,,,,,
2002-11-04,3.541000,9916.000000,16.750000,,,,,,,,,,,,,,,,,,,,
2002-11-05,3.536700,9922.000000,16.500000,,,,,,,,,,,,,,,,,,,,
2002-11-07,3.539500,9805.000000,12.500000,,,,,,,,,,,,,,,,,,,,
2002-11-08,3.534300,9897.000000,12.562500,,,,,,,,,,,,,,,,,,,,
2002-11-11,3.542200,9711.000000,12.500000,,,,,,,,,,,,,,,,,,,,
2002-11-12,3.529200,9810.000000,11.250000,,,,,,,,,,,,,,,,,,,,
2002-11-13,3.530300,9854.000000,13.937500,,,,,,,,,,,,,,,,,,,,
2002-11-14,3.535800,9787.000000,16.000000,,,,,,,,,,,,,,,,,,,,
2002-11-15,3.531700,9777.000000,9.500000,,,,,,,,,,,,,,,,,,,,
2002-11-18,3.527000,9821.000000,14.437500,,,,,,,,,,,,,,,,,,,,
2002-11-19,3.512700,9864.000000,17.437500,,,,,,,,,,,,,,,,,,,,
2002-11-20,3.512300,9823.000000,16.187500,,,,,,,,,,,,,,,,,,,,
2002-11-21,3.506700,9861.000000,14.687500,,,,,,,,,,,,,,,,,,,,
2002-11-22,3.502300,9883.000000,11.812500,,,,,,,,,,,,,,,,,,,,
2002-11-25,3.504700,9906.000000,16.562500,,,,,,,,,,,,,,,,,,,,
2002-11-26,3.479500,9993.000000,14.187500,,,,,,,,,,,,,,,,,,,,
2002-11-27,3.488200,10030.000000,12.437500,,,,,,,,,,,,,,,,,,,,
2002-11-28,3.542500,10019.000000,17.437500,,,,,,,,,,,,,,,,,,,,
2002-11-29,3.596200,10022.000000,15.062500,,,,,,,,,,,,,,,,,,,,
2002-11-30,,,,,,0.500000,40.600000,,,,,,,,,,,,,,,,
2002-12-02,3.587500,10071.000000,19.937500,,,,,,,,,,,,,,,,,,,,
2002-12-03,3.537200,10111.000000,18.000000,,,,,,,,,,,,,,,,,,,,
2002-12-04,3.528500,10128.000000,20.000000,,,,,,,,,,,,,,,,,,,,
2002-12-05,3.518800,10140.000000,14.250000,,,,,,,,,,,,,,,,,,,,
2002-12-06,3.530700,10139.000000,13.687500,,,,,,,,,,,,,,,,,,,,
2002-12-09,3.533300,10152.000000,16.625000,,,,,,,,,,,,,,,,,,,,
2002-12-10,3.526800,10186.000000,16.187500,,,,,,,,,,,,,,,,,,,,
2002-12-11,3.506500,10221.000000,16.875000,,,,,,,,,,,,,,,,,,,,
2002-12-12,3.497500,10234.000000,11.375000,,,,,,,,,,,,,,,,,,,,
2002-12-13,3.508800,10259.000000,15.125000,,,,,,,,,,,,,,,,,,,,
2002-12-16,3.536500,10203.000000,21.750000,,,,,,,,,,,,,,,,,,,,
2002-12-17,3.538000,10206.000000,19.375000,,,,,,,,,,,,,,,,,,,,
2002-12-18,3.511800,10247.000000,24.875000,,,,,,,,,,,,,,,,,,,,
2002-12-19,3.479200,10274.000000,21.000000,,,,,,,,,,,,,,,,,,,,
2002-12-20,3.474800,10295.000000,13.000000,,,,,,,,,,,,,,,,,,,,
2002-12-23,3.470000,10368.000000,25.375000,,,,,,,,,,,,,,,,,,,,
2002-12-24,3.446700,10378.000000,21.437500,,,,,,,,,,,,,,,,,,,,
2002-12-26,3.412800,10415.000000,20.375000,,,,,,,,,,,,,,,,,,,,
2002-12-27,3.396700,10469.000000,19.437500,,,,,,,,,,,,,,,,,,,,
2002-12-30,3.388500,10516.000000,21.187500,,,,,,,,,,,,,,,,,,,,
2002-12-31,3.363000,10476.000000,21.312500,,,0.200000,40.900000,,,,,,,,,,,,,,,,
2003-01-02,3.362500,10501.000000,21.750000,,,,,,,,,,,,,,,,,,,,
2003-01-03,3.332800,10505.000000,18.375000,,,,,,,,,,,,,,,,,,,,
2003-01-06,3.329000,10564.000000,18.187500,,,,,,,,,,,,,,,,,,,,
2003-01-07,3.288800,10605.000000,14.687500,,,,,,,,,,,,,,,,,,,,
2003-01-08,3.293500,10652.000000,13.437500,,,,,,,,,,,,,,,,,,,,
2003-01-09,3.314300,10662.000000,10.562500,,,,,,,,,,,,,,,,,,,,
2003-01-10,3.353300,10645.000000,8.937500,,,,,,,,,,,,,,,,,,,,
2003-01-13,3.345000,10664.000000,13.750000,,,,,,,,,,,,,,,,,,,,
2003-01-14,3.303700,10693.000000,11.687500,,,,,,,,,,,,,,,,,,,,
2003-01-15,3.227500,10730.000000,14.312500,,,,,,,,,,,,,,,,,,,,
2003-01-16,3.243800,10746.000000,13.812500,,,,,,,,,,,,,,,,,,,,
2003-01-17,3.244000,9751.000000,13.500000,,,,,,,,,,,,,,,,,,,,
2003-01-20,3.193300,9752.000000,14.312500,,,,,,,,,,,,,,,,,,,,
2003-01-21,3.132800,9815.000000,13.812500,,,,,,,,,,,,,,,,,,,,
2003-01-22,3.063300,9831.000000,16.312500,,,,,,,,,,,,,,,,,,,,
2003-01-23,3.120000,8267.000000,12.937500,,,,,,,,,,,,,,,,,,,,
2003-01-24,3.173300,8245.000000,10.562500,,,,,,,,,,,,,,,,,,,,
2003-01-27,3.259200,9262.000000,13.437500,,,,,,,,,,,,,,,,,,,,
2003-01-28,3.343300,9264.000000,12.187500,,,,,,,,,,,,,,,,,,,,
2003-01-29,3.335000,9330.000000,15.375000,,,,,,,,,,,,,,,,,,,,
2003-01-30,3.240000,9334.000000,12.937500,,,,,,,,,,,,,,,,,,,,
2003-01-31,3.181700,9326.000000,11.437500,,,1.300000,39.600000,,,,,,,,,,,,,,,,
2003-02-03,3.198300,9308.000000,13.125000,,,,,,,,,,,,,,,,,,,,
2003-02-04,3.156700,9290.000000,15.000000,,,,,,,,,,,,,,,,,,,,
2003-02-05,3.153300,9306.000000,14.562500,,,,,,,,,,,,,,,,,,,,
2003-02-06,3.145800,9320.000000,12.750000,,,,,,,,,,,,,,,,,,,,
2003-02-07,3.151700,9210.000000,12.875000,,,,,,,,,,,,,,,,,,,,
2003-02-10,3.145800,9232.000000,19.437500,,,,,,,,,,,,,,,,,,,,
2003-02-11,3.101700,9256.000000,13.625000,,,,,,,,,,,,,,,,,,,,
2003-02-12,3.084800,9236.000000,14.250000,,,,,,,,,,,,,,,,,,,,
2003-02-13,3.116700,9291.000000,14.875000,,,,,,,,,,,,,,,,,,,,
2003-02-14,3.190800,9440.000000,15.750000,,,,,,,,,,,,,,,,,,,,
2003-02-17,3.161700,9439.000000,23.812500,,,,,,,,,,,,,,,,,,,,
2003-02-18,3.158500,9434.000000,20.375000,,,,,,,,,,,,,,,,,,,,
2003-02-19,3.184300,10195.000000,21.375000,,,,,,,,,,,,,,,,,,,,
2003-02-20,3.231700,10209.000000,18.812500,,,,,,,,,,,,,,,,,,,,
2003-02-21,3.202500,10247.000000,15.250000,,,,,,,,,,,,,,,,,,,,
2003-02-24,3.183800,10251.000000,18.937500,,,,,,,,,,,,,,,,,,,,
2003-02-25,3.150000,10274.000000,17.375000,,,,,,,,,,,,,,,,,,,,
2003-02-26,3.162200,10300.000000,17.687500,,,,,,,,,,,,,,,,,,,,
2003-02-27,3.181700,10295.000000,17.187500,,,,,,,,,,,,,,,,,,,,
2003-02-28,3.201300,10288.000000,19.937500,,,0.600000,36.100000,,,,,,,,,,,,,,,,
2003-03-03,3.218700,10257.000000,17.250000,,,,,,,,,,,,,,,,,,,,
2003-03-04,3.196200,10263.000000,16.812500,,,,,,,,,,,,,,,,,,,,
2003-03-05,3.174000,10266.000000,18.562500,,,,,,,,,,,,,,,,,,,,
2003-03-06,3.180800,10276.000000,20.562500,,,,,,,,,,,,,,,,,,,,
2003-03-07,3.171500,10279.000000,20.250000,,,,,,,,,,,,,,,,,,,,
2003-03-10,3.149300,10304.000000,16.437500,,,,,,,,,,,,,,,,,,,,
2003-03-11,3.137000,10309.000000,23.750000,,,,,,,,,,,,,,,,,,,,
2003-03-12,3.113300,10312.000000,21.937500,,,,,,,,,,,,,,,,,,,,
2003-03-13,3.107800,10311.000000,17.187500,,,,,,,,,,,,,,,,,,,,
2003-03-14,3.120800,10326.000000,22.250000,,,,,,,,,,,,,,,,,,,,
2003-03-17,3.100000,10209.000000,17.000000,,,,,,,,,,,,,,,,,,,,
2003-03-18,3.065500,10224.000000,21.000000,,,,,,,,,,,,,,,,,,,,
2003-03-19,3.019200,10176.000000,25.062500,,,,,,,,,,,,,,,,,,,,
2003-03-20,3.019500,10513.000000,22.437500,,,,,,,,,,,,,,,,,,,,
2003-03-21,3.035700,10507.000000,21.062500,,,,,,,,,,,,,,,,,,,,
2003-03-24,3.008800,10496.000000,21.812500,,,,,,,,,,,,,,,,,,,,
2003-03-25,2.941700,10534.000000,11.875000,,,,,,,,,,,,,,,,,,,,
2003-03-26,2.901200,10555.000000,26.062500,,,,,,,,,,,,,,,,,,,,
2003-03-27,2.871000,10576.000000,19.937500,,,,,,,,,,,,,,,,,,,,
2003-03-28,2.962500,10517.000000,17.500000,,,,,,,,,,,,,,,,,,,,
2003-03-31,,,,,,0.600000,31.700000,,,,,,,,,,,,,,,,
2003-04-01,2.979200,10513.000000,16.562500,,,,,,,,,,,,,,,,,,,,
2003-04-02,2.924300,10515.000000,21.875000,,,,,,,,,,,,,,,,,,,,
2003-04-03,2.900000,10540.000000,22.437500,,,,,,,,,,,,,,,,,,,,
2003-04-04,2.902200,10546.000000,17.562500,,,,,,,,,,,,,,,,,,,,
2003-04-07,2.893200,10519.000000,21.875000,,,,,,,,,,,,,,,,,,,,
2003-04-08,2.909200,10506.000000,13.312500,,,,,,,,,,,,,,,,,,,,
2003-04-09,2.918700,10514.000000,22.187500,,,,,,,,,,,,,,,,,,,,
2003-04-10,2.895000,10448.000000,20.750000,,,,,,,,,,,,,,,,,,,,
2003-04-11,2.889700,10472.000000,17.812500,,,,,,,,,,,,,,,,,,,,
2003-04-14,2.924000,10472.000000,21.437500,,,,,,,,,,,,,,,,,,,,
2003-04-15,2.959000,10477.000000,12.000000,,,,,,,,,,,,,,,,,,,,
2003-04-16,2.937700,10484.000000,16.250000,,,,,,,,,,,,,,,,,,,,
2003-04-21,2.895300,10502.000000,17.375000,,,,,,,,,,,,,,,,,,,,
2003-04-22,2.855200,10541.000000,12.937500,,,,,,,,,,,,,,,,,,,,
2003-04-23,2.837800,10595.000000,16.625000,,,,,,,,,,,,,,,,,,,,
2003-04-24,2.852000,10609.000000,16.062500,,,,,,,,,,,,,,,,,,,,
2003-04-25,2.875200,10867.000000,17.562500,,,,,,,,,,,,,,,,,,,,
2003-04-28,2.860200,10891.000000,17.000000,,,,,,,,,,,,,,,,,,,,
2003-04-29,2.854700,10949.000000,11.625000,,,,,,,,,,,,,,,,,,,,
2003-04-30,2.829500,10971.000000,16.125000,,,0.100000,19.400000,,,,,,,,,,,,,,,,
2003-05-02,2.794700,11102.000000,14.250000,,,,,,,,,,,,,,,,,,,,
2003-05-05,2.797500,11182.000000,14.312500,,,,,,,,,,,,,,,,,,,,
2003-05-06,2.796500,11260.000000,10.562500,,,,,,,,,,,,,,,,,,,,
2003-05-07,2.805500,10996.000000,10.937500,,,,,,,,,,,,,,,,,,,,
2003-05-08,2.768300,11135.000000,12.500000,,,,,,,,,,,,,,,,,,,,
2003-05-09,2.760200,11292.000000,12.062500,,,,,,,,,,,,,,,,,,,,
2003-05-12,2.774000,11354.000000,12.500000,,,,,,,,,,,,,,,,,,,,
2003-05-13,2.748500,11465.000000,7.875000,,,,,,,,,,,,,,,,,,,,
2003-05-14,2.767800,10734.000000,11.062500,,,,,,,,,,,,,,,,,,,,
2003-05-15,2.839500,10755.000000,10.312500,,,,,,,,,,,,,,,,,,,,
2003-05-16,2.908300,10898.000000,8.500000,,,,,,,,,,,,,,,,,,,,
2003-05-19,2.950000,10881.000000,9.875000,,,,,,,,,,,,,,,,,,,,
2003-05-20,2.883200,10970.000000,10.125000,,,,,,,,,,,,,,,,,,,,
2003-05-21,2.853000,10988.000000,7.812500,,,,,,,,,,,,,,,,,,,,
2003-05-22,2.839000,11008.000000,8.500000,,,,,,,,,,,,,,,,,,,,
2003-05-23,2.891300,11045.000000,8.812500,,,,,,,,,,,,,,,,,,,,
2003-05-26,2.882500,11048.000000,10.062500,,,,,,,,,,,,,,,,,,,,
2003-05-27,2.868300,11052.000000,9.125000,,,,,,,,,,,,,,,,,,,,
2003-05-28,2.875300,11048.000000,9.625000,,,,,,,,,,,,,,,,,,,,
2003-05-29,2.882500,11087.000000,9.562500,,,,,,,,,,,,,,,,,,,,
2003-05-30,2.863200,11374.000000,8.562500,,,,,,,,,,,,,,,,,,,,
2003-05-31,,,,,,-0.400000,14.300000,,,,,,,,,,,,,,,,
2003-06-02,2.846800,11547.000000,9.750000,,,,,,,,,,,,,,,,,,,,
2003-06-03,2.838000,11601.000000,10.250000,,,,,,,,,,,,,,,,,,,,
2003-06-04,2.825500,11638.000000,9.937500,,,,,,,,,,,,,,,,,,,,
2003-06-05,2.822500,11614.000000,9.500000,,,,,,,,,,,,,,,,,,,,
2003-06-06,2.824300,11656.000000,9.312500,,,,,,,,,,,,,,,,,,,,
2003-06-09,2.815000,11734.000000,9.937500,,,,,,,,,,,,,,,,,,,,
2003-06-10,2.811000,11824.000000,10.250000,,,,,,,,,,,,,,,,,,,,
2003-06-11,2.811200,11853.000000,9.250000,,,,,,,,,,,,,,,,,,,,
2003-06-12,2.838300,12021.000000,10.125000,,,,,,,,,,,,,,,,,,,,
2003-06-13,2.826500,11451.000000,9.812500,,,,,,,,,,,,,,,,,,,,
2003-06-17,2.804300,11552.000000,10.187500,,,,,,,,,,,,,,,,,,,,
2003-06-18,2.795000,11627.000000,9.937500,,,,,,,,,,,,,,,,,,,,
2003-06-19,2.798700,11637.000000,10.125000,,,,,,,,,,,,,,,,,,,,
2003-06-20,2.802700,11650.000000,9.437500,,,,,,,,,,,,,,,,,,,,
2003-06-23,2.795700,11735.000000,10.000000,,,,,,,,,,,,,,,,,,,,
2003-06-24,2.772800,12136.000000,7.812500,,,,,,,,,,,,,,,,,,,,
2003-06-25,2.761500,12173.000000,7.437500,,,,,,,,,,,,,,,,,,,,
2003-06-26,2.785700,12237.000000,6.687500,,,,,,,,,,,,,,,,,,,,
2003-06-27,2.794000,12229.000000,6.875000,,,,,,,,,,,,,,,,,,,,
2003-06-30,2.807500,12183.000000,5.812500,,,-0.100000,10.200000,,,,,,,,,,,,,,,,
2003-07-01,2.800300,12201.000000,6.687500,,,,,,,,,,,,,,,,,,,,
2003-07-02,2.801200,12239.000000,6.812500,,,,,,,,,,,,,,,,,,,,
2003-07-03,2.796700,12244.000000,6.062500,,,,,,,,,,,,,,,,,,,,
2003-07-04,2.795300,12973.000000,5.000000,,,,,,,,,,,,,,,,,,,,
2003-07-07,2.790200,13036.000000,5.625000,,,,,,,,,,,,,,,,,,,,
2003-07-08,2.776000,13071.000000,5.875000,,,,,,,,,,,,,,,,,,,,
2003-07-10,2.767300,13101.000000,4.812500,,,,,,,,,,,,,,,,,,,,
2003-07-11,2.758200,13137.000000,3.687500,,,,,,,,,,,,,,,,,,,,
2003-07-14,2.764700,13167.000000,4.000000,,,,,,,,,,,,,,,,,,,,
2003-07-15,2.781500,13198.000000,3.125000,,,,,,,,,,,,,,,,,,,,
2003-07-16,2.771500,13251.000000,2.750000,,,,,,,,,,,,,,,,,,,,
2003-07-17,2.787300,12268.000000,3.500000,,,,,,,,,,,,,,,,,,,,
2003-07-18,2.799000,12300.000000,2.625000,,,,,,,,,,,,,,,,,,,,
2003-07-21,2.797300,12321.000000,3.562500,,,,,,,,,,,,,,,,,,,,
2003-07-22,2.786300,12357.000000,3.437500,,,,,,,,,,,,,,,,,,,,
2003-07-23,2.775700,12376.000000,3.875000,,,,,,,,,,,,,,,,,,,,
2003-07-24,2.790000,12424.000000,3.250000,,,,,,,,,,,,,,,,,,,,
2003-07-25,2.818300,12467.000000,3.562500,,,,,,,,,,,,,,,,,,,,
2003-07-28,2.818200,12490.000000,2.312500,,,,,,,,,,,,,,,,,,,,
2003-07-29,2.842300,13552.000000,3.437500,,,,,,,,,,,,,,,,,,,,
2003-07-30,2.879700,13518.000000,3.125000,,,,,,,,,,,,,,,,,,,,
2003-07-31,2.931300,13485.000000,2.562500,,,0.400000,7.300000,,,,,,,,,,,,,,,,
2003-08-01,2.930000,13496.000000,2.437500,,,,,,,,,,,,,,,,,,,,
2003-08-04,2.961800,13521.000000,2.875000,,,,,,,,,,,,,,,,,,,,
2003-08-05,2.938500,13504.000000,3.312500,,,,,,,,,,,,,,,,,,,,
2003-08-06,2.931000,13533.000000,3.312500,,,,,,,,,,,,,,,,,,,,
2003-08-07,2.928800,13396.000000,3.187500,,,,,,,,,,,,,,,,,,,,
2003-08-08,2.924800,13391.000000,3.000000,,,,,,,,,,,,,,,,,,,,
2003-08-11,2.920700,13398.000000,3.187500,,,,,,,,,,,,,,,,,,,,
2003-08-12,2.907300,13365.000000,2.687500,,,,,,,,,,,,,,,,,,,,
2003-08-13,2.884200,13395.000000,3.000000,,,,,,,,,,,,,,,,,,,,
2003-08-14,2.896000,13357.000000,3.250000,,,,,,,,,,,,,,,,,,,,
2003-08-15,2.900000,13325.000000,3.250000,,,,,,,,,,,,,,,,,,,,
2003-08-19,2.902000,13319.000000,2.750000,,,,,,,,,,,,,,,,,,,,
2003-08-20,2.906000,13340.000000,2.875000,,,,,,,,,,,,,,,,,,,,
2003-08-21,2.935200,13334.000000,1.812500,,,,,,,,,,,,,,,,,,,,
2003-08-22,2.970000,13332.000000,2.375000,,,,,,,,,,,,,,,,,,,,
2003-08-25,2.929800,13334.000000,2.812500,,,,,,,,,,,,,,,,,,,,
2003-08-26,2.921700,13330.000000,1.750000,,,,,,,,,,,,,,,,,,,,
2003-08-27,2.957200,13317.000000,2.625000,,,,,,,,,,,,,,,,,,,,
2003-08-28,2.972000,13300.000000,2.500000,,,,,,,,,,,,,,,,,,,,
2003-08-29,2.952800,13584.000000,3.187500,,,,,,,,,,,,,,,,,,,,
2003-08-31,,,,,,0.000000,4.900000,,,,,,,,,,,,,,,,
2003-09-01,2.963000,13592.000000,2.937500,,,,,,,,,,,,,,,,,,,,
2003-09-02,2.965800,13618.000000,3.125000,,,,,,,,,,,,,,,,,,,,
2003-09-03,2.977300,13622.000000,3.062500,,,,,,,,,,,,,,,,,,,,
2003-09-04,2.960700,13626.000000,3.437500,,,,,,,,,,,,,,,,,,,,
2003-09-05,2.937000,13643.000000,2.250000,,,,,,,,,,,,,,,,,,,,
2003-09-08,2.942800,13707.000000,2.500000,,,,,,,,,,,,,,,,,,,,
2003-09-09,2.956700,13714.000000,2.312500,,,,,,,,,,,,,,,,,,,,
2003-09-10,2.935300,13763.000000,3.062500,,,,,,,,,,,,,,,,,,,,
2003-09-11,2.902800,10871.000000,3.687500,,,,,,,,,,,,,,,,,,,,
2003-09-12,2.894200,10757.000000,3.125000,,,,,,,,,,,,,,,,,,,,
2003-09-15,2.889800,10804.000000,2.875000,,,,,,,,,,,,,,,,,,,,
2003-09-16,2.891700,10802.000000,3.500000,,,,,,,,,,,,,,,,,,,,
2003-09-17,2.906700,10815.000000,2.750000,,,,,,,,,,,,,,,,,,,,
2003-09-18,2.917800,10825.000000,3.312500,,,,,,,,,,,,,,,,,,,,
2003-09-19,2.911700,10845.000000,2.812500,,,,,,,,,,,,,,,,,,,,
2003-09-22,2.910700,10841.000000,3.250000,,,,,,,,,,,,,,,,,,,,
2003-09-23,2.896300,13428.000000,2.937500,,,,,,,,,,,,,,,,,,,,
2003-09-24,2.893300,13449.000000,3.500000,,,,,,,,,,,,,,,,,,,,
2003-09-25,2.890000,13467.000000,3.062500,,,,,,,,,,,,,,,,,,,,
2003-09-26,2.900700,13383.000000,3.437500,,,,,,,,,,,,,,,,,,,,
2003-09-29,2.905500,13378.000000,3.750000,,,,,,,,,,,,,,,,,,,,
2003-09-30,2.911000,13406.000000,3.812500,,,0.000000,3.500000,,,,,,,,,,,,,,,,
2003-10-01,2.912700,13423.000000,3.750000,,,,,,,,,,,,,,,,,,,,
2003-10-02,2.901200,13434.000000,3.437500,,,,,,,,,,,,,,,,,,,,
2003-10-03,2.895200,13436.000000,3.062500,,,,,,,,,,,,,,,,,,,,
2003-10-06,2.878200,13446.000000,3.250000,,,,,,,,,,,,,,,,,,,,
2003-10-07,2.868500,13457.000000,3.000000,,,,,,,,,,,,,,,,,,,,
2003-10-08,2.862800,13477.000000,3.875000,,,,,,,,,,,,,,,,,,,,
2003-10-09,2.849700,13508.000000,3.812500,,,,,,,,,,,,,,,,,,,,
2003-10-10,2.833000,13427.000000,3.562500,,,,,,,,,,,,,,,,,,,,
2003-10-14,2.837200,13449.000000,3.812500,,,,,,,,,,,,,,,,,,,,
2003-10-15,2.841700,13333.000000,3.000000,,,,,,,,,,,,,,,,,,,,
2003-10-16,2.844300,13359.000000,2.750000,,,,,,,,,,,,,,,,,,,,
2003-10-17,2.850200,13331.000000,2.562500,,,,,,,,,,,,,,,,,,,,
2003-10-20,2.851300,13242.000000,3.437500,,,,,,,,,,,,,,,,,,,,
2003-10-21,2.851000,13310.000000,2.875000,,,,,,,,,,,,,,,,,,,,
2003-10-22,2.853500,13337.000000,3.562500,,,,,,,,,,,,,,,,,,,,
2003-10-23,2.846000,13357.000000,2.937500,,,,,,,,,,,,,,,,,,,,
2003-10-24,2.842800,12754.000000,3.375000,,,,,,,,,,,,,,,,,,,,
2003-10-27,2.838300,12792.000000,3.437500,,,,,,,,,,,,,,,,,,,,
2003-10-28,2.849000,12821.000000,3.312500,,,,,,,,,,,,,,,,,,,,
2003-10-29,2.851800,12847.000000,3.312500,,,,,,,,,,,,,,,,,,,,
2003-10-30,2.863200,12883.000000,3.062500,,,,,,,,,,,,,,,,,,,,
2003-10-31,2.877500,12902.000000,3.000000,,,0.600000,3.900000,,,,,,,,,,,,,,,,
2003-11-03,2.860300,12892.000000,3.500000,,,,,,,,,,,,,,,,,,,,
2003-11-04,2.851700,12924.000000,3.375000,,,,,,,,,,,,,,,,,,,,
2003-11-05,2.860300,12953.000000,3.937500,,,,,,,,,,,,,,,,,,,,
2003-11-07,2.853800,12841.000000,3.500000,,,,,,,,,,,,,,,,,,,,
2003-11-10,2.845300,13329.000000,3.500000,,,,,,,,,,,,,,,,,,,,
2003-11-11,2.853500,13334.000000,3.375000,,,,,,,,,,,,,,,,,,,,
2003-11-12,2.855000,13387.000000,3.312500,,,,,,,,,,,,,,,,,,,,
2003-11-13,2.858300,13435.000000,3.562500,,,,,,,,,,,,,,,,,,,,
2003-11-14,2.871800,13505.000000,3.687500,,,,,,,,,,,,,,,,,,,,
2003-11-17,2.876000,13435.000000,3.125000,,,,,,,,,,,,,,,,,,,,
2003-11-18,2.862500,13499.000000,4.125000,,,,,,,,,,,,,,,,,,,,
2003-11-19,2.869000,13503.000000,3.500000,,,,,,,,,,,,,,,,,,,,
2003-11-20,2.879500,13535.000000,3.250000,,,,,,,,,,,,,,,,,,,,
2003-11-21,2.887300,13394.000000,3.250000,,,,,,,,,,,,,,,,,,,,
2003-11-24,2.891800,13448.000000,3.812500,,,,,,,,,,,,,,,,,,,,
2003-11-25,2.915700,13466.000000,3.500000,,,,,,,,,,,,,,,,,,,,
2003-11-26,2.938000,13487.000000,3.437500,,,,,,,,,,,,,,,,,,,,
2003-11-27,2.977000,13487.000000,3.562500,,,,,,,,,,,,,,,,,,,,
2003-11-28,2.987700,13483.000000,3.187500,,,,,,,,,,,,,,,,,,,,
2003-11-30,,,,,,0.200000,3.600000,,,,,,,,,,,,,,,,
2003-12-01,2.989800,13520.000000,3.437500,,,,,,,,,,,,,,,,,,,,
2003-12-02,2.972000,13538.000000,3.312500,,,,,,,,,,,,,,,,,,,,
2003-12-03,2.980000,13583.000000,3.250000,,,,,,,,,,,,,,,,,,,,
2003-12-04,2.970700,13721.000000,2.312500,,,,,,,,,,,,,,,,,,,,
2003-12-05,2.969300,13754.000000,2.625000,,,,,,,,,,,,,,,,,,,,
2003-12-09,2.954700,13890.000000,2.875000,,,,,,,,,,,,,,,,,,,,
2003-12-10,2.937700,13917.000000,2.937500,,,,,,,,,,,,,,,,,,,,
2003-12-11,2.947300,13938.000000,2.312500,,,,,,,,,,,,,,,,,,,,
2003-12-12,2.956300,13976.000000,2.125000,,,,,,,,,,,,,,,,,,,,
2003-12-15,2.961000,13401.000000,2.625000,,,,,,,,,,,,,,,,,,,,
2003-12-16,2.971300,13437.000000,2.500000,,,,,,,,,,,,,,,,,,,,
2003-12-17,2.971700,13497.000000,2.562500,,,,,,,,,,,,,,,,,,,,
2003-12-18,2.965800,13551.000000,3.500000,,,,,,,,,,,,,,,,,,,,
2003-12-19,2.971000,13577.000000,2.187500,,,,,,,,,,,,,,,,,,,,
2003-12-22,2.966000,14048.000000,2.187500,,,,,,,,,,,,,,,,,,,,
2003-12-23,2.956700,14072.000000,3.000000,,,,,,,,,,,,,,,,,,,,
2003-12-24,2.960500,14061.000000,2.875000,,,,,,,,,,,,,,,,,,,,
2003-12-26,2.953500,14073.000000,2.937500,,,,,,,,,,,,,,,,,,,,
2003-12-29,2.950300,14052.000000,2.500000,,,,,,,,,,,,,,,,,,,,
2003-12-30,2.934500,14117.000000,2.812500,,,,,,,,,,,,,,,,,,,,
2003-12-31,2.933000,14119.000000,2.812500,,,0.200000,3.700000,,,,,,,,,,,,,,,,
2004-01-02,2.924300,14209.000000,2.750000,,,,,,,,,,,,,,,,,,,,
2004-01-05,2.892200,14257.000000,2.500000,,,,,,,,,,,,,,,,,,,,
2004-01-06,2.857300,14303.000000,2.437500,,,,,,,,,,,,,,,,,,,,
2004-01-07,2.873000,14326.000000,1.937500,,,,,,,,,,,,,,,,,,,,
2004-01-08,2.890200,14364.000000,1.937500,,,,,,,,,,,,,,,,,,,,
2004-01-09,2.889200,14398.000000,1.750000,,,,,,,,,,,,,,,,,,,,
2004-01-12,2.866300,14440.000000,2.062500,,,,,,,,,,,,,,,,,,,,
2004-01-13,2.856700,14467.000000,2.000000,,,,,,,,,,,,,,,,,,,,
2004-01-14,2.876700,14500.000000,2.062500,,,,,,,,,,,,,,,,,,,,
2004-01-15,2.871000,14480.000000,1.437500,,,,,,,,,,,,,,,,,,,,
2004-01-16,2.872200,14502.000000,2.000000,,,,,,,,,,,,,,,,,,,,
2004-01-19,2.888200,14502.000000,2.312500,,,,,,,,,,,,,,,,,,,,
2004-01-20,2.885800,14476.000000,1.687500,,,,,,,,,,,,,,,,,,,,
2004-01-21,2.893200,14554.000000,1.437500,,,,,,,,,,,,,,,,,,,,
2004-01-22,2.911200,14584.000000,1.625000,,,,,,,,,,,,,,,,,,,,
2004-01-23,2.895200,14619.000000,1.500000,,,,,,,,,,,,,,,,,,,,
2004-01-26,2.909000,14632.000000,1.812500,,,,,,,,,,,,,,,,,,,,
2004-01-27,2.905000,14653.000000,1.125000,,,,,,,,,,,,,,,,,,,,
2004-01-28,2.917500,14661.000000,1.437500,,,,,,,,,,,,,,,,,,,,
2004-01-29,2.942800,14669.000000,1.562500,,,,,,,,,,,,,,,,,,,,
2004-01-30,2.932700,14920.000000,1.500000,,,,,,,,,,,,,,,,,,,,
2004-01-31,,,,,,0.400000,2.700000,,,,,,,,,,,,,,,,
2004-02-02,2.939000,14957.000000,2.000000,,,,,,,,,,,,,,,,,,,,
2004-02-03,2.925200,14991.000000,1.937500,,,,,,,,,,,,,,,,,,,,
2004-02-04,2.933700,14997.000000,1.312500,,,,,,,,,,,,,,,,,,,,
2004-02-05,2.960000,15001.000000,1.312500,,,,,,,,,,,,,,,,,,,,
2004-02-06,2.961300,15022.000000,1.500000,,,,,,,,,,,,,,,,,,,,
2004-02-09,2.944500,14971.000000,1.750000,,,,,,,,,,,,,,,,,,,,
2004-02-10,2.928000,15037.000000,1.437500,,,,,,,,,,,,,,,,,,,,
2004-02-11,2.942800,15047.000000,2.312500,,,,,,,,,,,,,,,,,,,,
2004-02-12,2.927500,15089.000000,1.625000,,,,,,,,,,,,,,,,,,,,
2004-02-13,2.917300,15105.000000,1.500000,,,,,,,,,,,,,,,,,,,,
2004-02-16,2.916800,15104.000000,1.562500,,,,,,,,,,,,,,,,,,,,
2004-02-17,2.916500,14963.000000,1.437500,,,,,,,,,,,,,,,,,,,,
2004-02-18,2.934200,14984.000000,1.687500,,,,,,,,,,,,,,,,,,,,
2004-02-19,2.939800,14971.000000,1.687500,,,,,,,,,,,,,,,,,,,,
2004-02-20,2.941200,14976.000000,1.687500,,,,,,,,,,,,,,,,,,,,
2004-02-23,2.921800,14947.000000,1.562500,,,,,,,,,,,,,,,,,,,,
2004-02-24,2.921800,14967.000000,1.187500,,,,,,,,,,,,,,,,,,,,
2004-02-25,2.919200,14998.000000,1.937500,,,,,,,,,,,,,,,,,,,,
2004-02-26,2.924300,15000.000000,0.875000,,,,,,,,,,,,,,,,,,,,
2004-02-27,2.923500,15003.000000,1.125000,,,,,,,,,,,,,,,,,,,,
2004-02-29,,,,,,0.100000,2.300000,,,,,,,,,,,,,,,,
2004-03-01,2.916300,15046.000000,1.437500,,,,,,,,,,,,,,,,,,,,
2004-03-02,2.923300,15049.000000,1.125000,,,,,,,,,,,,,,,,,,,,
2004-03-03,2.912200,15026.000000,1.437500,,,,,,,,,,,,,,,,,,,,
2004-03-04,2.916500,15011.000000,1.375000,,,,,,,,,,,,,,,,,,,,
2004-03-05,2.932500,15031.000000,1.312500,,,,,,,,,,,,,,,,,,,,
2004-03-08,2.938700,15062.000000,1.375000,,,,,,,,,,,,,,,,,,,,
2004-03-09,2.925000,12017.000000,1.062500,,,,,,,,,,,,,,,,,,,,
2004-03-10,2.904200,12042.000000,1.562500,,,,,,,,,,,,,,,,,,,,
2004-03-11,2.918200,12055.000000,1.250000,,,,,,,,,,,,,,,,,,,,
2004-03-12,2.912000,12107.000000,1.937500,,,,,,,,,,,,,,,,,,,,
2004-03-15,2.911800,11997.000000,1.687500,,,,,,,,,,,,,,,,,,,,
2004-03-16,2.902700,12027.000000,1.250000,,,,,,,,,,,,,,,,,,,,
2004-03-17,2.893200,12047.000000,1.625000,,,,,,,,,,,,,,,,,,,,
2004-03-18,2.883200,12004.000000,1.250000,,,,,,,,,,,,,,,,,,,,
2004-03-19,2.882500,11748.000000,2.000000,,,,,,,,,,,,,,,,,,,,
2004-03-22,2.866700,11756.000000,1.812500,,,,,,,,,,,,,,,,,,,,
2004-03-23,2.865800,11779.000000,1.312500,,,,,,,,,,,,,,,,,,,,
2004-03-24,2.875200,14878.000000,1.937500,,,,,,,,,,,,,,,,,,,,
2004-03-25,2.881800,14866.000000,1.500000,,,,,,,,,,,,,,,,,,,,
2004-03-26,2.878200,14861.000000,2.000000,,,,,,,,,,,,,,,,,,,,
2004-03-29,2.884000,14882.000000,1.250000,,,,,,,,,,,,,,,,,,,,
2004-03-30,2.865000,14921.000000,1.437500,,,,,,,,,,,,,,,,,,,,
2004-03-31,2.855000,15003.000000,1.687500,,,0.600000,2.300000,,,,,,,,,,,,,,,,
2004-04-01,2.852200,15104.000000,1.562500,,,,,,,,,,,,,,,,,,,,
2004-04-02,2.845700,15113.000000,1.187500,,,,,,,,,,,,,,,,,,,,
2004-04-06,2.844500,15142.000000,1.562500,,,,,,,,,,,,,,,,,,,,
2004-04-07,2.810800,15100.000000,1.437500,,,,,,,,,,,,,,,,,,,,
2004-04-12,2.803700,15123.000000,1.500000,,,,,,,,,,,,,,,,,,,,
2004-04-13,2.816200,15144.000000,1.625000,,,,,,,,,,,,,,,,,,,,
2004-04-14,2.816700,15202.000000,1.875000,,,,,,,,,,,,,,,,,,,,
2004-04-15,2.814200,15206.000000,1.625000,,,,,,,,,,,,,,,,,,,,
2004-04-16,2.819500,15155.000000,1.875000,,,,,,,,,,,,,,,,,,,,
2004-04-19,2.823000,15200.000000,2.187500,,,,,,,,,,,,,,,,,,,,
2004-04-20,2.835500,15250.000000,1.562500,,,,,,,,,,,,,,,,,,,,
2004-04-21,2.851800,15280.000000,1.812500,,,,,,,,,,,,,,,,,,,,
2004-04-22,2.863300,15339.000000,1.375000,,,,,,,,,,,,,,,,,,,,
2004-04-23,2.858300,15407.000000,1.812500,,,,,,,,,,,,,,,,,,,,
2004-04-26,2.840700,15472.000000,1.937500,,,,,,,,,,,,,,,,,,,,
2004-04-27,2.829800,15537.000000,1.687500,,,,,,,,,,,,,,,,,,,,
2004-04-28,2.848300,15588.000000,1.937500,,,,,,,,,,,,,,,,,,,,
2004-04-29,2.863000,15656.000000,1.000000,,,,,,,,,,,,,,,,,,,,
2004-04-30,2.845200,15763.000000,1.812500,,,0.900000,3.100000,,,,,,,,,,,,,,,,
2004-05-03,2.843800,15853.000000,2.000000,,,,,,,,,,,,,,,,,,,,
2004-05-04,2.859200,15965.000000,2.125000,,,,,,,,,,,,,,,,,,,,
2004-05-05,2.864000,16021.000000,1.812500,,,,,,,,,,,,,,,,,,,,
2004-05-06,2.883700,16054.000000,2.062500,,,,,,,,,,,,,,,,,,,,
2004-05-07,2.918300,16008.000000,2.062500,,,,,,,,,,,,,,,,,,,,
2004-05-10,2.959700,15966.000000,2.000000,,,,,,,,,,,,,,,,,,,,
2004-05-11,2.914300,16021.000000,2.437500,,,,,,,,,,,,,,,,,,,,
2004-05-12,2.909800,16126.000000,2.062500,,,,,,,,,,,,,,,,,,,,
2004-05-13,2.927800,16161.000000,3.062500,,,,,,,,,,,,,,,,,,,,
2004-05-14,2.909700,16216.000000,3.500000,,,,,,,,,,,,,,,,,,,,
2004-05-17,2.909700,16154.000000,4.062500,,,,,,,,,,,,,,,,,,,,
2004-05-18,2.905700,16228.000000,4.812500,,,,,,,,,,,,,,,,,,,,
2004-05-19,2.910200,16310.000000,4.312500,,,,,,,,,,,,,,,,,,,,
2004-05-20,2.931300,16359.000000,4.125000,,,,,,,,,,,,,,,,,,,,
2004-05-21,2.952500,16446.000000,4.000000,,,,,,,,,,,,,,,,,,,,
2004-05-24,2.951200,16511.000000,3.750000,,,,,,,,,,,,,,,,,,,,
2004-05-26,2.953500,16576.000000,4.062500,,,,,,,,,,,,,,,,,,,,
2004-05-27,2.962200,16645.000000,4.375000,,,,,,,,,,,,,,,,,,,,
2004-05-28,2.962700,16703.000000,4.250000,,,,,,,,,,,,,,,,,,,,
2004-05-31,2.964200,16705.000000,3.875000,,,0.700000,4.200000,,,,,,,,,,,,,,,,
2004-06-01,2.965800,16811.000000,4.687500,,,,,,,,,,,,,,,,,,,,
2004-06-02,2.953700,16883.000000,4.437500,,,,,,,,,,,,,,,,,,,,
2004-06-03,2.953300,16916.000000,4.187500,,,,,,,,,,,,,,,,,,,,
2004-06-04,2.969000,17019.000000,4.000000,,,,,,,,,,,,,,,,,,,,
2004-06-07,2.965000,17065.000000,3.812500,,,,,,,,,,,,,,,,,,,,
2004-06-08,2.974300,17079.000000,3.812500,,,,,,,,,,,,,,,,,,,,
2004-06-09,2.962000,17117.000000,3.437500,,,,,,,,,,,,,,,,,,,,
2004-06-10,2.963800,17190.000000,3.000000,,,,,,,,,,,,,,,,,,,,
2004-06-11,2.969500,17212.000000,2.500000,,,,,,,,,,,,,,,,,,,,
2004-06-14,2.970800,17263.000000,2.625000,,,,,,,,,,,,,,,,,,,,
2004-06-15,2.955200,17314.000000,2.312500,,,,,,,,,,,,,,,,,,,,
2004-06-16,2.954300,17366.000000,2.187500,,,,,,,,,,,,,,,,,,,,
2004-06-17,2.955500,17459.000000,2.562500,,,,,,,,,,,,,,,,,,,,
2004-06-18,2.963200,17155.000000,2.312500,,,,,,,,,,,,,,,,,,,,
2004-06-22,2.963200,17368.000000,2.312500,,,,,,,,,,,,,,,,,,,,
2004-06-23,2.950500,17428.000000,2.312500,,,,,,,,,,,,,,,,,,,,
2004-06-24,2.937800,17501.000000,2.375000,,,,,,,,,,,,,,,,,,,,
2004-06-25,2.954300,17530.000000,2.375000,,,,,,,,,,,,,,,,,,,,
2004-06-28,2.959300,17550.000000,2.437500,,,,,,,,,,,,,,,,,,,,
2004-06-29,2.964200,17556.000000,2.500000,,,,,,,,,,,,,,,,,,,,
2004-06-30,2.960700,17443.000000,2.437500,,,0.600000,4.900000,,,,,,,,,,,,,,,,
2004-07-01,2.950500,17478.000000,2.562500,,,,,,,,,,,,,,,,,,,,
2004-07-02,2.947200,17513.000000,2.750000,,,,,,,,,,,,,,,,,,,,
2004-07-05,2.948500,17513.000000,2.625000,,,,,,,,,,,,,,,,,,,,
2004-07-06,2.941700,17732.000000,2.937500,,,,,,,,,,,,,,,,,,,,
2004-07-07,2.942800,17879.000000,2.812500,,,,,,,,,,,,,,,,,,,,
2004-07-08,2.953200,17913.000000,2.812500,,,,,,,,,,,,,,,,,,,,
2004-07-12,2.957000,17995.000000,2.562500,,,,,,,,,,,,,,,,,,,,
2004-07-13,2.951300,18007.000000,2.625000,,,,,,,,,,,,,,,,,,,,
2004-07-14,2.947300,18079.000000,2.437500,,,,,,,,,,,,,,,,,,,,
2004-07-15,2.946300,18089.000000,3.062500,,,,,,,,,,,,,,,,,,,,
2004-07-16,2.938200,18009.000000,3.125000,,,,,,,,,,,,,,,,,,,,
2004-07-19,2.944300,18017.000000,3.312500,,,,,,,,,,,,,,,,,,,,
2004-07-20,2.949700,18023.000000,3.500000,,,,,,,,,,,,,,,,,,,,
2004-07-21,2.952200,18013.000000,3.375000,,,,,,,,,,,,,,,,,,,,
2004-07-22,2.955000,18040.000000,3.625000,,,,,,,,,,,,,,,,,,,,
2004-07-23,2.962000,18038.000000,3.625000,,,,,,,,,,,,,,,,,,,,
2004-07-26,2.973000,18081.000000,3.750000,,,,,,,,,,,,,,,,,,,,
2004-07-27,2.974500,18049.000000,3.937500,,,,,,,,,,,,,,,,,,,,
2004-07-28,2.971300,18064.000000,3.687500,,,,,,,,,,,,,,,,,,,,
2004-07-29,2.977500,18048.000000,4.062500,,,,,,,,,,,,,,,,,,,,
2004-07-30,2.976000,18068.000000,4.000000,,,,,,,,,,,,,,,,,,,,
2004-07-31,,,,,,0.500000,4.900000,,,,,,,,,,,,,,,,
2004-08-02,2.985200,18124.000000,3.812500,,,,,,,,,,,,,,,,,,,,
2004-08-03,2.993200,18182.000000,3.687500,,,,,,,,,,,,,,,,,,,,
2004-08-04,3.011800,18157.000000,4.062500,,,,,,,,,,,,,,,,,,,,
2004-08-05,3.040000,18050.000000,4.187500,,,,,,,,,,,,,,,,,,,,
2004-08-06,3.071800,18101.000000,4.125000,,,,,,,,,,,,,,,,,,,,
2004-08-09,3.045000,18110.000000,4.187500,,,,,,,,,,,,,,,,,,,,
2004-08-10,3.023000,18144.000000,4.187500,,,,,,,,,,,,,,,,,,,,
2004-08-11,3.028000,18140.000000,3.937500,,,,,,,,,,,,,,,,,,,,
2004-08-12,3.020700,18156.000000,4.062500,,,,,,,,,,,,,,,,,,,,
2004-08-13,3.011200,18064.000000,3.687500,,,,,,,,,,,,,,,,,,,,
2004-08-17,3.010700,18083.000000,4.250000,,,,,,,,,,,,,,,,,,,,
2004-08-18,3.018000,18121.000000,4.187500,,,,,,,,,,,,,,,,,,,,
2004-08-19,3.007000,18142.000000,4.312500,,,,,,,,,,,,,,,,,,,,
2004-08-20,3.008700,17999.000000,4.375000,,,,,,,,,,,,,,,,,,,,
2004-08-23,3.007700,17983.000000,4.062500,,,,,,,,,,,,,,,,,,,,
2004-08-24,3.002000,17958.000000,4.312500,,,,,,,,,,,,,,,,,,,,
2004-08-25,2.989200,17979.000000,4.250000,,,,,,,,,,,,,,,,,,,,
2004-08-26,2.993800,17992.000000,4.750000,,,,,,,,,,,,,,,,,,,,
2004-08-27,3.009700,17965.000000,4.625000,,,,,,,,,,,,,,,,,,,,
2004-08-30,3.008200,18007.000000,4.500000,,,,,,,,,,,,,,,,,,,,
2004-08-31,3.000300,18076.000000,4.437500,,,0.300000,5.300000,,,,,,,,,,,,,,,,
2004-09-01,2.997700,18084.000000,4.375000,,,,,,,,,,,,,,,,,,,,
2004-09-02,3.001700,18096.000000,4.187500,,,,,,,,,,,,,,,,,,,,
2004-09-03,3.002000,18104.000000,4.562500,,,,,,,,,,,,,,,,,,,,
2004-09-06,2.992800,18102.000000,4.187500,,,,,,,,,,,,,,,,,,,,
2004-09-07,2.993200,18149.000000,4.312500,,,,,,,,,,,,,,,,,,,,
2004-09-08,2.994800,18209.000000,4.500000,,,,,,,,,,,,,,,,,,,,
2004-09-09,3.004500,18248.000000,4.437500,,,,,,,,,,,,,,,,,,,,
2004-09-10,3.009500,18291.000000,4.187500,,,,,,,,,,,,,,,,,,,,
2004-09-13,3.008700,18364.000000,3.875000,,,,,,,,,,,,,,,,,,,,
2004-09-14,2.995700,18394.000000,4.312500,,,,,,,,,,,,,,,,,,,,
2004-09-15,2.983200,18285.000000,4.187500,,,,,,,,,,,,,,,,,,,,
2004-09-16,2.980300,18329.000000,4.437500,,,,,,,,,,,,,,,,,,,,
2004-09-17,3.004800,18354.000000,4.375000,,,,,,,,,,,,,,,,,,,,
2004-09-20,2.993800,18070.000000,4.375000,,,,,,,,,,,,,,,,,,,,
2004-09-21,3.002800,18094.000000,4.500000,,,,,,,,,,,,,,,,,,,,
2004-09-22,3.001000,18071.000000,4.375000,,,,,,,,,,,,,,,,,,,,
2004-09-23,2.992500,18139.000000,4.437500,,,,,,,,,,,,,,,,,,,,
2004-09-24,2.998300,18147.000000,4.625000,,,,,,,,,,,,,,,,,,,,
2004-09-27,2.994800,18178.000000,4.625000,,,,,,,,,,,,,,,,,,,,
2004-09-28,2.991000,18121.000000,4.812500,,,,,,,,,,,,,,,,,,,,
2004-09-29,2.986700,18150.000000,4.937500,,,,,,,,,,,,,,,,,,,,
2004-09-30,2.982500,18224.000000,5.187500,,,0.600000,5.900000,,,,,,,,,,,,,,,,
2004-10-01,2.979000,18277.000000,4.812500,,,,,,,,,,,,,,,,,,,,
2004-10-04,2.973000,18287.000000,4.687500,,,,,,,,,,,,,,,,,,,,
2004-10-05,2.969800,18325.000000,4.187500,,,,,,,,,,,,,,,,,,,,
2004-10-06,2.972000,18303.000000,4.437500,,,,,,,,,,,,,,,,,,,,
2004-10-07,2.974300,18370.000000,4.437500,,,,,,,,,,,,,,,,,,,,
2004-10-08,2.965700,18344.000000,4.625000,,,,,,,,,,,,,,,,,,,,
2004-10-12,2.966300,18395.000000,4.437500,,,,,,,,,,,,,,,,,,,,
2004-10-13,2.973500,18347.000000,4.062500,,,,,,,,,,,,,,,,,,,,
2004-10-14,2.975200,18399.000000,4.187500,,,,,,,,,,,,,,,,,,,,
2004-10-15,2.971800,18255.000000,4.375000,,,,,,,,,,,,,,,,,,,,
2004-10-18,2.961000,18250.000000,4.312500,,,,,,,,,,,,,,,,,,,,
2004-10-19,2.955800,18298.000000,4.437500,,,,,,,,,,,,,,,,,,,,
2004-10-20,2.963300,18368.000000,4.375000,,,,,,,,,,,,,,,,,,,,
2004-10-21,2.956300,18419.000000,4.375000,,,,,,,,,,,,,,,,,,,,
2004-10-22,2.958800,18463.000000,4.375000,,,,,,,,,,,,,,,,,,,,
2004-10-25,2.968800,18503.000000,4.312500,,,,,,,,,,,,,,,,,,,,
2004-10-26,2.971300,18536.000000,4.187500,,,,,,,,,,,,,,,,,,,,
2004-10-27,2.973700,18541.000000,4.375000,,,,,,,,,,,,,,,,,,,,
2004-10-28,2.975800,18576.000000,4.250000,,,,,,,,,,,,,,,,,,,,
2004-10-29,2.978200,18587.000000,4.375000,,,,,,,,,,,,,,,,,,,,
2004-10-31,,,,,,0.400000,5.700000,,,,,,,,,,,,,,,,
2004-11-01,2.968000,18575.000000,4.312500,,,,,,,,,,,,,,,,,,,,
2004-11-02,2.959000,18591.000000,4.375000,,,,,,,,,,,,,,,,,,,,
2004-11-03,2.955800,18640.000000,4.125000,,,,,,,,,,,,,,,,,,,,
2004-11-04,2.958700,18551.000000,4.250000,,,,,,,,,,,,,,,,,,,,
2004-11-05,2.962200,18615.000000,4.312500,,,,,,,,,,,,,,,,,,,,
2004-11-08,2.967300,18629.000000,4.187500,,,,,,,,,,,,,,,,,,,,
2004-11-09,2.975700,18654.000000,4.187500,,,,,,,,,,,,,,,,,,,,
2004-11-10,2.969000,18649.000000,4.125000,,,,,,,,,,,,,,,,,,,,
2004-11-11,2.967800,18633.000000,4.250000,,,,,,,,,,,,,,,,,,,,
2004-11-12,2.963800,18716.000000,3.875000,,,,,,,,,,,,,,,,,,,,
2004-11-15,2.955300,18666.000000,4.062500,,,,,,,,,,,,,,,,,,,,
2004-11-16,2.951700,18691.000000,3.875000,,,,,,,,,,,,,,,,,,,,
2004-11-17,2.942700,18744.000000,4.062500,,,,,,,,,,,,,,,,,,,,
2004-11-18,2.934300,18748.000000,4.187500,,,,,,,,,,,,,,,,,,,,
2004-11-19,2.944300,18786.000000,4.062500,,,,,,,,,,,,,,,,,,,,
2004-11-22,2.954300,18701.000000,4.000000,,,,,,,,,,,,,,,,,,,,
2004-11-23,2.949000,18757.000000,4.062500,,,,,,,,,,,,,,,,,,,,
2004-11-24,2.942700,18807.000000,4.187500,,,,,,,,,,,,,,,,,,,,
2004-11-25,2.943700,18821.000000,3.937500,,,,,,,,,,,,,,,,,,,,
2004-11-26,2.940200,18850.000000,4.062500,,,,,,,,,,,,,,,,,,,,
2004-11-29,2.945500,18890.000000,4.062500,,,,,,,,,,,,,,,,,,,,
2004-11-30,2.951000,18944.000000,4.125000,,,0.000000,5.400000,,,,,,,,,,,,,,,,
2004-12-01,2.941800,19041.000000,4.062500,,,,,,,,,,,,,,,,,,,,
2004-12-02,2.953700,19091.000000,4.062500,,,,,,,,,,,,,,,,,,,,
2004-12-03,2.971500,19190.000000,4.000000,,,,,,,,,,,,,,,,,,,,
2004-12-06,2.983000,19257.000000,4.062500,,,,,,,,,,,,,,,,,,,,
2004-12-07,2.991300,19245.000000,4.125000,,,,,,,,,,,,,,,,,,,,
2004-12-09,2.979700,19088.000000,4.125000,,,,,,,,,,,,,,,,,,,,
2004-12-10,2.975800,19126.000000,4.062500,,,,,,,,,,,,,,,,,,,,
2004-12-13,2.976200,19208.000000,3.625000,,,,,,,,,,,,,,,,,,,,
2004-12-14,2.972500,19261.000000,4.000000,,,,,,,,,,,,,,,,,,,,
2004-12-15,2.979500,19326.000000,4.062500,,,,,,,,,,,,,,,,,,,,
2004-12-16,2.986300,19404.000000,3.812500,,,,,,,,,,,,,,,,,,,,
2004-12-17,2.986800,19445.000000,3.937500,,,,,,,,,,,,,,,,,,,,
2004-12-20,2.970700,19194.000000,3.875000,,,,,,,,,,,,,,,,,,,,
2004-12-21,2.953700,19262.000000,3.875000,,,,,,,,,,,,,,,,,,,,
2004-12-22,2.961700,19290.000000,4.062500,,,,,,,,,,,,,,,,,,,,
2004-12-23,2.960700,19383.000000,4.125000,,,,,,,,,,,,,,,,,,,,
2004-12-24,2.955000,19417.000000,4.187500,,,,,,,,,,,,,,,,,,,,
2004-12-27,2.958300,19522.000000,4.062500,,,,,,,,,,,,,,,,,,,,
2004-12-28,2.968200,19517.000000,4.125000,,,,,,,,,,,,,,,,,,,,
2004-12-29,2.983000,19498.000000,4.000000,,,,,,,,,,,,,,,,,,,,
2004-12-30,2.977000,19595.000000,4.000000,,,,,,,,,,,,,,,,,,,,
2004-12-31,2.973800,19646.000000,4.000000,,,0.800000,6.100000,,,,,,,,,,,,,,,,
2005-01-03,2.965300,19648.000000,4.000000,,,,,,,,,,,,,,,,,,,,
2005-01-04,2.970500,19641.000000,3.875000,,,,,,,,,,,,,,,,,,,,
2005-01-05,2.971200,19686.000000,3.812500,,,,,,,,,,,,,,,,,,,,
2005-01-06,2.971800,19643.000000,3.562500,,,,,,,,,,,,,,,,,,,,
2005-01-07,2.965300,19688.000000,3.500000,,,,,,,,,,,,,,,,,,,,
2005-01-10,2.967000,19733.000000,3.500000,,,,,,,,,,,,,,,,,,,,
2005-01-11,2.965300,19796.000000,3.062500,,,,,,,,,,,,,,,,,,,,
2005-01-12,2.953800,19847.000000,3.062500,,,,,,,,,,,,,,,,,,,,
2005-01-13,2.937500,19918.000000,2.812500,,,,,,,,,,,,,,,,,,,,
2005-01-14,2.938800,19795.000000,3.062500,,,,,,,,,,,,,,,,,,,,
2005-01-17,2.933200,19819.000000,2.937500,,,,,,,,,,,,,,,,,,,,
2005-01-18,2.937500,19814.000000,3.062500,,,,,,,,,,,,,,,,,,,,
2005-01-19,2.936500,19812.000000,3.125000,,,,,,,,,,,,,,,,,,,,
2005-01-20,2.944300,19813.000000,3.062500,,,,,,,,,,,,,,,,,,,,
2005-01-21,2.943200,19889.000000,3.125000,,,,,,,,,,,,,,,,,,,,
2005-01-24,2.939200,19940.000000,3.062500,,,,,,,,,,,,,,,,,,,,
2005-01-25,2.925800,19986.000000,3.062500,,,,,,,,,,,,,,,,,,,,
2005-01-26,2.923300,20067.000000,2.812500,,,,,,,,,,,,,,,,,,,,
2005-01-27,2.925800,20088.000000,3.062500,,,,,,,,,,,,,,,,,,,,
2005-01-28,2.926000,20090.000000,3.062500,,,,,,,,,,,,,,,,,,,,
2005-01-31,2.925300,20137.000000,2.875000,,,1.500000,7.200000,,,,,,,,,,,,,,,,
2005-02-01,2.920200,20221.000000,3.000000,,,,,,,,,,,,,,,,,,,,
2005-02-02,2.924300,20330.000000,3.062500,,,,,,,,,,,,,,,,,,,,
2005-02-03,2.921300,20322.000000,2.875000,,,,,,,,,,,,,,,,,,,,
2005-02-04,2.917700,20182.000000,2.875000,,,,,,,,,,,,,,,,,,,,
2005-02-07,2.919000,20202.000000,2.875000,,,,,,,,,,,,,,,,,,,,
2005-02-08,2.915000,20394.000000,3.000000,,,,,,,,,,,,,,,,,,,,
2005-02-09,2.908700,20409.000000,3.062500,,,,,,,,,,,,,,,,,,,,
2005-02-10,2.908700,20475.000000,3.000000,,,,,,,,,,,,,,,,,,,,
2005-02-11,2.912200,20514.000000,2.875000,,,,,,,,,,,,,,,,,,,,
2005-02-14,2.906000,20589.000000,2.687500,,,,,,,,,,,,,,,,,,,,
2005-02-15,2.905700,20499.000000,3.000000,,,,,,,,,,,,,,,,,,,,
2005-02-16,2.897300,20545.000000,3.062500,,,,,,,,,,,,,,,,,,,,
2005-02-17,2.889300,20662.000000,2.937500,,,,,,,,,,,,,,,,,,,,
2005-02-18,2.905000,20776.000000,2.937500,,,,,,,,,,,,,,,,,,,,
2005-02-21,2.910500,20776.000000,2.937500,,,,,,,,,,,,,,,,,,,,
2005-02-22,2.915500,20601.000000,3.062500,,,,,,,,,,,,,,,,,,,,
2005-02-23,2.928000,20651.000000,2.437500,,,,,,,,,,,,,,,,,,,,
2005-02-24,2.935300,20693.000000,3.000000,,,,,,,,,,,,,,,,,,,,
2005-02-25,2.934500,20720.000000,2.937500,,,,,,,,,,,,,,,,,,,,
2005-02-28,2.932700,20792.000000,2.875000,,,0.900000,8.100000,,,,,,,,,,,,,,,,
2005-03-01,2.942200,20795.000000,2.937500,,,,,,,,,,,,,,,,,,,,
2005-03-02,2.951800,20803.000000,2.875000,,,,,,,,,,,,,,,,,,,,
2005-03-03,2.952200,20901.000000,2.875000,,,,,,,,,,,,,,,,,,,,
2005-03-04,2.939700,20996.000000,3.000000,,,,,,,,,,,,,,,,,,,,
2005-03-07,2.925300,21035.000000,2.812500,,,,,,,,,,,,,,,,,,,,
2005-03-08,2.931200,21106.000000,2.625000,,,,,,,,,,,,,,,,,,,,
2005-03-09,2.935500,20879.000000,2.687500,,,,,,,,,,,,,,,,,,,,
2005-03-10,2.935300,20911.000000,2.687500,,,,,,,,,,,,,,,,,,,,
2005-03-11,2.923200,21044.000000,2.937500,,,,,,,,,,,,,,,,,,,,
2005-03-14,2.918300,21097.000000,3.000000,,,,,,,,,,,,,,,,,,,,
2005-03-15,2.917800,21075.000000,3.000000,,,,,,,,,,,,,,,,,,,,
2005-03-16,2.923000,21035.000000,2.687500,,,,,,,,,,,,,,,,,,,,
2005-03-17,2.920000,21030.000000,3.125000,,,,,,,,,,,,,,,,,,,,
2005-03-18,2.914500,20788.000000,3.125000,,,,,,,,,,,,,,,,,,,,
2005-03-21,2.916300,20729.000000,3.062500,,,,,,,,,,,,,,,,,,,,
2005-03-22,2.914200,20384.000000,3.062500,,,,,,,,,,,,,,,,,,,,
2005-03-23,2.916500,20350.000000,3.312500,,,,,,,,,,,,,,,,,,,,
2005-03-28,2.918800,20236.000000,3.312500,,,,,,,,,,,,,,,,,,,,
2005-03-29,2.922200,20173.000000,3.562500,,,,,,,,,,,,,,,,,,,,
2005-03-30,2.916300,20223.000000,3.625000,,,,,,,,,,,,,,,,,,,,
2005-03-31,2.923300,20339.000000,3.312500,,,1.500000,9.200000,,,,,,,,,,,,,,,,
2005-04-01,2.918800,20388.000000,3.750000,,,,,,,,,,,,,,,,,,,,
2005-04-04,2.918700,20407.000000,3.500000,,,,,,,,,,,,,,,,,,,,
2005-04-05,2.915800,20385.000000,3.562500,,,,,,,,,,,,,,,,,,,,
2005-04-06,2.906700,20453.000000,3.625000,,,,,,,,,,,,,,,,,,,,
2005-04-07,2.892500,20469.000000,3.625000,,,,,,,,,,,,,,,,,,,,
2005-04-08,2.893800,20457.000000,3.875000,,,,,,,,,,,,,,,,,,,,
2005-04-11,2.892700,20530.000000,3.750000,,,,,,,,,,,,,,,,,,,,
2005-04-12,2.889700,20558.000000,3.625000,,,,,,,,,,,,,,,,,,,,
2005-04-13,2.882300,20594.000000,3.812500,,,,,,,,,,,,,,,,,,,,
2005-04-14,2.883800,20602.000000,3.875000,,,,,,,,,,,,,,,,,,,,
2005-04-15,2.893800,20550.000000,3.687500,,,,,,,,,,,,,,,,,,,,
2005-04-18,2.901200,20639.000000,3.875000,,,,,,,,,,,,,,,,,,,,
2005-04-19,2.898300,20710.000000,4.062500,,,,,,,,,,,,,,,,,,,,
2005-04-20,2.902500,20804.000000,4.062500,,,,,,,,,,,,,,,,,,,,
2005-04-21,2.900200,20823.000000,4.187500,,,,,,,,,,,,,,,,,,,,
2005-04-22,2.901200,20785.000000,4.000000,,,,,,,,,,,,,,,,,,,,
2005-04-25,2.901300,20788.000000,4.000000,,,,,,,,,,,,,,,,,,,,
2005-04-26,2.900200,20789.000000,4.562500,,,,,,,,,,,,,,,,,,,,
2005-04-27,2.898200,20793.000000,4.437500,,,,,,,,,,,,,,,,,,,,
2005-04-28,2.903700,20855.000000,4.812500,,,,,,,,,,,,,,,,,,,,
2005-04-29,2.913300,20904.000000,4.687500,,,,,,,,,,,,,,,,,,,,
2005-04-30,,,,,,0.500000,8.800000,,,,,,,,,,,,,,,,
2005-05-02,2.904000,20971.000000,4.312500,,,,,,,,,,,,,,,,,,,,
2005-05-03,2.896800,21034.000000,5.125000,,,,,,,,,,,,,,,,,,,,
2005-05-04,2.896300,21109.000000,4.875000,,,,,,,,,,,,,,,,,,,,
2005-05-05,2.895700,21051.000000,5.187500,,,,,,,,,,,,,,,,,,,,
2005-05-06,2.897000,21145.000000,5.187500,,,,,,,,,,,,,,,,,,,,
2005-05-09,2.897000,21243.000000,4.750000,,,,,,,,,,,,,,,,,,,,
2005-05-10,2.891700,21331.000000,5.312500,,,,,,,,,,,,,,,,,,,,
2005-05-11,2.894000,21508.000000,5.250000,,,,,,,,,,,,,,,,,,,,
2005-05-12,2.896500,21580.000000,5.312500,,,,,,,,,,,,,,,,,,,,
2005-05-13,2.896800,21657.000000,5.062500,,,,,,,,,,,,,,,,,,,,
2005-05-16,2.885700,21660.000000,4.750000,,,,,,,,,,,,,,,,,,,,
2005-05-17,2.885000,21715.000000,4.937500,,,,,,,,,,,,,,,,,,,,
2005-05-18,2.887300,21826.000000,4.625000,,,,,,,,,,,,,,,,,,,,
2005-05-19,2.884300,21889.000000,4.875000,,,,,,,,,,,,,,,,,,,,
2005-05-20,2.887500,21760.000000,4.937500,,,,,,,,,,,,,,,,,,,,
2005-05-23,2.886200,21865.000000,4.687500,,,,,,,,,,,,,,,,,,,,
2005-05-24,2.884000,21988.000000,4.875000,,,,,,,,,,,,,,,,,,,,
2005-05-26,2.886200,21971.000000,5.000000,,,,,,,,,,,,,,,,,,,,
2005-05-27,2.885000,22058.000000,4.750000,,,,,,,,,,,,,,,,,,,,
2005-05-30,2.885200,22058.000000,5.000000,,,,,,,,,,,,,,,,,,,,
2005-05-31,2.887700,22103.000000,5.000000,,,0.600000,8.600000,,,,,,,,,,,,,,,,
2005-06-01,2.882000,22257.000000,4.500000,,,,,,,,,,,,,,,,,,,,
2005-06-02,2.884500,21986.000000,4.937500,,,,,,,,,,,,,,,,,,,,
2005-06-03,2.885700,22172.000000,4.812500,,,,,,,,,,,,,,,,,,,,
2005-06-06,2.894800,22192.000000,4.625000,,,,,,,,,,,,,,,,,,,,
2005-06-07,2.894800,22299.000000,4.812500,,,,,,,,,,,,,,,,,,,,
2005-06-08,2.892700,22444.000000,4.937500,,,,,,,,,,,,,,,,,,,,
2005-06-09,2.896300,22300.000000,4.937500,,,,,,,,,,,,,,,,,,,,
2005-06-10,2.893000,22346.000000,5.000000,,,,,,,,,,,,,,,,,,,,
2005-06-13,2.890200,22415.000000,4.937500,,,,,,,,,,,,,,,,,,,,
2005-06-14,2.878000,22475.000000,5.187500,,,,,,,,,,,,,,,,,,,,
2005-06-15,2.867800,22593.000000,4.812500,,,,,,,,,,,,,,,,,,,,
2005-06-16,2.875000,22701.000000,5.437500,,,,,,,,,,,,,,,,,,,,
2005-06-17,2.872500,22508.000000,5.375000,,,,,,,,,,,,,,,,,,,,
2005-06-21,2.870300,22580.000000,5.875000,,,,,,,,,,,,,,,,,,,,
2005-06-22,2.865000,22718.000000,5.812500,,,,,,,,,,,,,,,,,,,,
2005-06-23,2.869200,22900.000000,5.937500,,,,,,,,,,,,,,,,,,,,
2005-06-24,2.879000,22998.000000,5.937500,,,,,,,,,,,,,,,,,,,,
2005-06-27,2.884500,23133.000000,5.562500,,,,,,,,,,,,,,,,,,,,
2005-06-28,2.894000,23155.000000,5.875000,,,,,,,,,,,,,,,,,,,,
2005-06-29,2.895300,23003.000000,5.750000,,,,,,,,,,,,,,,,,,,,
2005-06-30,2.890800,23052.000000,5.937500,,,0.900000,9.000000,,,,,,,,,,,,,,,,
2005-07-01,2.884500,23127.000000,5.625000,,,,,,,,,,,,,,,,,,,,
2005-07-04,2.883500,23128.000000,5.750000,,,,,,,,,,,,,,,,,,,,
2005-07-05,2.886500,23130.000000,6.000000,,,,,,,,,,,,,,,,,,,,
2005-07-06,2.884000,23206.000000,6.000000,,,,,,,,,,,,,,,,,,,,
2005-07-07,2.880200,23300.000000,6.125000,,,,,,,,,,,,,,,,,,,,
2005-07-08,2.872300,23466.000000,6.000000,,,,,,,,,,,,,,,,,,,,
2005-07-11,2.863300,23485.000000,5.750000,,,,,,,,,,,,,,,,,,,,
2005-07-12,2.876000,23776.000000,5.687500,,,,,,,,,,,,,,,,,,,,
2005-07-13,2.869500,23743.000000,5.750000,,,,,,,,,,,,,,,,,,,,
2005-07-14,2.868700,23974.000000,5.937500,,,,,,,,,,,,,,,,,,,,
2005-07-15,2.862000,23943.000000,5.375000,,,,,,,,,,,,,,,,,,,,
2005-07-18,2.868200,23958.000000,5.812500,,,,,,,,,,,,,,,,,,,,
2005-07-19,2.862200,24017.000000,6.125000,,,,,,,,,,,,,,,,,,,,
2005-07-20,2.861000,24136.000000,6.125000,,,,,,,,,,,,,,,,,,,,
2005-07-21,2.859800,24614.000000,6.187500,,,,,,,,,,,,,,,,,,,,
2005-07-22,2.863700,24668.000000,6.125000,,,,,,,,,,,,,,,,,,,,
2005-07-25,2.864800,24685.000000,6.062500,,,,,,,,,,,,,,,,,,,,
2005-07-26,2.861200,24757.000000,6.062500,,,,,,,,,,,,,,,,,,,,
2005-07-27,2.861500,24785.000000,6.000000,,,,,,,,,,,,,,,,,,,,
2005-07-28,2.865200,24841.000000,6.187500,,,,,,,,,,,,,,,,,,,,
2005-07-29,2.862800,25105.000000,6.187500,,,,,,,,,,,,,,,,,,,,
2005-07-31,,,,,,1.000000,9.600000,,,,,,,,,,,,,,,,
2005-08-01,2.859200,25151.000000,5.687500,,,,,,,,,,,,,,,,,,,,
2005-08-02,2.859300,25238.000000,6.250000,,,,,,,,,,,,,,,,,,,,
2005-08-03,2.860000,25450.000000,6.062500,,,,,,,,,,,,,,,,,,,,
2005-08-04,2.861300,24820.000000,6.062500,,,,,,,,,,,,,,,,,,,,
2005-08-05,2.864500,24624.000000,5.750000,,,,,,,,,,,,,,,,,,,,
2005-08-08,2.867700,24837.000000,5.375000,,,,,,,,,,,,,,,,,,,,
2005-08-09,2.873000,24947.000000,5.312500,,,,,,,,,,,,,,,,,,,,
2005-08-10,2.873800,25100.000000,5.062500,,,,,,,,,,,,,,,,,,,,
2005-08-11,2.878300,25219.000000,5.125000,,,,,,,,,,,,,,,,,,,,
2005-08-12,2.882000,25086.000000,5.062500,,,,,,,,,,,,,,,,,,,,
2005-08-16,2.886500,25130.000000,4.750000,,,,,,,,,,,,,,,,,,,,
2005-08-17,2.892800,25151.000000,4.875000,,,,,,,,,,,,,,,,,,,,
2005-08-18,2.895700,25191.000000,4.625000,,,,,,,,,,,,,,,,,,,,
2005-08-19,2.907200,25171.000000,5.312500,,,,,,,,,,,,,,,,,,,,
2005-08-22,2.906500,25090.000000,3.687500,,,,,,,,,,,,,,,,,,,,
2005-08-23,2.909000,25104.000000,5.437500,,,,,,,,,,,,,,,,,,,,
2005-08-24,2.909800,25086.000000,5.187500,,,,,,,,,,,,,,,,,,,,
2005-08-25,2.907800,25150.000000,5.375000,,,,,,,,,,,,,,,,,,,,
2005-08-26,2.908300,25161.000000,5.500000,,,,,,,,,,,,,,,,,,,,
2005-08-29,2.910800,25173.000000,5.562500,,,,,,,,,,,,,,,,,,,,
2005-08-30,2.911200,25174.000000,5.562500,,,,,,,,,,,,,,,,,,,,
2005-08-31,2.911700,25252.000000,5.500000,,,0.400000,9.700000,,,,,,,,,,,,,,,,
2005-09-01,2.909800,25370.000000,5.687500,,,,,,,,,,,,,,,,,,,,
2005-09-02,2.910500,25509.000000,5.750000,,,,,,,,,,,,,,,,,,,,
2005-09-05,2.907500,25515.000000,5.500000,,,,,,,,,,,,,,,,,,,,
2005-09-06,2.907200,25554.000000,5.937500,,,,,,,,,,,,,,,,,,,,
2005-09-07,2.905500,25715.000000,5.875000,,,,,,,,,,,,,,,,,,,,
2005-09-08,2.904300,25765.000000,5.937500,,,,,,,,,,,,,,,,,,,,
2005-09-09,2.908700,25643.000000,5.812500,,,,,,,,,,,,,,,,,,,,
2005-09-12,2.915300,25634.000000,5.625000,,,,,,,,,,,,,,,,,,,,
2005-09-13,2.919500,25664.000000,5.875000,,,,,,,,,,,,,,,,,,,,
2005-09-14,2.919300,25707.000000,5.875000,,,,,,,,,,,,,,,,,,,,
2005-09-15,2.916500,25623.000000,5.437500,,,,,,,,,,,,,,,,,,,,
2005-09-16,2.913500,25690.000000,5.750000,,,,,,,,,,,,,,,,,,,,
2005-09-19,2.909700,25694.000000,5.562500,,,,,,,,,,,,,,,,,,,,
2005-09-20,2.914000,25434.000000,5.937500,,,,,,,,,,,,,,,,,,,,
2005-09-21,2.914000,25456.000000,5.750000,,,,,,,,,,,,,,,,,,,,
2005-09-22,2.913200,25491.000000,6.000000,,,,,,,,,,,,,,,,,,,,
2005-09-23,2.910800,25507.000000,5.812500,,,,,,,,,,,,,,,,,,,,
2005-09-26,2.909800,25514.000000,5.687500,,,,,,,,,,,,,,,,,,,,
2005-09-27,2.908500,25558.000000,5.875000,,,,,,,,,,,,,,,,,,,,
2005-09-28,2.912800,25563.000000,5.562500,,,,,,,,,,,,,,,,,,,,
2005-09-29,2.914800,25506.000000,5.937500,,,,,,,,,,,,,,,,,,,,
2005-09-30,2.912500,25614.000000,6.062500,,,1.200000,10.300000,,,,,,,,,,,,,,,,
2005-10-03,2.908200,25821.000000,5.875000,,,,,,,,,,,,,,,,,,,,
2005-10-04,2.911200,25878.000000,5.812500,,,,,,,,,,,,,,,,,,,,
2005-10-05,2.918700,25927.000000,6.125000,,,,,,,,,,,,,,,,,,,,
2005-10-06,2.929700,26043.000000,6.125000,,,,,,,,,,,,,,,,,,,,
2005-10-07,2.936500,26105.000000,5.937500,,,,,,,,,,,,,,,,,,,,
2005-10-11,2.941500,26088.000000,6.000000,,,,,,,,,,,,,,,,,,,,
2005-10-12,2.962200,26094.000000,6.000000,,,,,,,,,,,,,,,,,,,,
2005-10-13,2.977300,26106.000000,6.125000,,,,,,,,,,,,,,,,,,,,
2005-10-14,2.980500,26168.000000,6.125000,,,,,,,,,,,,,,,,,,,,
2005-10-17,2.968000,25924.000000,5.875000,,,,,,,,,,,,,,,,,,,,
2005-10-18,2.966700,26002.000000,5.875000,,,,,,,,,,,,,,,,,,,,
2005-10-19,2.974000,25979.000000,6.125000,,,,,,,,,,,,,,,,,,,,
2005-10-20,2.976200,26003.000000,6.187500,,,,,,,,,,,,,,,,,,,,
2005-10-21,2.985500,26041.000000,6.187500,,,,,,,,,,,,,,,,,,,,
2005-10-24,2.977800,26003.000000,6.250000,,,,,,,,,,,,,,,,,,,,
2005-10-25,2.979000,26077.000000,6.125000,,,,,,,,,,,,,,,,,,,,
2005-10-26,2.995200,26119.000000,6.187500,,,,,,,,,,,,,,,,,,,,
2005-10-27,3.012500,26133.000000,6.187500,,,,,,,,,,,,,,,,,,,,
2005-10-28,3.010500,26143.000000,6.500000,,,,,,,,,,,,,,,,,,,,
2005-10-31,3.009700,26548.000000,6.312500,,,0.800000,10.700000,,,,,,,,,,,,,,,,
2005-11-01,2.995200,26511.000000,6.500000,,,,,,,,,,,,,,,,,,,,
2005-11-02,2.992700,26536.000000,6.375000,,,,,,,,,,,,,,,,,,,,
2005-11-03,2.983700,26525.000000,6.375000,,,,,,,,,,,,,,,,,,,,
2005-11-04,2.984200,26322.000000,6.500000,,,,,,,,,,,,,,,,,,,,
2005-11-07,2.976300,26320.000000,6.375000,,,,,,,,,,,,,,,,,,,,
2005-11-08,2.966800,26429.000000,6.437500,,,,,,,,,,,,,,,,,,,,
2005-11-09,2.963800,26472.000000,6.437500,,,,,,,,,,,,,,,,,,,,
2005-11-10,2.973200,26508.000000,6.437500,,,,,,,,,,,,,,,,,,,,
2005-11-11,2.969300,26491.000000,6.562500,,,,,,,,,,,,,,,,,,,,
2005-11-14,2.965300,26493.000000,6.437500,,,,,,,,,,,,,,,,,,,,
2005-11-15,2.959800,26473.000000,6.687500,,,,,,,,,,,,,,,,,,,,
2005-11-16,2.948300,26579.000000,6.750000,,,,,,,,,,,,,,,,,,,,
2005-11-17,2.947700,26570.000000,6.562500,,,,,,,,,,,,,,,,,,,,
2005-11-18,2.943000,26566.000000,6.625000,,,,,,,,,,,,,,,,,,,,
2005-11-21,2.940500,26638.000000,6.875000,,,,,,,,,,,,,,,,,,,,
2005-11-22,2.943500,26543.000000,7.062500,,,,,,,,,,,,,,,,,,,,
2005-11-23,2.945800,26546.000000,7.250000,,,,,,,,,,,,,,,,,,,,
2005-11-24,2.953800,26549.000000,7.187500,,,,,,,,,,,,,,,,,,,,
2005-11-25,2.967300,26549.000000,7.187500,,,,,,,,,,,,,,,,,,,,
2005-11-28,2.992300,26494.000000,7.000000,,,,,,,,,,,,,,,,,,,,
2005-11-29,2.992800,26531.000000,7.625000,,,,,,,,,,,,,,,,,,,,
2005-11-30,2.973500,26525.000000,7.875000,,,1.200000,12.000000,,,,,,,,,,,,,,,,
2005-12-01,2.970000,26584.000000,8.250000,,,,,,,,,,,,,,,,,,,,
2005-12-02,2.976500,26577.000000,7.750000,,,,,,,,,,,,,,,,,,,,
2005-12-05,2.988500,26652.000000,7.750000,,,,,,,,,,,,,,,,,,,,
2005-12-06,2.998300,26673.000000,7.812500,,,,,,,,,,,,,,,,,,,,
2005-12-07,2.987800,26705.000000,7.437500,,,,,,,,,,,,,,,,,,,,
2005-12-09,3.001000,26700.000000,7.187500,,,,,,,,,,,,,,,,,,,,
2005-12-12,3.009300,26709.000000,7.000000,,,,,,,,,,,,,,,,,,,,
2005-12-13,3.008200,26704.000000,7.062500,,,,,,,,,,,,,,,,,,,,
2005-12-14,2.999000,26830.000000,6.812500,,,,,,,,,,,,,,,,,,,,
2005-12-15,3.006500,26896.000000,6.937500,,,,,,,,,,,,,,,,,,,,
2005-12-16,3.052300,27438.000000,7.062500,,,,,,,,,,,,,,,,,,,,
2005-12-19,3.042700,27523.000000,6.937500,,,,,,,,,,,,,,,,,,,,
2005-12-20,3.028000,27352.000000,7.562500,,,,,,,,,,,,,,,,,,,,
2005-12-21,3.033800,27640.000000,7.625000,,,,,,,,,,,,,,,,,,,,
2005-12-22,3.031000,27759.000000,7.312500,,,,,,,,,,,,,,,,,,,,
2005-12-23,3.020000,27947.000000,7.687500,,,,,,,,,,,,,,,,,,,,
2005-12-26,3.022300,27952.000000,7.500000,,,,,,,,,,,,,,,,,,,,
2005-12-27,3.024300,28089.000000,7.937500,,,,,,,,,,,,,,,,,,,,
2005-12-28,3.041000,28104.000000,7.750000,,,,,,,,,,,,,,,,,,,,
2005-12-29,3.031500,28120.000000,8.125000,,,,,,,,,,,,,,,,,,,,
2005-12-30,3.031500,28077.000000,7.625000,,,,,,,,,,,,,,,,,,,,
2005-12-31,3.031500,28077.000000,,,,1.100000,12.300000,,,,,,,,,,,,,,,,
2006-01-02,3.030500,28078.000000,7.937500,,,,,,,,,,,,,,,,,,,,
2006-01-03,3.037300,18580.000000,8.187500,,,,,,,,,,,,,,,,,,,,
2006-01-04,3.041700,18578.000000,8.375000,,,,,,,,,,,,,,,,,,,,
2006-01-05,3.044500,18625.000000,8.500000,,,,,,,,,,,,,,,,,,,,
2006-01-06,3.051000,18735.000000,8.687500,,,,,,,,,,,,,,,,,,,,
2006-01-09,3.063200,18753.000000,8.312500,,,,,,,,,,,,,,,,,,,,
2006-01-10,3.061300,18788.000000,8.562500,,,,,,,,,,,,,,,,,,,,
2006-01-11,3.052200,18812.000000,8.312500,,,,,,,,,,,,,,,,,,,,
2006-01-12,3.043800,18824.000000,8.250000,,,,,,,,,,,,,,,,,,,,
2006-01-13,3.040700,18860.000000,8.375000,,,,,,,,,,,,,,,,,,,,
2006-01-16,3.036300,18876.000000,8.187500,,,,,,,,,,,,,,,,,,,,
2006-01-17,3.039000,18847.000000,8.375000,,,,,,,,,,,,,,,,,,,,
2006-01-18,3.047700,18893.000000,8.187500,,,,,,,,,,,,,,,,,,,,
2006-01-19,3.046500,18977.000000,8.125000,,,,,,,,,,,,,,,,,,,,
2006-01-20,3.037000,18992.000000,8.375000,,,,,,,,,,,,,,,,,,,,
2006-01-23,3.035700,19085.000000,7.937500,,,,,,,,,,,,,,,,,,,,
2006-01-24,3.035700,19418.000000,8.000000,,,,,,,,,,,,,,,,,,,,
2006-01-25,3.041500,19428.000000,8.125000,,,,,,,,,,,,,,,,,,,,
2006-01-26,3.053200,19494.000000,8.187500,,,,,,,,,,,,,,,,,,,,
2006-01-27,3.053500,19548.000000,7.812500,,,,,,,,,,,,,,,,,,,,
2006-01-30,3.056800,19610.000000,7.937500,,,,,,,,,,,,,,,,,,,,
2006-01-31,3.063700,19689.000000,8.062500,,,1.300000,12.100000,,,,,,,,,,,,,,,,
2006-02-01,3.062500,19968.000000,7.937500,,,,,,,,,,,,,,,,,,,,
2006-02-02,3.067800,19994.000000,7.937500,,,,,,,,,,,,,,,,,,,,
2006-02-03,3.066300,19886.000000,8.125000,,,,,,,,,,,,,,,,,,,,
2006-02-06,3.064300,19838.000000,7.187500,,,,,,,,,,,,,,,,,,,,
2006-02-07,3.069700,19879.000000,7.750000,,,,,,,,,,,,,,,,,,,,
2006-02-08,3.075700,19884.000000,7.500000,,,,,,,,,,,,,,,,,,,,
2006-02-09,3.067300,19910.000000,7.437500,,,,,,,,,,,,,,,,,,,,
2006-02-10,3.063500,19917.000000,7.500000,,,,,,,,,,,,,,,,,,,,
2006-02-13,3.067800,19959.000000,7.250000,,,,,,,,,,,,,,,,,,,,
2006-02-14,3.070200,20049.000000,7.250000,,,,,,,,,,,,,,,,,,,,
2006-02-15,3.069800,19608.000000,7.062500,,,,,,,,,,,,,,,,,,,,
2006-02-16,3.067500,19706.000000,7.375000,,,,,,,,,,,,,,,,,,,,
2006-02-17,3.065700,20059.000000,7.250000,,,,,,,,,,,,,,,,,,,,
2006-02-20,3.067000,20068.000000,6.875000,,,,,,,,,,,,,,,,,,,,
2006-02-21,3.067200,20134.000000,7.125000,,,,,,,,,,,,,,,,,,,,
2006-02-22,3.071300,20238.000000,7.250000,,,,,,,,,,,,,,,,,,,,
2006-02-23,3.072300,20283.000000,7.125000,,,,,,,,,,,,,,,,,,,,
2006-02-24,3.075200,20505.000000,7.187500,,,,,,,,,,,,,,,,,,,,
2006-02-27,3.074200,20495.000000,7.062500,,,,,,,,,,,,,,,,,,,,
2006-02-28,3.072800,20532.000000,7.375000,,,0.400000,11.500000,,,,,,,,,,,,,,,,
2006-03-01,3.069800,20570.000000,7.437500,,,,,,,,,,,,,,,,,,,,
2006-03-02,3.065000,20643.000000,7.937500,,,,,,,,,,,,,,,,,,,,
2006-03-03,3.068000,20586.000000,7.687500,,,,,,,,,,,,,,,,,,,,
2006-03-06,3.075800,20627.000000,7.562500,,,,,,,,,,,,,,,,,,,,
2006-03-07,3.079200,20709.000000,7.812500,,,,,,,,,,,,,,,,,,,,
2006-03-08,3.082300,20701.000000,7.812500,,,,,,,,,,,,,,,,,,,,
2006-03-09,3.079700,20756.000000,8.125000,,,,,,,,,,,,,,,,,,,,
2006-03-10,3.081500,20711.000000,8.000000,,,,,,,,,,,,,,,,,,,,
2006-03-13,3.081700,20717.000000,7.937500,,,,,,,,,,,,,,,,,,,,
2006-03-14,3.077300,20712.000000,8.250000,,,,,,,,,,,,,,,,,,,,
2006-03-15,3.073000,20730.000000,8.000000,,,,,,,,,,,,,,,,,,,,
2006-03-16,3.071500,20715.000000,8.625000,,,,,,,,,,,,,,,,,,,,
2006-03-17,3.073000,20817.000000,8.562500,,,,,,,,,,,,,,,,,,,,
2006-03-20,3.073200,20882.000000,8.500000,,,,,,,,,,,,,,,,,,,,
2006-03-21,3.074800,20917.000000,8.437500,,,,,,,,,,,,,,,,,,,,
2006-03-22,3.075200,20947.000000,8.500000,,,,,,,,,,,,,,,,,,,,
2006-03-23,3.075300,20956.000000,8.625000,,,,,,,,,,,,,,,,,,,,
2006-03-27,3.079500,21233.000000,8.250000,,,,,,,,,,,,,,,,,,,,
2006-03-28,3.084500,21423.000000,8.812500,,,,,,,,,,,,,,,,,,,,
2006-03-29,3.078300,21523.000000,8.500000,,,,,,,,,,,,,,,,,,,,
2006-03-30,3.079800,21533.000000,8.625000,,,,,,,,,,,,,,,,,,,,
2006-03-31,3.080800,21549.000000,8.625000,,,1.200000,11.100000,,,,,,,,,,,,,,,,
2006-04-03,3.081800,21562.000000,8.750000,,,,,,,,,,,,,,,,,,,,
2006-04-04,3.082800,21602.000000,8.937500,,,,,,,,,,,,,,,,,,,,
2006-04-05,3.080700,21665.000000,9.000000,,,,,,,,,,,,,,,,,,,,
2006-04-06,3.078700,21728.000000,9.000000,,,,,,,,,,,,,,,,,,,,
2006-04-07,3.079000,21708.000000,8.937500,,,,,,,,,,,,,,,,,,,,
2006-04-10,3.080000,21769.000000,9.000000,,,,,,,,,,,,,,,,,,,,
2006-04-11,3.078800,21835.000000,9.250000,,,,,,,,,,,,,,,,,,,,
2006-04-12,3.077000,21651.000000,8.625000,,,,,,,,,,,,,,,,,,,,
2006-04-17,3.077000,21622.000000,8.937500,,,,,,,,,,,,,,,,,,,,
2006-04-18,3.071700,21792.000000,9.062500,,,,,,,,,,,,,,,,,,,,
2006-04-19,3.068700,21889.000000,9.187500,,,,,,,,,,,,,,,,,,,,
2006-04-20,3.062500,21894.000000,9.187500,,,,,,,,,,,,,,,,,,,,
2006-04-21,3.057300,22007.000000,9.062500,,,,,,,,,,,,,,,,,,,,
2006-04-24,3.053800,22074.000000,8.875000,,,,,,,,,,,,,,,,,,,,
2006-04-25,3.041800,22200.000000,9.187500,,,,,,,,,,,,,,,,,,,,
2006-04-26,3.040700,22307.000000,8.875000,,,,,,,,,,,,,,,,,,,,
2006-04-27,3.036700,22333.000000,9.125000,,,,,,,,,,,,,,,,,,,,
2006-04-28,3.043800,22400.000000,9.000000,,,,,,,,,,,,,,,,,,,,
2006-04-30,,,,,,1.000000,11.600000,,,,,,,,,,,,,,,,
2006-05-02,3.044200,22515.000000,9.125000,,,,,,,,,,,,,,,,,,,,
2006-05-03,3.043300,22565.000000,8.812500,,,,,,,,,,,,,,,,,,,,
2006-05-04,3.038300,22667.000000,9.187500,,,,,,,,,,,,,,,,,,,,
2006-05-05,3.040300,23159.000000,9.375000,,,,,,,,,,,,,,,,,,,,
2006-05-08,3.038700,23328.000000,9.062500,,,,,,,,,,,,,,,,,,,,
2006-05-09,3.039800,23472.000000,9.125000,,,,,,,,,,,,,,,,,,,,
2006-05-10,3.040700,23553.000000,9.125000,,,,,,,,,,,,,,,,,,,,
2006-05-11,3.037300,23677.000000,8.875000,,,,,,,,,,,,,,,,,,,,
2006-05-12,3.036700,23904.000000,8.625000,,,,,,,,,,,,,,,,,,,,
2006-05-15,3.040800,23854.000000,8.875000,,,,,,,,,,,,,,,,,,,,
2006-05-16,3.040200,23937.000000,8.937500,,,,,,,,,,,,,,,,,,,,
2006-05-17,3.045300,23937.000000,8.875000,,,,,,,,,,,,,,,,,,,,
2006-05-18,3.051700,23994.000000,8.937500,,,,,,,,,,,,,,,,,,,,
2006-05-19,3.055000,23987.000000,8.812500,,,,,,,,,,,,,,,,,,,,
2006-05-22,3.067500,24015.000000,9.000000,,,,,,,,,,,,,,,,,,,,
2006-05-23,3.068700,24183.000000,9.000000,,,,,,,,,,,,,,,,,,,,
2006-05-24,3.079800,24089.000000,8.875000,,,,,,,,,,,,,,,,,,,,
2006-05-26,3.069700,24163.000000,8.750000,,,,,,,,,,,,,,,,,,,,
2006-05-29,3.077500,24165.000000,8.687500,,,,,,,,,,,,,,,,,,,,
2006-05-30,3.080800,24194.000000,8.875000,,,,,,,,,,,,,,,,,,,,
2006-05-31,3.086800,24162.000000,8.937500,,,0.500000,11.500000,,,,,,,,,,,,,,,,
2006-06-01,3.080300,24110.000000,9.000000,,,,,,,,,,,,,,,,,,,,
2006-06-02,3.076000,24258.000000,8.500000,,,,,,,,,,,,,,,,,,,,
2006-06-05,3.078000,24320.000000,8.937500,,,,,,,,,,,,,,,,,,,,
2006-06-06,3.082300,24277.000000,9.062500,,,,,,,,,,,,,,,,,,,,
2006-06-07,3.080500,24552.000000,8.875000,,,,,,,,,,,,,,,,,,,,
2006-06-08,3.082700,24508.000000,9.000000,,,,,,,,,,,,,,,,,,,,
2006-06-09,3.081300,24574.000000,8.812500,,,,,,,,,,,,,,,,,,,,
2006-06-12,3.081700,24803.000000,8.750000,,,,,,,,,,,,,,,,,,,,
2006-06-13,3.082200,24763.000000,8.562500,,,,,,,,,,,,,,,,,,,,
2006-06-14,3.081000,24772.000000,9.000000,,,,,,,,,,,,,,,,,,,,
2006-06-15,3.077800,24898.000000,8.875000,,,,,,,,,,,,,,,,,,,,
2006-06-16,3.078500,24988.000000,8.812500,,,,,,,,,,,,,,,,,,,,
2006-06-20,3.079700,25044.000000,8.750000,,,,,,,,,,,,,,,,,,,,
2006-06-21,3.076700,25144.000000,8.812500,,,,,,,,,,,,,,,,,,,,
2006-06-22,3.075300,25174.000000,8.875000,,,,,,,,,,,,,,,,,,,,
2006-06-23,3.080500,25238.000000,9.062500,,,,,,,,,,,,,,,,,,,,
2006-06-26,3.082300,25309.000000,9.062500,,,,,,,,,,,,,,,,,,,,
2006-06-27,3.088500,25326.000000,9.125000,,,,,,,,,,,,,,,,,,,,
2006-06-28,3.089800,25281.000000,8.875000,,,,,,,,,,,,,,,,,,,,
2006-06-29,3.086700,25184.000000,9.062500,,,,,,,,,,,,,,,,,,,,
2006-06-30,3.084800,25490.000000,9.125000,,,0.500000,11.000000,,,,,,,,,,,,,,,,
2006-07-03,3.084500,25681.000000,9.000000,,,,,,,,,,,,,,,,,,,,
2006-07-04,3.084800,25687.000000,9.125000,,,,,,,,,,,,,,,,,,,,
2006-07-05,3.085800,25799.000000,9.000000,,,,,,,,,,,,,,,,,,,,
2006-07-06,3.085800,25894.000000,9.250000,,,,,,,,,,,,,,,,,,,,
2006-07-07,3.085000,25999.000000,9.062500,,,,,,,,,,,,,,,,,,,,
2006-07-10,3.086500,26003.000000,9.062500,,,,,,,,,,,,,,,,,,,,
2006-07-11,3.085700,26112.000000,9.187500,,,,,,,,,,,,,,,,,,,,
2006-07-12,3.082300,26075.000000,9.000000,,,,,,,,,,,,,,,,,,,,
2006-07-13,3.084700,26076.000000,9.062500,,,,,,,,,,,,,,,,,,,,
2006-07-14,3.084300,26077.000000,9.250000,,,,,,,,,,,,,,,,,,,,
2006-07-17,3.083200,26056.000000,9.125000,,,,,,,,,,,,,,,,,,,,
2006-07-18,3.081800,26088.000000,9.187500,,,,,,,,,,,,,,,,,,,,
2006-07-19,3.080700,26124.000000,9.250000,,,,,,,,,,,,,,,,,,,,
2006-07-20,3.080300,26179.000000,9.062500,,,,,,,,,,,,,,,,,,,,
2006-07-21,3.081300,26203.000000,9.187500,,,,,,,,,,,,,,,,,,,,
2006-07-24,3.081800,26160.000000,9.187500,,,,,,,,,,,,,,,,,,,,
2006-07-25,3.078700,26203.000000,9.250000,,,,,,,,,,,,,,,,,,,,
2006-07-26,3.076000,26238.000000,9.312500,,,,,,,,,,,,,,,,,,,,
2006-07-27,3.075200,26233.000000,9.375000,,,,,,,,,,,,,,,,,,,,
2006-07-28,3.078000,26214.000000,9.125000,,,,,,,,,,,,,,,,,,,,
2006-07-31,3.074800,26223.000000,9.437500,,,0.600000,10.600000,,,,,,,,,,,,,,,,
2006-08-01,3.070800,26248.000000,9.500000,,,,,,,,,,,,,,,,,,,,
2006-08-02,3.071700,26129.000000,9.437500,,,,,,,,,,,,,,,,,,,,
2006-08-03,3.070500,27020.000000,9.500000,,,,,,,,,,,,,,,,,,,,
2006-08-04,3.065800,26861.000000,9.250000,,,,,,,,,,,,,,,,,,,,
2006-08-07,3.070500,26943.000000,9.500000,,,,,,,,,,,,,,,,,,,,
2006-08-08,3.072500,26970.000000,9.562500,,,,,,,,,,,,,,,,,,,,
2006-08-09,3.069800,27075.000000,9.437500,,,,,,,,,,,,,,,,,,,,
2006-08-10,3.069500,26910.000000,9.562500,,,,,,,,,,,,,,,,,,,,
2006-08-11,3.069200,27010.000000,9.562500,,,,,,,,,,,,,,,,,,,,
2006-08-14,3.072500,26983.000000,9.437500,,,,,,,,,,,,,,,,,,,,
2006-08-15,3.076000,26838.000000,9.437500,,,,,,,,,,,,,,,,,,,,
2006-08-16,3.076800,27028.000000,9.500000,,,,,,,,,,,,,,,,,,,,
2006-08-17,3.075500,27052.000000,9.500000,,,,,,,,,,,,,,,,,,,,
2006-08-18,3.081200,26976.000000,9.500000,,,,,,,,,,,,,,,,,,,,
2006-08-22,3.083800,27188.000000,9.437500,,,,,,,,,,,,,,,,,,,,
2006-08-23,3.085800,27259.000000,9.437500,,,,,,,,,,,,,,,,,,,,
2006-08-24,3.086000,27300.000000,9.375000,,,,,,,,,,,,,,,,,,,,
2006-08-25,3.089500,27347.000000,9.375000,,,,,,,,,,,,,,,,,,,,
2006-08-28,3.095300,27222.000000,9.375000,,,,,,,,,,,,,,,,,,,,
2006-08-29,3.093000,27245.000000,9.500000,,,,,,,,,,,,,,,,,,,,
2006-08-30,3.094500,27367.000000,9.500000,,,,,,,,,,,,,,,,,,,,
2006-08-31,3.097200,27397.000000,9.437500,,,0.600000,10.700000,,,,,,,,,,,,,,,,
2006-09-01,3.094300,27410.000000,9.250000,,,,,,,,,,,,,,,,,,,,
2006-09-04,3.094800,27414.000000,9.375000,,,,,,,,,,,,,,,,,,,,
2006-09-05,3.095300,27459.000000,9.437500,,,,,,,,,,,,,,,,,,,,
2006-09-06,3.100300,27493.000000,9.437500,,,,,,,,,,,,,,,,,,,,
2006-09-07,3.102300,27472.000000,9.500000,,,,,,,,,,,,,,,,,,,,
2006-09-08,3.099000,27539.000000,9.437500,,,,,,,,,,,,,,,,,,,,
2006-09-11,3.101500,27553.000000,9.437500,,,,,,,,,,,,,,,,,,,,
2006-09-12,3.105000,27593.000000,9.375000,,,,,,,,,,,,,,,,,,,,
2006-09-13,3.106800,27607.000000,9.437500,,,,,,,,,,,,,,,,,,,,
2006-09-14,3.101000,27723.000000,9.500000,,,,,,,,,,,,,,,,,,,,
2006-09-15,3.098300,27774.000000,9.250000,,,,,,,,,,,,,,,,,,,,
2006-09-18,3.097800,27835.000000,9.562500,,,,,,,,,,,,,,,,,,,,
2006-09-19,3.097200,27860.000000,9.625000,,,,,,,,,,,,,,,,,,,,
2006-09-20,3.098800,27922.000000,9.500000,,,,,,,,,,,,,,,,,,,,
2006-09-21,3.099500,27905.000000,9.375000,,,,,,,,,,,,,,,,,,,,
2006-09-22,3.099800,27933.000000,9.562500,,,,,,,,,,,,,,,,,,,,
2006-09-25,3.098200,27984.000000,9.437500,,,,,,,,,,,,,,,,,,,,
2006-09-26,3.100800,28026.000000,9.500000,,,,,,,,,,,,,,,,,,,,
2006-09-27,3.103200,28132.000000,9.375000,,,,,,,,,,,,,,,,,,,,
2006-09-28,3.103300,28146.000000,9.625000,,,,,,,,,,,,,,,,,,,,
2006-09-29,3.104300,28048.000000,9.500000,,,,,,,,,,,,,,,,,,,,
2006-09-30,,,,,,0.900000,10.400000,,,,,,,,,,,,,,,,
2006-10-02,3.102300,28084.000000,9.437500,,,,,,,,,,,,,,,,,,,,
2006-10-03,3.103300,28099.000000,9.625000,,,,,,,,,,,,,,,,,,,,
2006-10-04,3.105500,28136.000000,9.500000,,,,,,,,,,,,,,,,,,,,
2006-10-05,3.104200,28169.000000,9.375000,,,,,,,,,,,,,,,,,,,,
2006-10-06,3.105800,28204.000000,9.500000,,,,,,,,,,,,,,,,,,,,
2006-10-09,3.106200,28191.000000,9.437500,,,,,,,,,,,,,,,,,,,,
2006-10-10,3.106000,28231.000000,9.500000,,,,,,,,,,,,,,,,,,,,
2006-10-11,3.107200,28233.000000,9.500000,,,,,,,,,,,,,,,,,,,,
2006-10-12,3.105200,28323.000000,9.500000,,,,,,,,,,,,,,,,,,,,
2006-10-13,3.102800,28226.000000,9.375000,,,,,,,,,,,,,,,,,,,,
2006-10-17,3.102000,28241.000000,9.312500,,,,,,,,,,,,,,,,,,,,
2006-10-18,3.095700,28213.000000,9.437500,,,,,,,,,,,,,,,,,,,,
2006-10-19,3.090000,28409.000000,9.562500,,,,,,,,,,,,,,,,,,,,
2006-10-20,3.091000,28434.000000,9.500000,,,,,,,,,,,,,,,,,,,,
2006-10-23,3.090800,28503.000000,9.437500,,,,,,,,,,,,,,,,,,,,
2006-10-24,3.089700,28665.000000,9.562500,,,,,,,,,,,,,,,,,,,,
2006-10-25,3.092000,28636.000000,9.437500,,,,,,,,,,,,,,,,,,,,
2006-10-26,3.090700,28720.000000,9.375000,,,,,,,,,,,,,,,,,,,,
2006-10-27,3.089000,28761.000000,9.437500,,,,,,,,,,,,,,,,,,,,
2006-10-30,3.095300,28994.000000,9.500000,,,,,,,,,,,,,,,,,,,,
2006-10-31,3.093300,29082.000000,9.562500,,,0.900000,10.500000,,,,,,,,,,,,,,,,
2006-11-01,3.088700,29097.000000,9.437500,,,,,,,,,,,,,,,,,,,,
2006-11-02,3.085800,29226.000000,9.687500,,,,,,,,,,,,,,,,,,,,
2006-11-03,3.083000,29237.000000,9.500000,,,,,,,,,,,,,,,,,,,,
2006-11-07,3.080300,29396.000000,9.500000,,,,,,,,,,,,,,,,,,,,
2006-11-08,3.072200,29505.000000,9.625000,,,,,,,,,,,,,,,,,,,,
2006-11-09,3.068700,29594.000000,9.687500,,,,,,,,,,,,,,,,,,,,
2006-11-10,3.071000,29626.000000,9.750000,,,,,,,,,,,,,,,,,,,,
2006-11-13,3.076000,29685.000000,9.687500,,,,,,,,,,,,,,,,,,,,
2006-11-14,3.075300,29748.000000,9.500000,,,,,,,,,,,,,,,,,,,,
2006-11-15,3.069200,29806.000000,9.750000,,,,,,,,,,,,,,,,,,,,
2006-11-16,3.068000,29813.000000,9.562500,,,,,,,,,,,,,,,,,,,,
2006-11-17,3.073200,29852.000000,9.500000,,,,,,,,,,,,,,,,,,,,
2006-11-20,3.073800,29946.000000,9.562500,,,,,,,,,,,,,,,,,,,,
2006-11-21,3.079000,30004.000000,9.750000,,,,,,,,,,,,,,,,,,,,
2006-11-22,3.078500,30083.000000,9.500000,,,,,,,,,,,,,,,,,,,,
2006-11-23,3.072700,30079.000000,9.625000,,,,,,,,,,,,,,,,,,,,
2006-11-24,3.073500,30141.000000,9.687500,,,,,,,,,,,,,,,,,,,,
2006-11-27,3.077000,30185.000000,8.875000,,,,,,,,,,,,,,,,,,,,
2006-11-28,3.079000,30252.000000,9.687500,,,,,,,,,,,,,,,,,,,,
2006-11-29,3.076300,30247.000000,9.750000,,,,,,,,,,,,,,,,,,,,
2006-11-30,3.069300,30328.000000,9.750000,,,0.700000,10.000000,,,,,,,,,,,,,,,,
2006-12-01,3.066000,30391.000000,9.687500,,,,,,,,,,,,,,,,,,,,
2006-12-04,3.063000,30421.000000,9.312500,,,,,,,,,,,,,,,,,,,,
2006-12-05,3.056300,30555.000000,9.750000,,,,,,,,,,,,,,,,,,,,
2006-12-06,3.056200,30624.000000,9.937500,,,,,,,,,,,,,,,,,,,,
2006-12-07,3.059300,30918.000000,9.750000,,,,,,,,,,,,,,,,,,,,
2006-12-11,3.060700,30959.000000,9.750000,,,,,,,,,,,,,,,,,,,,
2006-12-12,3.056200,31031.000000,9.875000,,,,,,,,,,,,,,,,,,,,
2006-12-13,3.055700,31039.000000,9.812500,,,,,,,,,,,,,,,,,,,,
2006-12-14,3.057800,31094.000000,9.750000,,,,,,,,,,,,,,,,,,,,
2006-12-15,3.057300,31065.000000,9.937500,,,,,,,,,,,,,,,,,,,,
2006-12-18,3.056800,31156.000000,9.750000,,,,,,,,,,,,,,,,,,,,
2006-12-19,3.057800,31196.000000,9.812500,,,,,,,,,,,,,,,,,,,,
2006-12-20,3.053000,31331.000000,10.000000,,,,,,,,,,,,,,,,,,,,
2006-12-21,3.049200,31424.000000,9.812500,,,,,,,,,,,,,,,,,,,,
2006-12-22,3.051700,31511.000000,9.687500,,,,,,,,,,,,,,,,,,,,
2006-12-26,3.066200,31580.000000,9.812500,,,,,,,,,,,,,,,,,,,,
2006-12-27,3.079200,31714.000000,9.812500,,,,,,,,,,,,,,,,,,,,
2006-12-28,3.073200,31863.000000,10.000000,,,,,,,,,,,,,,,,,,,,
2006-12-29,3.069500,32037.000000,9.875000,,,,,,,,,,,,,,,,,,,,
2006-12-31,,,,,,1.000000,9.800000,,,,,,,,,,,,,,,,
2007-01-02,3.057700,32124.000000,9.875000,,,,,,,,,,,,,,,,,,,,
2007-01-03,3.055300,32208.000000,9.625000,,,,,,,,,,,,,,,,,,,,
2007-01-04,3.070000,32256.000000,9.875000,,,,,,,,,,,,,,,,,,,,
2007-01-05,3.077200,32299.000000,9.875000,,,,,,,,,,,,,,,,,,,,
2007-01-08,3.080200,32350.000000,9.812500,,,,,,,,,,,,,,,,,,,,
2007-01-09,3.083200,32408.000000,9.625000,,,,,,,,,,,,,,,,,,,,
2007-01-10,3.084000,32478.000000,9.625000,,,,,,,,,,,,,,,,,,,,
2007-01-11,3.080500,32565.000000,9.375000,,,,,,,,,,,,,,,,,,,,
2007-01-12,3.081200,32697.000000,9.437500,,,,,,,,,,,,,,,,,,,,
2007-01-15,3.078800,32720.000000,9.187500,,,,,,,,,,,,,,,,,,,,
2007-01-16,3.080500,32790.000000,9.062500,,,,,,,,,,,,,,,,,,,,
2007-01-17,3.078200,32867.000000,9.000000,,,,,,,,,,,,,,,,,,,,
2007-01-18,3.079300,32901.000000,9.062500,,,,,,,,,,,,,,,,,,,,
2007-01-19,3.084500,33007.000000,8.875000,,,,,,,,,,,,,,,,,,,,
2007-01-22,3.088300,33064.000000,8.812500,,,,,,,,,,,,,,,,,,,,
2007-01-23,3.097200,33169.000000,8.812500,,,,,,,,,,,,,,,,,,,,
2007-01-24,3.097500,33253.000000,8.750000,,,,,,,,,,,,,,,,,,,,
2007-01-25,3.094800,33375.000000,8.750000,,,,,,,,,,,,,,,,,,,,
2007-01-26,3.103200,33414.000000,8.687500,,,,,,,,,,,,,,,,,,,,
2007-01-29,3.106800,33502.000000,8.625000,,,,,,,,,,,,,,,,,,,,
2007-01-30,3.106200,33592.000000,8.687500,,,,,,,,,,,,,,,,,,,,
2007-01-31,3.106300,33739.000000,8.937500,,,1.100000,9.700000,,,,,,,,,,,,,,,,
2007-02-01,3.104000,33781.000000,8.500000,,,,,,,,,,,,,,,,,,,,
2007-02-02,3.098800,33848.000000,8.312500,,,,,,,,,,,,,,,,,,,,
2007-02-05,3.100200,34100.000000,8.437500,,,,,,,,,,,,,,,,,,,,
2007-02-06,3.103300,33910.000000,8.375000,,,,,,,,,,,,,,,,,,,,
2007-02-07,3.100800,33958.000000,8.187500,,,,,,,,,,,,,,,,,,,,
2007-02-08,3.104500,34041.000000,8.125000,,,,,,,,,,,,,,,,,,,,
2007-02-09,3.104500,34035.000000,8.125000,,,,,,,,,,,,,,,,,,,,
2007-02-12,3.105800,34045.000000,7.937500,,,,,,,,,,,,,,,,,,,,
2007-02-13,3.100800,34043.000000,7.750000,,,,,,,,,,,,,,,,,,,,
2007-02-14,3.099500,34107.000000,7.875000,,,,,,,,,,,,,,,,,,,,
2007-02-15,3.097500,34129.000000,7.812500,,,,,,,,,,,,,,,,,,,,
2007-02-16,3.103500,34232.000000,7.437500,,,,,,,,,,,,,,,,,,,,
2007-02-19,3.103500,34239.000000,7.687500,,,,,,,,,,,,,,,,,,,,
2007-02-20,3.104500,34303.000000,7.750000,,,,,,,,,,,,,,,,,,,,
2007-02-21,3.103800,34401.000000,7.625000,,,,,,,,,,,,,,,,,,,,
2007-02-22,3.104700,34519.000000,7.687500,,,,,,,,,,,,,,,,,,,,
2007-02-23,3.103800,34637.000000,7.625000,,,,,,,,,,,,,,,,,,,,
2007-02-26,3.104000,34734.000000,7.687500,,,,,,,,,,,,,,,,,,,,
2007-02-27,3.104000,34813.000000,8.000000,,,,,,,,,,,,,,,,,,,,
2007-02-28,3.101000,34936.000000,8.000000,,,0.300000,9.600000,,,,,,,,,,,,,,,,
2007-03-01,3.100200,34998.000000,8.250000,,,,,,,,,,,,,,,,,,,,
2007-03-02,3.096300,35070.000000,8.312500,,,,,,,,,,,,,,,,,,,,
2007-03-05,3.101500,35107.000000,8.375000,,,,,,,,,,,,,,,,,,,,
2007-03-06,3.101000,35201.000000,8.250000,,,,,,,,,,,,,,,,,,,,
2007-03-07,3.103300,35260.000000,8.437500,,,,,,,,,,,,,,,,,,,,
2007-03-08,3.103800,35361.000000,8.375000,,,,,,,,,,,,,,,,,,,,
2007-03-09,3.104000,35463.000000,8.312500,,,,,,,,,,,,,,,,,,,,
2007-03-12,3.104700,35544.000000,8.312500,,,,,,,,,,,,,,,,,,,,
2007-03-13,3.102300,35604.000000,8.312500,,,,,,,,,,,,,,,,,,,,
2007-03-14,3.098700,35699.000000,8.312500,,,,,,,,,,,,,,,,,,,,
2007-03-15,3.097500,35840.000000,8.250000,,,,,,,,,,,,,,,,,,,,
2007-03-16,3.097000,36009.000000,8.312500,,,,,,,,,,,,,,,,,,,,
2007-03-19,3.099500,36041.000000,8.250000,,,,,,,,,,,,,,,,,,,,
2007-03-20,3.100000,36127.000000,8.312500,,,,,,,,,,,,,,,,,,,,
2007-03-21,3.099700,36190.000000,8.312500,,,,,,,,,,,,,,,,,,,,
2007-03-22,3.098800,36272.000000,8.125000,,,,,,,,,,,,,,,,,,,,
2007-03-23,3.098800,36382.000000,8.187500,,,,,,,,,,,,,,,,,,,,
2007-03-26,3.102000,36486.000000,8.250000,,,,,,,,,,,,,,,,,,,,
2007-03-27,3.105800,36570.000000,8.250000,,,,,,,,,,,,,,,,,,,,
2007-03-28,3.106000,36644.000000,8.250000,,,,,,,,,,,,,,,,,,,,
2007-03-29,3.101300,36739.000000,8.250000,,,,,,,,,,,,,,,,,,,,
2007-03-30,3.100700,36849.000000,8.312500,,,,,,,,,,,,,,,,,,,,
2007-03-31,,,,,,0.800000,9.100000,,,,,,,,,,,,,,,,
2007-04-03,3.100700,36894.000000,8.250000,,,,,,,,,,,,,,,,,,,,
2007-04-04,3.100800,37002.000000,8.250000,,,,,,,,,,,,,,,,,,,,
2007-04-09,3.096800,37104.000000,8.312500,,,,,,,,,,,,,,,,,,,,
2007-04-10,3.094500,37204.000000,8.187500,,,,,,,,,,,,,,,,,,,,
2007-04-11,3.091800,37292.000000,8.000000,,,,,,,,,,,,,,,,,,,,
2007-04-12,3.085500,37429.000000,8.062500,,,,,,,,,,,,,,,,,,,,
2007-04-13,3.089000,37509.000000,8.062500,,,,,,,,,,,,,,,,,,,,
2007-04-16,3.088500,37601.000000,8.000000,,,,,,,,,,,,,,,,,,,,
2007-04-17,3.083500,37744.000000,7.875000,,,,,,,,,,,,,,,,,,,,
2007-04-18,3.080800,37862.000000,7.750000,,,,,,,,,,,,,,,,,,,,
2007-04-19,3.086500,37921.000000,7.687500,,,,,,,,,,,,,,,,,,,,
2007-04-20,3.087000,38000.000000,7.875000,,,,,,,,,,,,,,,,,,,,
2007-04-23,3.086200,38110.000000,7.562500,,,,,,,,,,,,,,,,,,,,
2007-04-24,3.080800,38234.000000,7.437500,,,,,,,,,,,,,,,,,,,,
2007-04-25,3.083800,38333.000000,7.750000,,,,,,,,,,,,,,,,,,,,
2007-04-26,3.086800,38383.000000,7.562500,,,,,,,,,,,,,,,,,,,,
2007-04-27,3.090200,38483.000000,7.625000,,,,,,,,,,,,,,,,,,,,
2007-04-30,3.089800,38606.000000,7.687500,,,0.700000,8.900000,,,,,,,,,,,,,,,,
2007-05-02,3.084800,38733.000000,7.562500,,,,,,,,,,,,,,,,,,,,
2007-05-03,3.085200,38760.000000,7.750000,,,,,,,,,,,,,,,,,,,,
2007-05-04,3.082500,38844.000000,7.687500,,,,,,,,,,,,,,,,,,,,
2007-05-07,3.080500,38989.000000,7.437500,,,,,,,,,,,,,,,,,,,,
2007-05-08,3.080500,39115.000000,7.625000,,,,,,,,,,,,,,,,,,,,
2007-05-09,3.078200,39224.000000,7.687500,,,,,,,,,,,,,,,,,,,,
2007-05-10,3.079500,39290.000000,7.562500,,,,,,,,,,,,,,,,,,,,
2007-05-11,3.080700,39369.000000,7.562500,,,,,,,,,,,,,,,,,,,,
2007-05-14,3.080500,39478.000000,7.562500,,,,,,,,,,,,,,,,,,,,
2007-05-15,3.074800,39612.000000,7.625000,,,,,,,,,,,,,,,,,,,,
2007-05-16,3.075500,39700.000000,7.812500,,,,,,,,,,,,,,,,,,,,
2007-05-17,3.076300,39825.000000,7.687500,,,,,,,,,,,,,,,,,,,,
2007-05-18,3.078000,39896.000000,7.625000,,,,,,,,,,,,,,,,,,,,
2007-05-21,3.076500,39967.000000,7.687500,,,,,,,,,,,,,,,,,,,,
2007-05-22,3.072700,40069.000000,7.687500,,,,,,,,,,,,,,,,,,,,
2007-05-23,3.082500,40181.000000,7.562500,,,,,,,,,,,,,,,,,,,,
2007-05-24,3.084800,40263.000000,7.687500,,,,,,,,,,,,,,,,,,,,
2007-05-28,3.084000,40279.000000,7.625000,,,,,,,,,,,,,,,,,,,,
2007-05-29,3.082800,40372.000000,7.750000,,,,,,,,,,,,,,,,,,,,
2007-05-30,3.081500,40448.000000,7.750000,,,,,,,,,,,,,,,,,,,,
2007-05-31,3.078500,40581.000000,7.750000,,,0.400000,8.800000,,,,,,,,,,,,,,,,
2007-06-01,3.074800,40694.000000,7.750000,,,,,,,,,,,,,,,,,,,,
2007-06-04,3.072700,40805.000000,7.812500,,,,,,,,,,,,,,,,,,,,
2007-06-05,3.073000,41005.000000,7.500000,,,,,,,,,,,,,,,,,,,,
2007-06-06,3.076500,41086.000000,7.812500,,,,,,,,,,,,,,,,,,,,
2007-06-07,3.077300,41146.000000,7.687500,,,,,,,,,,,,,,,,,,,,
2007-06-08,3.078000,41206.000000,7.937500,,,,,,,,,,,,,,,,,,,,
2007-06-11,3.074700,41356.000000,7.687500,,,,,,,,,,,,,,,,,,,,
2007-06-12,3.076200,41609.000000,7.750000,,,,,,,,,,,,,,,,,,,,
2007-06-13,3.075200,41724.000000,7.750000,,,,,,,,,,,,,,,,,,,,
2007-06-14,3.073800,41889.000000,8.000000,,,,,,,,,,,,,,,,,,,,
2007-06-15,3.072200,42079.000000,7.937500,,,,,,,,,,,,,,,,,,,,
2007-06-19,3.074800,42230.000000,8.000000,,,,,,,,,,,,,,,,,,,,
2007-06-20,3.077700,42471.000000,8.000000,,,,,,,,,,,,,,,,,,,,
2007-06-21,3.080800,42605.000000,8.062500,,,,,,,,,,,,,,,,,,,,
2007-06-22,3.082500,42731.000000,7.875000,,,,,,,,,,,,,,,,,,,,
2007-06-25,3.083200,42809.000000,8.000000,,,,,,,,,,,,,,,,,,,,
2007-06-26,3.088200,42873.000000,8.000000,,,,,,,,,,,,,,,,,,,,
2007-06-27,3.093200,42958.000000,8.125000,,,,,,,,,,,,,,,,,,,,
2007-06-28,3.089700,43040.000000,8.187500,,,,,,,,,,,,,,,,,,,,
2007-06-29,3.090800,43157.000000,8.187500,,,,,,,,,,,,,,,,,,,,
2007-06-30,,,,,,0.400000,8.800000,,,,,,,,,,,,,,,,
2007-07-02,3.091800,43313.000000,8.187500,,,,,,,,,,,,,,,,,,,,
2007-07-03,3.091700,43390.000000,8.250000,,,,,,,,,,,,,,,,,,,,
2007-07-04,3.091500,43390.000000,8.187500,,,,,,,,,,,,,,,,,,,,
2007-07-05,3.099500,43437.000000,8.187500,,,,,,,,,,,,,,,,,,,,
2007-07-06,3.104800,43513.000000,8.187500,,,,,,,,,,,,,,,,,,,,
2007-07-10,3.105800,43597.000000,8.250000,,,,,,,,,,,,,,,,,,,,
2007-07-11,3.102200,43696.000000,8.250000,,,,,,,,,,,,,,,,,,,,
2007-07-12,3.100200,43800.000000,8.187500,,,,,,,,,,,,,,,,,,,,
2007-07-13,3.099800,43891.000000,8.125000,,,,,,,,,,,,,,,,,,,,
2007-07-16,3.100300,43936.000000,8.187500,,,,,,,,,,,,,,,,,,,,
2007-07-17,3.102800,44004.000000,8.187500,,,,,,,,,,,,,,,,,,,,
2007-07-18,3.102300,44058.000000,8.312500,,,,,,,,,,,,,,,,,,,,
2007-07-19,3.103000,44104.000000,8.375000,,,,,,,,,,,,,,,,,,,,
2007-07-20,3.108200,44181.000000,8.375000,,,,,,,,,,,,,,,,,,,,
2007-07-23,3.123300,44234.000000,8.375000,,,,,,,,,,,,,,,,,,,,
2007-07-24,3.138200,44234.000000,8.562500,,,,,,,,,,,,,,,,,,,,
2007-07-25,3.171300,44190.000000,8.875000,,,,,,,,,,,,,,,,,,,,
2007-07-26,3.145700,44186.000000,9.687500,,,,,,,,,,,,,,,,,,,,
2007-07-27,3.122300,44186.000000,10.000000,,,,,,,,,,,,,,,,,,,,
2007-07-30,3.120000,44189.000000,10.062500,,,,,,,,,,,,,,,,,,,,
2007-07-31,3.119500,44202.000000,9.937500,,,0.500000,8.600000,,,,,,,,,,,,,,,,
2007-08-01,3.131700,44153.000000,9.875000,,,,,,,,,,,,,,,,,,,,
2007-08-02,3.132500,44159.000000,10.250000,,,,,,,,,,,,,,,,,,,,
2007-08-03,3.140300,44002.000000,10.125000,,,,,,,,,,,,,,,,,,,,
2007-08-06,3.141300,43871.000000,9.937500,,,,,,,,,,,,,,,,,,,,
2007-08-07,3.141500,43901.000000,9.750000,,,,,,,,,,,,,,,,,,,,
2007-08-08,3.135200,43901.000000,10.250000,,,,,,,,,,,,,,,,,,,,
2007-08-09,3.141300,43885.000000,10.250000,,,,,,,,,,,,,,,,,,,,
2007-08-10,3.148000,43918.000000,10.187500,,,,,,,,,,,,,,,,,,,,
2007-08-13,3.142700,43904.000000,9.937500,,,,,,,,,,,,,,,,,,,,
2007-08-14,3.145000,43907.000000,10.000000,,,,,,,,,,,,,,,,,,,,
2007-08-15,3.150800,43759.000000,10.250000,,,,,,,,,,,,,,,,,,,,
2007-08-16,3.165800,43675.000000,10.812500,,,,,,,,,,,,,,,,,,,,
2007-08-17,3.153000,43722.000000,10.000000,,,,,,,,,,,,,,,,,,,,
2007-08-21,3.158500,43687.000000,10.375000,,,,,,,,,,,,,,,,,,,,
2007-08-22,3.164500,43714.000000,10.500000,,,,,,,,,,,,,,,,,,,,
2007-08-23,3.171200,43692.000000,10.875000,,,,,,,,,,,,,,,,,,,,
2007-08-24,3.173000,43539.000000,11.000000,,,,,,,,,,,,,,,,,,,,
2007-08-27,3.169500,43402.000000,10.687500,,,,,,,,,,,,,,,,,,,,
2007-08-28,3.167700,43265.000000,11.125000,,,,,,,,,,,,,,,,,,,,
2007-08-29,3.162800,43232.000000,11.625000,,,,,,,,,,,,,,,,,,,,
2007-08-30,3.159800,43123.000000,11.687500,,,,,,,,,,,,,,,,,,,,
2007-08-31,3.155800,43160.000000,11.500000,,,0.600000,8.700000,,,,,,,,,,,,,,,,
2007-09-03,3.158500,43170.000000,12.500000,,,,,,,,,,,,,,,,,,,,
2007-09-04,3.162500,43100.000000,12.375000,,,,,,,,,,,,,,,,,,,,
2007-09-05,3.165200,43022.000000,13.312500,,,,,,,,,,,,,,,,,,,,
2007-09-06,3.162700,43008.000000,13.500000,,,,,,,,,,,,,,,,,,,,
2007-09-07,3.162800,42997.000000,13.500000,,,,,,,,,,,,,,,,,,,,
2007-09-10,3.161500,42981.000000,13.437500,,,,,,,,,,,,,,,,,,,,
2007-09-11,3.151800,43020.000000,13.812500,,,,,,,,,,,,,,,,,,,,
2007-09-12,3.140500,43061.000000,13.625000,,,,,,,,,,,,,,,,,,,,
2007-09-13,3.132700,43060.000000,14.687500,,,,,,,,,,,,,,,,,,,,
2007-09-14,3.132500,43020.000000,14.250000,,,,,,,,,,,,,,,,,,,,
2007-09-17,3.135200,42789.000000,14.125000,,,,,,,,,,,,,,,,,,,,
2007-09-18,3.135500,42835.000000,13.375000,,,,,,,,,,,,,,,,,,,,
2007-09-19,3.131800,42826.000000,13.062500,,,,,,,,,,,,,,,,,,,,
2007-09-20,3.134500,42868.000000,11.937500,,,,,,,,,,,,,,,,,,,,
2007-09-21,3.142800,42769.000000,11.812500,,,,,,,,,,,,,,,,,,,,
2007-09-24,3.147300,42696.000000,11.562500,,,,,,,,,,,,,,,,,,,,
2007-09-25,3.145800,42739.000000,11.312500,,,,,,,,,,,,,,,,,,,,
2007-09-26,3.146200,42669.000000,11.625000,,,,,,,,,,,,,,,,,,,,
2007-09-27,3.149800,42749.000000,11.687500,,,,,,,,,,,,,,,,,,,,
2007-09-28,3.149500,42891.000000,11.750000,,,,,,,,,,,,,,,,,,,,
2007-09-30,,,,,,0.800000,8.600000,,,,,,,,,,,,,,,,
2007-10-01,3.149700,42774.000000,11.750000,,,,,,,,,,,,,,,,,,,,
2007-10-02,3.147000,42691.000000,11.687500,,,,,,,,,,,,,,,,,,,,
2007-10-03,3.149700,42618.000000,11.687500,,,,,,,,,,,,,,,,,,,,
2007-10-04,3.154500,42501.000000,11.875000,,,,,,,,,,,,,,,,,,,,
2007-10-05,3.155000,42700.000000,12.187500,,,,,,,,,,,,,,,,,,,,
2007-10-08,3.159200,42682.000000,12.125000,,,,,,,,,,,,,,,,,,,,
2007-10-09,3.161000,42609.000000,12.437500,,,,,,,,,,,,,,,,,,,,
2007-10-10,3.161300,42621.000000,12.312500,,,,,,,,,,,,,,,,,,,,
2007-10-11,3.157500,42620.000000,12.500000,,,,,,,,,,,,,,,,,,,,
2007-10-12,3.157000,42518.000000,12.312500,,,,,,,,,,,,,,,,,,,,
2007-10-16,3.162500,42550.000000,12.500000,,,,,,,,,,,,,,,,,,,,
2007-10-17,3.159300,42532.000000,12.562500,,,,,,,,,,,,,,,,,,,,
2007-10-18,3.162800,42611.000000,12.750000,,,,,,,,,,,,,,,,,,,,
2007-10-19,3.164000,42624.000000,13.062500,,,,,,,,,,,,,,,,,,,,
2007-10-22,3.168200,42588.000000,12.437500,,,,,,,,,,,,,,,,,,,,
2007-10-23,3.170800,42976.000000,12.875000,,,,,,,,,,,,,,,,,,,,
2007-10-24,3.177800,42932.000000,12.937500,,,,,,,,,,,,,,,,,,,,
2007-10-25,3.179700,42972.000000,13.125000,,,,,,,,,,,,,,,,,,,,
2007-10-26,3.174300,43032.000000,13.312500,,,,,,,,,,,,,,,,,,,,
2007-10-29,3.161300,42984.000000,13.125000,,,,,,,,,,,,,,,,,,,,
2007-10-30,3.149500,43025.000000,13.500000,,,,,,,,,,,,,,,,,,,,
2007-10-31,3.147700,43000.000000,13.375000,,,0.700000,8.400000,,,,,,,,,,,,,,,,
2007-11-01,3.139500,42987.000000,13.562500,,,,,,,,,,,,,,,,,,,,
2007-11-02,3.131000,43129.000000,13.187500,,,,,,,,,,,,,,,,,,,,
2007-11-05,3.130700,43131.000000,13.500000,,,,,,,,,,,,,,,,,,,,
2007-11-07,3.131300,43268.000000,13.250000,,,,,,,,,,,,,,,,,,,,
2007-11-08,3.124200,43304.000000,13.750000,,,,,,,,,,,,,,,,,,,,
2007-11-09,3.131500,43401.000000,13.937500,,,,,,,,,,,,,,,,,,,,
2007-11-12,3.130300,43416.000000,13.500000,,,,,,,,,,,,,,,,,,,,
2007-11-13,3.134700,43436.000000,13.812500,,,,,,,,,,,,,,,,,,,,
2007-11-14,3.131000,43515.000000,14.062500,,,,,,,,,,,,,,,,,,,,
2007-11-15,3.126800,43481.000000,13.750000,,,,,,,,,,,,,,,,,,,,
2007-11-16,3.128800,43615.000000,13.812500,,,,,,,,,,,,,,,,,,,,
2007-11-19,3.132000,44020.000000,13.875000,,,,,,,,,,,,,,,,,,,,
2007-11-20,3.129000,44180.000000,14.000000,,,,,,,,,,,,,,,,,,,,
2007-11-21,3.137300,44388.000000,13.375000,,,,,,,,,,,,,,,,,,,,
2007-11-22,3.140700,44407.000000,14.000000,,,,,,,,,,,,,,,,,,,,
2007-11-23,3.143800,44440.000000,13.812500,,,,,,,,,,,,,,,,,,,,
2007-11-26,3.143800,44535.000000,13.812500,,,,,,,,,,,,,,,,,,,,
2007-11-27,3.146200,44585.000000,13.812500,,,,,,,,,,,,,,,,,,,,
2007-11-28,3.148200,44618.000000,13.812500,,,,,,,,,,,,,,,,,,,,
2007-11-29,3.149200,44752.000000,13.875000,,,,,,,,,,,,,,,,,,,,
2007-11-30,3.144200,44860.000000,13.812500,,,0.900000,8.500000,,,,,,,,,,,,,,,,
2007-12-03,3.140700,44985.000000,13.437500,,,,,,,,,,,,,,,,,,,,
2007-12-04,3.137200,45121.000000,13.500000,,,,,,,,,,,,,,,,,,,,
2007-12-05,3.131800,45192.000000,13.625000,,,,,,,,,,,,,,,,,,,,
2007-12-06,3.133500,45321.000000,13.812500,,,,,,,,,,,,,,,,,,,,
2007-12-07,3.134300,45511.000000,13.312500,,,,,,,,,,,,,,,,,,,,
2007-12-10,3.139800,45566.000000,13.750000,,,,,,,,,,,,,,,,,,,,
2007-12-11,3.139300,45646.000000,13.750000,,,,,,,,,,,,,,,,,,,,
2007-12-12,3.138800,45721.000000,13.375000,,,,,,,,,,,,,,,,,,,,
2007-12-13,3.140800,45744.000000,13.250000,,,,,,,,,,,,,,,,,,,,
2007-12-14,3.144500,45722.000000,13.687500,,,,,,,,,,,,,,,,,,,,
2007-12-17,3.144700,45727.000000,13.375000,,,,,,,,,,,,,,,,,,,,
2007-12-18,3.138500,45834.000000,13.750000,,,,,,,,,,,,,,,,,,,,
2007-12-19,3.135300,45862.000000,13.375000,,,,,,,,,,,,,,,,,,,,
2007-12-20,3.134500,45905.000000,13.500000,,,,,,,,,,,,,,,,,,,,
2007-12-21,3.137300,46025.000000,13.187500,,,,,,,,,,,,,,,,,,,,
2007-12-26,3.144200,46068.000000,13.500000,,,,,,,,,,,,,,,,,,,,
2007-12-27,3.147500,46095.000000,13.875000,,,,,,,,,,,,,,,,,,,,
2007-12-28,3.151000,46166.000000,13.625000,,,,,,,,,,,,,,,,,,,,
2007-12-31,,,,,,0.900000,8.500000,,,,,,,,,,,,,,,,
2008-01-02,3.147300,46292.000000,13.500000,,,,,,,,,,,,,,,,,,,,
2008-01-03,3.142200,46357.000000,13.500000,,,,,,,,,,,,,,,,,,,,
2008-01-04,3.141500,46362.000000,13.250000,,,,,,,,,,,,,,,,,,,,
2008-01-07,3.137000,46520.000000,13.062500,,,,,,,,,,,,,,,,,,,,
2008-01-08,3.131800,46594.000000,11.750000,,,,,,,,,,,,,,,,,,,,
2008-01-09,3.128700,46564.000000,11.562500,,,,,,,,,,,,,,,,,,,,
2008-01-10,3.128500,46686.000000,11.062500,,,,,,,,,,,,,,,,,,,,
2008-01-11,3.128200,46748.000000,10.187500,,,,,,,,,,,,,,,,,,,,
2008-01-14,3.131200,46934.000000,10.000000,,,,,,,,,,,,,,,,,,,,
2008-01-15,3.140700,46929.000000,9.500000,,,,,,,,,,,,,,,,,,,,
2008-01-16,3.141300,46987.000000,9.375000,,,,,,,,,,,,,,,,,,,,
2008-01-17,3.148000,47042.000000,9.375000,,,,,,,,,,,,,,,,,,,,
2008-01-18,3.152500,47009.000000,9.062500,,,,,,,,,,,,,,,,,,,,
2008-01-21,3.157500,47029.000000,8.937500,,,,,,,,,,,,,,,,,,,,
2008-01-22,3.156800,47076.000000,8.625000,,,,,,,,,,,,,,,,,,,,
2008-01-23,3.157000,47158.000000,9.312500,,,,,,,,,,,,,,,,,,,,
2008-01-24,3.153800,47313.000000,8.937500,,,,,,,,,,,,,,,,,,,,
2008-01-25,3.146500,47341.000000,8.625000,,,,,,,,,,,,,,,,,,,,
2008-01-28,3.150700,47483.000000,8.750000,,,,,,,,,,,,,,,,,,,,
2008-01-29,3.147300,47491.000000,9.250000,,,,,,,,,,,,,,,,,,,,
2008-01-30,3.153000,47540.000000,8.812500,,,,,,,,,,,,,,,,,,,,
2008-01-31,3.155700,47660.000000,8.750000,,,0.900000,8.200000,,,,,,,,,,,,,,,,
2008-02-01,3.152700,47755.000000,8.750000,,,,,,,,,,,,,,,,,,,,
2008-02-04,3.152700,47918.000000,8.750000,,,,,,,,,,,,,,,,,,,,
2008-02-05,3.158800,47903.000000,8.875000,,,,,,,,,,,,,,,,,,,,
2008-02-06,3.168200,48004.000000,8.062500,,,,,,,,,,,,,,,,,,,,
2008-02-07,3.167000,48037.000000,8.500000,,,,,,,,,,,,,,,,,,,,
2008-02-08,3.169500,48090.000000,7.750000,,,,,,,,,,,,,,,,,,,,
2008-02-11,3.167700,48159.000000,8.250000,,,,,,,,,,,,,,,,,,,,
2008-02-12,3.163700,48217.000000,8.312500,,,,,,,,,,,,,,,,,,,,
2008-02-13,3.160800,48261.000000,7.812500,,,,,,,,,,,,,,,,,,,,
2008-02-14,3.154200,48342.000000,8.375000,,,,,,,,,,,,,,,,,,,,
2008-02-15,3.153700,48403.000000,8.000000,,,,,,,,,,,,,,,,,,,,
2008-02-18,3.153500,48407.000000,8.250000,,,,,,,,,,,,,,,,,,,,
2008-02-19,3.153800,48524.000000,8.312500,,,,,,,,,,,,,,,,,,,,
2008-02-20,3.154800,48544.000000,8.062500,,,,,,,,,,,,,,,,,,,,
2008-02-21,3.150500,48688.000000,8.312500,,,,,,,,,,,,,,,,,,,,
2008-02-22,3.152800,48857.000000,8.250000,,,,,,,,,,,,,,,,,,,,
2008-02-25,3.157200,48935.000000,8.187500,,,,,,,,,,,,,,,,,,,,
2008-02-26,3.159500,49034.000000,8.375000,,,,,,,,,,,,,,,,,,,,
2008-02-27,3.157300,49104.000000,8.375000,,,,,,,,,,,,,,,,,,,,
2008-02-28,3.157500,49161.000000,8.375000,,,,,,,,,,,,,,,,,,,,
2008-02-29,3.158700,49261.000000,8.875000,,,0.500000,8.400000,,,,,,,,,,,,,,,,
2008-03-03,3.160800,49338.000000,8.437500,,,,,,,,,,,,,,,,,,,,
2008-03-04,3.155000,49369.000000,8.500000,,,,,,,,,,,,,,,,,,,,
2008-03-05,3.151800,49479.000000,8.625000,,,,,,,,,,,,,,,,,,,,
2008-03-06,3.152500,49506.000000,8.687500,,,,,,,,,,,,,,,,,,,,
2008-03-07,3.153500,49599.000000,8.625000,,,,,,,,,,,,,,,,,,,,
2008-03-10,3.157200,49714.000000,8.500000,,,,,,,,,,,,,,,,,,,,
2008-03-11,3.153000,49814.000000,8.250000,,,,,,,,,,,,,,,,,,,,
2008-03-12,3.152700,50037.000000,8.562500,,,,,,,,,,,,,,,,,,,,
2008-03-13,3.150200,50038.000000,8.500000,,,,,,,,,,,,,,,,,,,,
2008-03-14,3.144800,50067.000000,8.375000,,,,,,,,,,,,,,,,,,,,
2008-03-17,3.150300,50239.000000,8.562500,,,,,,,,,,,,,,,,,,,,
2008-03-18,3.147000,50412.000000,8.500000,,,,,,,,,,,,,,,,,,,,
2008-03-19,3.149700,50391.000000,8.500000,,,,,,,,,,,,,,,,,,,,
2008-03-25,3.161500,50475.000000,8.437500,,,,,,,,,,,,,,,,,,,,
2008-03-26,3.168800,50502.000000,8.500000,,,,,,,,,,,,,,,,,,,,
2008-03-27,3.167200,50517.000000,8.562500,,,,,,,,,,,,,,,,,,,,
2008-03-28,3.163800,50481.000000,8.562500,,,,,,,,,,,,,,,,,,,,
2008-03-31,3.165300,50464.000000,8.312500,,,1.100000,8.800000,,,,,,,,,,,,,,,,
2008-04-01,3.166800,50426.000000,8.625000,,,,,,,,,,,,,,,,,,,,
2008-04-03,3.162500,50456.000000,8.625000,,,,,,,,,,,,,,,,,,,,
2008-04-04,3.162500,50396.000000,8.562500,,,,,,,,,,,,,,,,,,,,
2008-04-07,3.160000,50473.000000,8.625000,,,,,,,,,,,,,,,,,,,,
2008-04-08,3.157800,50388.000000,8.562500,,,,,,,,,,,,,,,,,,,,
2008-04-09,3.158500,50395.000000,8.562500,,,,,,,,,,,,,,,,,,,,
2008-04-10,3.157300,50358.000000,8.375000,,,,,,,,,,,,,,,,,,,,
2008-04-11,3.152000,50391.000000,8.625000,,,,,,,,,,,,,,,,,,,,
2008-04-14,3.152700,50476.000000,8.375000,,,,,,,,,,,,,,,,,,,,
2008-04-15,3.155300,50386.000000,8.375000,,,,,,,,,,,,,,,,,,,,
2008-04-16,3.163300,50415.000000,8.812500,,,,,,,,,,,,,,,,,,,,
2008-04-17,3.169200,50399.000000,8.625000,,,,,,,,,,,,,,,,,,,,
2008-04-18,3.169800,50260.000000,8.625000,,,,,,,,,,,,,,,,,,,,
2008-04-21,3.173200,50262.000000,8.625000,,,,,,,,,,,,,,,,,,,,
2008-04-22,3.184500,50263.000000,8.562500,,,,,,,,,,,,,,,,,,,,
2008-04-23,3.182500,50280.000000,8.687500,,,,,,,,,,,,,,,,,,,,
2008-04-24,3.183300,50275.000000,8.625000,,,,,,,,,,,,,,,,,,,,
2008-04-25,3.181500,50169.000000,9.062500,,,,,,,,,,,,,,,,,,,,
2008-04-28,3.170700,50169.000000,9.062500,,,,,,,,,,,,,,,,,,,,
2008-04-29,3.170500,50152.000000,9.250000,,,,,,,,,,,,,,,,,,,,
2008-04-30,3.163500,50247.000000,9.750000,,,0.800000,8.900000,,,,,,,,,,,,,,,,
2008-05-02,3.168300,50201.000000,10.000000,,,,,,,,,,,,,,,,,,,,
2008-05-05,3.172500,50213.000000,10.000000,,,,,,,,,,,,,,,,,,,,
2008-05-06,3.175800,50202.000000,10.187500,,,,,,,,,,,,,,,,,,,,
2008-05-07,3.180500,50199.000000,10.312500,,,,,,,,,,,,,,,,,,,,
2008-05-08,3.181200,50223.000000,10.812500,,,,,,,,,,,,,,,,,,,,
2008-05-09,3.175200,50175.000000,11.000000,,,,,,,,,,,,,,,,,,,,
2008-05-12,3.177300,50051.000000,11.312500,,,,,,,,,,,,,,,,,,,,
2008-05-13,3.174000,49705.000000,12.562500,,,,,,,,,,,,,,,,,,,,
2008-05-14,3.161500,49400.000000,13.625000,,,,,,,,,,,,,,,,,,,,
2008-05-15,3.160800,49181.000000,14.062500,,,,,,,,,,,,,,,,,,,,
2008-05-16,3.157700,49096.000000,13.687500,,,,,,,,,,,,,,,,,,,,
2008-05-19,3.144300,48958.000000,13.812500,,,,,,,,,,,,,,,,,,,,
2008-05-20,3.143800,48840.000000,13.750000,,,,,,,,,,,,,,,,,,,,
2008-05-21,3.134200,48844.000000,13.937500,,,,,,,,,,,,,,,,,,,,
2008-05-22,3.132700,49021.000000,14.062500,,,,,,,,,,,,,,,,,,,,
2008-05-23,3.135000,49005.000000,14.250000,,,,,,,,,,,,,,,,,,,,
2008-05-26,3.139000,49038.000000,14.375000,,,,,,,,,,,,,,,,,,,,
2008-05-27,3.133500,48822.000000,15.875000,,,,,,,,,,,,,,,,,,,,
2008-05-28,3.117500,48737.000000,16.000000,,,,,,,,,,,,,,,,,,,,
2008-05-29,3.110500,48626.000000,17.062500,,,,,,,,,,,,,,,,,,,,
2008-05-30,3.097800,48588.000000,16.937500,,,,,,,,,,,,,,,,,,,,
2008-05-31,,,,,,0.600000,9.100000,,,,,,,,,,,,,,,,
2008-06-02,3.093200,48514.000000,17.750000,,,,,,,,,,,,,,,,,,,,
2008-06-03,3.072500,48485.000000,18.437500,,,,,,,,,,,,,,,,,,,,
2008-06-04,3.060000,48411.000000,18.125000,,,,,,,,,,,,,,,,,,,,
2008-06-05,3.061200,48369.000000,18.000000,,,,,,,,,,,,,,,,,,,,
2008-06-06,3.056500,48317.000000,18.125000,,,,,,,,,,,,,,,,,,,,
2008-06-09,3.058800,48178.000000,17.437500,,,,,,,,,,,,,,,,,,,,
2008-06-10,3.063500,48068.000000,18.000000,,,,,,,,,,,,,,,,,,,,
2008-06-11,3.061200,48003.000000,17.687500,,,,,,,,,,,,,,,,,,,,
2008-06-12,3.052700,47929.000000,17.437500,,,,,,,,,,,,,,,,,,,,
2008-06-13,3.052300,47709.000000,17.437500,,,,,,,,,,,,,,,,,,,,
2008-06-17,3.034300,47696.000000,17.250000,,,,,,,,,,,,,,,,,,,,
2008-06-18,3.030500,47632.000000,17.187500,,,,,,,,,,,,,,,,,,,,
2008-06-19,3.027200,47644.000000,17.562500,,,,,,,,,,,,,,,,,,,,
2008-06-20,3.024000,47701.000000,17.500000,,,,,,,,,,,,,,,,,,,,
2008-06-23,3.020200,47668.000000,17.125000,,,,,,,,,,,,,,,,,,,,
2008-06-24,3.012800,47680.000000,16.937500,,,,,,,,,,,,,,,,,,,,
2008-06-25,3.015000,47754.000000,16.625000,,,,,,,,,,,,,,,,,,,,
2008-06-26,3.022200,47731.000000,16.750000,,,,,,,,,,,,,,,,,,,,
2008-06-27,3.024700,47598.000000,16.500000,,,,,,,,,,,,,,,,,,,,
2008-06-30,3.024200,47516.000000,16.250000,,,0.600000,9.300000,,,,,,,,,,,,,,,,
2008-07-01,3.024200,47524.000000,16.375000,,,,,,,,,,,,,,,,,,,,
2008-07-02,3.019800,47549.000000,16.437500,,,,,,,,,,,,,,,,,,,,
2008-07-03,3.026700,47518.000000,16.187500,,,,,,,,,,,,,,,,,,,,
2008-07-04,3.028800,47497.000000,16.062500,,,,,,,,,,,,,,,,,,,,
2008-07-07,3.019500,47544.000000,16.187500,,,,,,,,,,,,,,,,,,,,
2008-07-08,3.014300,47531.000000,16.250000,,,,,,,,,,,,,,,,,,,,
2008-07-10,3.015800,47572.000000,16.187500,,,,,,,,,,,,,,,,,,,,
2008-07-11,3.021200,47603.000000,16.000000,,,,,,,,,,,,,,,,,,,,
2008-07-14,3.025500,47633.000000,16.000000,,,,,,,,,,,,,,,,,,,,
2008-07-15,3.022700,47637.000000,15.937500,,,,,,,,,,,,,,,,,,,,
2008-07-16,3.025500,47683.000000,15.562500,,,,,,,,,,,,,,,,,,,,
2008-07-17,3.022000,47676.000000,15.375000,,,,,,,,,,,,,,,,,,,,
2008-07-18,3.023800,47650.000000,14.812500,,,,,,,,,,,,,,,,,,,,
2008-07-21,3.023800,47649.000000,14.375000,,,,,,,,,,,,,,,,,,,,
2008-07-22,3.025200,47627.000000,13.625000,,,,,,,,,,,,,,,,,,,,
2008-07-23,3.022200,47616.000000,12.500000,,,,,,,,,,,,,,,,,,,,
2008-07-24,3.015300,47676.000000,12.062500,,,,,,,,,,,,,,,,,,,,
2008-07-25,3.017300,47650.000000,12.375000,,,,,,,,,,,,,,,,,,,,
2008-07-28,3.018500,47644.000000,12.312500,,,,,,,,,,,,,,,,,,,,
2008-07-29,3.023200,47670.000000,12.437500,,,,,,,,,,,,,,,,,,,,
2008-07-30,3.025800,47588.000000,12.500000,,,,,,,,,,,,,,,,,,,,
2008-07-31,3.030500,47545.000000,12.687500,,,0.400000,9.100000,,,,,,,,,,,,,,,,
2008-08-01,3.040000,47692.000000,12.500000,,,,,,,,,,,,,,,,,,,,
2008-08-04,3.037800,47651.000000,12.500000,,,,,,,,,,,,,,,,,,,,
2008-08-05,3.039500,47615.000000,12.062500,,,,,,,,,,,,,,,,,,,,
2008-08-06,3.043200,47595.000000,12.625000,,,,,,,,,,,,,,,,,,,,
2008-08-07,3.046200,47535.000000,12.500000,,,,,,,,,,,,,,,,,,,,
2008-08-08,3.052200,47461.000000,12.312500,,,,,,,,,,,,,,,,,,,,
2008-08-11,3.043500,47415.000000,12.500000,,,,,,,,,,,,,,,,,,,,
2008-08-12,3.033800,47423.000000,12.312500,,,,,,,,,,,,,,,,,,,,
2008-08-13,3.035300,47452.000000,12.250000,,,,,,,,,,,,,,,,,,,,
2008-08-14,3.028500,47364.000000,12.312500,,,,,,,,,,,,,,,,,,,,
2008-08-15,3.028500,46978.000000,12.125000,,,,,,,,,,,,,,,,,,,,
2008-08-19,3.029000,47079.000000,12.062500,,,,,,,,,,,,,,,,,,,,
2008-08-20,3.027000,47165.000000,12.312500,,,,,,,,,,,,,,,,,,,,
2008-08-21,3.025300,47252.000000,12.375000,,,,,,,,,,,,,,,,,,,,
2008-08-22,3.022800,47204.000000,12.000000,,,,,,,,,,,,,,,,,,,,
2008-08-25,3.023800,47180.000000,12.125000,,,,,,,,,,,,,,,,,,,,
2008-08-26,3.026000,47114.000000,11.750000,,,,,,,,,,,,,,,,,,,,
2008-08-27,3.027800,47097.000000,12.312500,,,,,,,,,,,,,,,,,,,,
2008-08-28,3.026500,47122.000000,12.062500,,,,,,,,,,,,,,,,,,,,
2008-08-29,3.028800,47090.000000,12.187500,,,,,,,,,,,,,,,,,,,,
2008-08-31,,,,,,0.500000,9.000000,,,,,,,,,,,,,,,,
2008-09-01,3.030500,47081.000000,12.187500,,,,,,,,,,,,,,,,,,,,
2008-09-02,3.031700,47088.000000,12.187500,,,,,,,,,,,,,,,,,,,,
2008-09-03,3.046200,47035.000000,12.000000,,,,,,,,,,,,,,,,,,,,
2008-09-04,3.039200,46974.000000,12.125000,,,,,,,,,,,,,,,,,,,,
2008-09-05,3.038800,47068.000000,12.187500,,,,,,,,,,,,,,,,,,,,
2008-09-08,3.041500,47001.000000,11.937500,,,,,,,,,,,,,,,,,,,,
2008-09-09,3.054800,47096.000000,12.062500,,,,,,,,,,,,,,,,,,,,
2008-09-10,3.068000,47062.000000,12.062500,,,,,,,,,,,,,,,,,,,,
2008-09-11,3.086700,46963.000000,11.875000,,,,,,,,,,,,,,,,,,,,
2008-09-12,3.080200,46964.000000,11.937500,,,,,,,,,,,,,,,,,,,,
2008-09-15,3.087700,47053.000000,12.000000,,,,,,,,,,,,,,,,,,,,
2008-09-16,3.094500,47001.000000,12.000000,,,,,,,,,,,,,,,,,,,,
2008-09-17,3.099700,47085.000000,12.187500,,,,,,,,,,,,,,,,,,,,
2008-09-18,3.113000,47070.000000,12.375000,,,,,,,,,,,,,,,,,,,,
2008-09-19,3.105800,47106.000000,12.187500,,,,,,,,,,,,,,,,,,,,
2008-09-22,3.113500,47099.000000,12.312500,,,,,,,,,,,,,,,,,,,,
2008-09-23,3.102700,47157.000000,12.250000,,,,,,,,,,,,,,,,,,,,
2008-09-24,3.102200,47040.000000,12.437500,,,,,,,,,,,,,,,,,,,,
2008-09-25,3.109500,47199.000000,12.125000,,,,,,,,,,,,,,,,,,,,
2008-09-26,3.115800,47171.000000,12.500000,,,,,,,,,,,,,,,,,,,,
2008-09-29,3.119800,47115.000000,12.625000,,,,,,,,,,,,,,,,,,,,
2008-09-30,3.130200,47121.000000,12.562500,,,0.500000,8.700000,,,,,,,,,,,,,,,,
2008-10-01,3.135000,47152.000000,12.625000,,,,,,,,,,,,,,,,,,,,
2008-10-02,3.139500,47126.000000,12.875000,,,,,,,,,,,,,,,,,,,,
2008-10-03,3.161500,47064.000000,12.750000,,,,,,,,,,,,,,,,,,,,
2008-10-06,3.195000,47019.000000,13.250000,,,,,,,,,,,,,,,,,,,,
2008-10-07,3.211500,46994.000000,13.562500,,,,,,,,,,,,,,,,,,,,
2008-10-08,3.222200,47035.000000,13.625000,,,,,,,,,,,,,,,,,,,,
2008-10-09,3.226800,46973.000000,14.812500,,,,,,,,,,,,,,,,,,,,
2008-10-10,3.255200,46528.000000,15.687500,,,,,,,,,,,,,,,,,,,,
2008-10-14,3.206200,46765.000000,16.687500,,,,,,,,,,,,,,,,,,,,
2008-10-15,3.201300,46980.000000,16.625000,,,,,,,,,,,,,,,,,,,,
2008-10-16,3.203700,46922.000000,17.000000,,,,,,,,,,,,,,,,,,,,
2008-10-17,3.207000,46859.000000,17.500000,,,,,,,,,,,,,,,,,,,,
2008-10-20,3.217800,46787.000000,17.250000,,,,,,,,,,,,,,,,,,,,
2008-10-21,3.223500,46773.000000,17.250000,,,,,,,,,,,,,,,,,,,,
2008-10-22,3.216300,46708.000000,17.687500,,,,,,,,,,,,,,,,,,,,
2008-10-23,3.242500,46708.000000,17.687500,,,,,,,,,,,,,,,,,,,,
2008-10-24,3.264500,46383.000000,18.187500,,,,,,,,,,,,,,,,,,,,
2008-10-27,3.287800,46136.000000,18.187500,,,,,,,,,,,,,,,,,,,,
2008-10-28,3.308800,45815.000000,19.375000,,,,,,,,,,,,,,,,,,,,
2008-10-29,3.379700,45554.000000,20.687500,,,,,,,,,,,,,,,,,,,,
2008-10-30,3.362700,45436.000000,21.625000,,,,,,,,,,,,,,,,,,,,
2008-10-31,3.379000,44941.000000,23.000000,,,0.400000,8.400000,,,,,,,,,,,,,,,,
2008-11-03,3.380000,44973.000000,23.375000,,,,,,,,,,,,,,,,,,,,
2008-11-04,3.368700,45031.000000,24.562500,,,,,,,,,,,,,,,,,,,,
2008-11-05,3.304200,45183.000000,25.250000,,,,,,,,,,,,,,,,,,,,
2008-11-07,3.309300,45189.000000,25.937500,,,,,,,,,,,,,,,,,,,,
2008-11-10,3.303300,45443.000000,25.937500,,,,,,,,,,,,,,,,,,,,
2008-11-11,3.299300,45483.000000,26.125000,,,,,,,,,,,,,,,,,,,,
2008-11-12,3.302000,45526.000000,24.312500,,,,,,,,,,,,,,,,,,,,
2008-11-13,3.308300,45587.000000,22.562500,,,,,,,,,,,,,,,,,,,,
2008-11-14,3.310700,45807.000000,20.125000,,,,,,,,,,,,,,,,,,,,
2008-11-17,3.317700,46000.000000,19.437500,,,,,,,,,,,,,,,,,,,,
2008-11-18,3.317500,45991.000000,18.750000,,,,,,,,,,,,,,,,,,,,
2008-11-19,3.326800,45922.000000,18.625000,,,,,,,,,,,,,,,,,,,,
2008-11-20,3.328200,45970.000000,18.375000,,,,,,,,,,,,,,,,,,,,
2008-11-21,3.332800,46059.000000,18.375000,,,,,,,,,,,,,,,,,,,,
2008-11-24,3.336800,46102.000000,18.125000,,,,,,,,,,,,,,,,,,,,
2008-11-25,3.339000,46115.000000,18.375000,,,,,,,,,,,,,,,,,,,,
2008-11-26,3.345500,46059.000000,18.125000,,,,,,,,,,,,,,,,,,,,
2008-11-27,3.355200,46075.000000,18.062500,,,,,,,,,,,,,,,,,,,,
2008-11-28,3.369000,46072.000000,18.687500,,,,,,,,,,,,,,,,,,,,
2008-11-30,,,,,,0.300000,7.900000,,,,,,,,,,,,,,,,
2008-12-01,3.376300,46066.000000,18.437500,,,,,,,,,,,,,,,,,,,,
2008-12-02,3.392000,46109.000000,18.250000,,,,,,,,,,,,,,,,,,,,
2008-12-03,3.404200,46084.000000,18.187500,,,,,,,,,,,,,,,,,,,,
2008-12-04,3.427700,46090.000000,18.437500,,,,,,,,,,,,,,,,,,,,
2008-12-05,3.448800,46054.000000,18.437500,,,,,,,,,,,,,,,,,,,,
2008-12-09,3.441700,46270.000000,18.625000,,,,,,,,,,,,,,,,,,,,
2008-12-10,3.420200,46239.000000,18.812500,,,,,,,,,,,,,,,,,,,,
2008-12-11,3.413200,46131.000000,18.937500,,,,,,,,,,,,,,,,,,,,
2008-12-12,3.416500,45876.000000,18.937500,,,,,,,,,,,,,,,,,,,,
2008-12-15,3.430700,45906.000000,19.250000,,,,,,,,,,,,,,,,,,,,
2008-12-16,3.418300,45997.000000,19.375000,,,,,,,,,,,,,,,,,,,,
2008-12-17,3.399800,46235.000000,19.687500,,,,,,,,,,,,,,,,,,,,
2008-12-18,3.409000,46242.000000,19.500000,,,,,,,,,,,,,,,,,,,,
2008-12-19,3.406200,46297.000000,19.687500,,,,,,,,,,,,,,,,,,,,
2008-12-22,3.418200,46363.000000,18.750000,,,,,,,,,,,,,,,,,,,,
2008-12-23,3.429200,46389.000000,19.687500,,,,,,,,,,,,,,,,,,,,
2008-12-24,3.436300,46374.000000,19.250000,,,,,,,,,,,,,,,,,,,,
2008-12-26,3.442000,46407.000000,19.562500,,,,,,,,,,,,,,,,,,,,
2008-12-29,3.441500,46577.000000,19.562500,,,,,,,,,,,,,,,,,,,,
2008-12-30,3.449800,46362.000000,19.437500,,,,,,,,,,,,,,,,,,,,
2008-12-31,3.453700,46386.000000,19.750000,,,0.300000,7.200000,,,,,,,,,,,,,,,,
2009-01-02,3.454300,46408.000000,19.187500,,,,,,,,,,,,,,,,,,,,
2009-01-05,3.460300,46273.000000,19.500000,,,,,,,,,,,,,,,,,,,,
2009-01-06,3.450200,46331.000000,19.187500,,,,,,,,,,,,,,,,,,,,
2009-01-07,3.456800,46456.000000,18.687500,,,,,,,,,,,,,,,,,,,,
2009-01-08,3.454700,46567.000000,18.312500,,,,,,,,,,,,,,,,,,,,
2009-01-09,3.449700,46669.000000,17.562500,,,,,,,,,,,,,,,,,,,,
2009-01-12,3.450000,46660.000000,17.125000,,,,,,,,,,,,,,,,,,,,
2009-01-13,3.450500,46755.000000,16.187500,,,,,,,,,,,,,,,,,,,,
2009-01-14,3.451000,46803.000000,16.437500,,,,,,,,,,,,,,,,,,,,
2009-01-15,3.452500,46824.000000,15.125000,,,,,,,,,,,,,,,,,,,,
2009-01-16,3.454800,46967.000000,15.187500,,,,,,,,,,,,,,,,,,,,
2009-01-19,3.457200,46964.000000,14.937500,,,,,,,,,,,,,,,,,,,,
2009-01-20,3.458500,46993.000000,14.125000,,,,,,,,,,,,,,,,,,,,
2009-01-21,3.465300,46951.000000,13.687500,,,,,,,,,,,,,,,,,,,,
2009-01-22,3.473500,47006.000000,14.312500,,,,,,,,,,,,,,,,,,,,
2009-01-23,3.478000,47026.000000,13.312500,,,,,,,,,,,,,,,,,,,,
2009-01-26,3.484200,47048.000000,13.312500,,,,,,,,,,,,,,,,,,,,
2009-01-27,3.482300,47058.000000,12.750000,,,,,,,,,,,,,,,,,,,,
2009-01-28,3.485500,47062.000000,13.000000,,,,,,,,,,,,,,,,,,,,
2009-01-29,3.487500,47105.000000,12.562500,,,,,,,,,,,,,,,,,,,,
2009-01-30,3.487500,47009.000000,13.062500,,,,,,,,,,,,,,,,,,,,
2009-01-31,,,,,,0.500000,6.800000,,,,,,,,,,,,,,,,
2009-02-02,3.488800,47044.000000,12.562500,,,,,,,,,,,,,,,,,,,,
2009-02-03,3.496000,47034.000000,12.625000,,,,,,,,,,,,,,,,,,,,
2009-02-04,3.495700,47029.000000,12.562500,,,,,,,,,,,,,,,,,,,,
2009-02-05,3.487000,47035.000000,12.250000,,,,,,,,,,,,,,,,,,,,
2009-02-06,3.486000,47027.000000,11.875000,,,,,,,,,,,,,,,,,,,,
2009-02-09,3.487700,47041.000000,12.250000,,,,,,,,,,,,,,,,,,,,
2009-02-10,3.488000,47051.000000,12.000000,,,,,,,,,,,,,,,,,,,,
2009-02-11,3.486800,47067.000000,12.062500,,,,,,,,,,,,,,,,,,,,
2009-02-12,3.493000,47122.000000,11.875000,,,,,,,,,,,,,,,,,,,,
2009-02-13,3.493000,47169.000000,12.000000,,,,,,,,,,,,,,,,,,,,
2009-02-16,3.497200,47157.000000,12.000000,,,,,,,,,,,,,,,,,,,,
2009-02-17,3.500200,47036.000000,11.687500,,,,,,,,,,,,,,,,,,,,
2009-02-18,3.507700,47025.000000,11.750000,,,,,,,,,,,,,,,,,,,,
2009-02-19,3.521800,47034.000000,11.687500,,,,,,,,,,,,,,,,,,,,
2009-02-20,3.537800,47047.000000,11.625000,,,,,,,,,,,,,,,,,,,,
2009-02-23,3.544300,47065.000000,11.750000,,,,,,,,,,,,,,,,,,,,
2009-02-24,3.551800,47053.000000,11.625000,,,,,,,,,,,,,,,,,,,,
2009-02-25,3.553000,47049.000000,11.937500,,,,,,,,,,,,,,,,,,,,
2009-02-26,3.555000,46995.000000,11.562500,,,,,,,,,,,,,,,,,,,,
2009-02-27,3.559500,47025.000000,11.812500,,,,,,,,,,,,,,,,,,,,
2009-02-28,,,,,,0.400000,6.800000,,,,,,,,,,,,,,,,
2009-03-02,3.590500,47040.000000,11.625000,,,,,,,,,,,,,,,,,,,,
2009-03-03,3.613800,47024.000000,11.875000,,,,,,,,,,,,,,,,,,,,
2009-03-04,3.614300,47009.000000,12.062500,,,,,,,,,,,,,,,,,,,,
2009-03-05,3.624500,46983.000000,11.875000,,,,,,,,,,,,,,,,,,,,
2009-03-06,3.628300,46964.000000,12.062500,,,,,,,,,,,,,,,,,,,,
2009-03-09,3.637700,46796.000000,12.187500,,,,,,,,,,,,,,,,,,,,
2009-03-10,3.638800,46988.000000,12.187500,,,,,,,,,,,,,,,,,,,,
2009-03-11,3.640000,46960.000000,12.250000,,,,,,,,,,,,,,,,,,,,
2009-03-12,3.647000,46943.000000,12.187500,,,,,,,,,,,,,,,,,,,,
2009-03-13,3.649500,46972.000000,12.312500,,,,,,,,,,,,,,,,,,,,
2009-03-16,3.649700,47004.000000,12.125000,,,,,,,,,,,,,,,,,,,,
2009-03-17,3.646700,46972.000000,12.312500,,,,,,,,,,,,,,,,,,,,
2009-03-18,3.652700,47002.000000,12.500000,,,,,,,,,,,,,,,,,,,,
2009-03-19,3.655500,47055.000000,12.312500,,,,,,,,,,,,,,,,,,,,
2009-03-20,3.654700,47025.000000,12.312500,,,,,,,,,,,,,,,,,,,,
2009-03-23,3.671700,46943.000000,12.437500,,,,,,,,,,,,,,,,,,,,
2009-03-25,3.685800,46952.000000,12.375000,,,,,,,,,,,,,,,,,,,,
2009-03-26,3.691700,46926.000000,12.625000,,,,,,,,,,,,,,,,,,,,
2009-03-27,3.710300,46822.000000,12.750000,,,,,,,,,,,,,,,,,,,,
2009-03-30,3.716700,46514.000000,12.625000,,,,,,,,,,,,,,,,,,,,
2009-03-31,3.713500,46509.000000,12.375000,,,0.600000,6.300000,,,,,,,,,,,,,,,,
2009-04-01,3.718500,46390.000000,12.750000,,,,,,,,,,,,,,,,,,,,
2009-04-03,3.701700,46224.000000,12.812500,,,,,,,,,,,,,,,,,,,,
2009-04-06,3.684800,46106.000000,12.687500,,,,,,,,,,,,,,,,,,,,
2009-04-07,3.673800,46062.000000,12.812500,,,,,,,,,,,,,,,,,,,,
2009-04-08,3.678000,46071.000000,12.812500,,,,,,,,,,,,,,,,,,,,
2009-04-13,3.677700,46270.000000,12.812500,,,,,,,,,,,,,,,,,,,,
2009-04-14,3.682300,46334.000000,12.687500,,,,,,,,,,,,,,,,,,,,
2009-04-15,3.677200,46217.000000,12.812500,,,,,,,,,,,,,,,,,,,,
2009-04-16,3.676000,46352.000000,12.625000,,,,,,,,,,,,,,,,,,,,
2009-04-17,3.679800,46247.000000,12.937500,,,,,,,,,,,,,,,,,,,,
2009-04-20,3.686800,46274.000000,12.750000,,,,,,,,,,,,,,,,,,,,
2009-04-21,3.692500,46269.000000,12.750000,,,,,,,,,,,,,,,,,,,,
2009-04-22,3.696700,46346.000000,12.812500,,,,,,,,,,,,,,,,,,,,
2009-04-23,3.698000,46410.000000,12.625000,,,,,,,,,,,,,,,,,,,,
2009-04-24,3.696700,46405.000000,12.375000,,,,,,,,,,,,,,,,,,,,
2009-04-27,3.701200,46425.000000,12.937500,,,,,,,,,,,,,,,,,,,,
2009-04-28,3.711800,46459.000000,12.812500,,,,,,,,,,,,,,,,,,,,
2009-04-29,3.720800,46392.000000,12.750000,,,,,,,,,,,,,,,,,,,,
2009-04-30,3.719800,46368.000000,12.750000,,,0.300000,5.700000,,,,,,,,,,,,,,,,
2009-05-04,3.692800,46472.000000,12.687500,,,,,,,,,,,,,,,,,,,,
2009-05-05,3.694500,46445.000000,12.812500,,,,,,,,,,,,,,,,,,,,
2009-05-06,3.702200,46446.000000,12.750000,,,,,,,,,,,,,,,,,,,,
2009-05-07,3.715200,46492.000000,12.750000,,,,,,,,,,,,,,,,,,,,
2009-05-08,3.719800,46503.000000,12.937500,,,,,,,,,,,,,,,,,,,,
2009-05-11,3.718700,46462.000000,12.562500,,,,,,,,,,,,,,,,,,,,
2009-05-12,3.720000,46483.000000,12.687500,,,,,,,,,,,,,,,,,,,,
2009-05-13,3.722500,46555.000000,12.875000,,,,,,,,,,,,,,,,,,,,
2009-05-14,3.726300,46612.000000,12.750000,,,,,,,,,,,,,,,,,,,,
2009-05-15,3.729000,46516.000000,12.875000,,,,,,,,,,,,,,,,,,,,
2009-05-18,3.728800,46533.000000,13.000000,,,,,,,,,,,,,,,,,,,,
2009-05-19,3.726800,46661.000000,12.937500,,,,,,,,,,,,,,,,,,,,
2009-05-20,3.730000,46720.000000,12.750000,,,,,,,,,,,,,,,,,,,,
2009-05-21,3.734800,46742.000000,12.687500,,,,,,,,,,,,,,,,,,,,
2009-05-22,3.737800,46730.000000,12.875000,,,,,,,,,,,,,,,,,,,,
2009-05-26,3.739800,46725.000000,12.812500,,,,,,,,,,,,,,,,,,,,
2009-05-27,3.739200,46656.000000,12.937500,,,,,,,,,,,,,,,,,,,,
2009-05-28,3.740300,46524.000000,12.875000,,,,,,,,,,,,,,,,,,,,
2009-05-29,3.746500,46545.000000,12.937500,,,,,,,,,,,,,,,,,,,,
2009-05-31,,,,,,0.300000,5.500000,,,,,,,,,,,,,,,,
2009-06-01,3.746800,46502.000000,13.000000,,,,,,,,,,,,,,,,,,,,
2009-06-02,3.743200,46484.000000,12.875000,,,,,,,,,,,,,,,,,,,,
2009-06-03,3.742700,46485.000000,12.812500,,,,,,,,,,,,,,,,,,,,
2009-06-04,3.743200,46487.000000,12.937500,,,,,,,,,,,,,,,,,,,,
2009-06-05,3.747300,46351.000000,12.937500,,,,,,,,,,,,,,,,,,,,
2009-06-08,3.757000,46339.000000,12.937500,,,,,,,,,,,,,,,,,,,,
2009-06-09,3.759500,46406.000000,12.937500,,,,,,,,,,,,,,,,,,,,
2009-06-10,3.758700,46411.000000,12.875000,,,,,,,,,,,,,,,,,,,,
2009-06-11,3.761500,46600.000000,12.875000,,,,,,,,,,,,,,,,,,,,
2009-06-12,3.763000,46485.000000,12.875000,,,,,,,,,,,,,,,,,,,,
2009-06-16,3.767200,46469.000000,13.000000,,,,,,,,,,,,,,,,,,,,
2009-06-17,3.766700,46398.000000,12.937500,,,,,,,,,,,,,,,,,,,,
2009-06-18,3.767800,46492.000000,12.937500,,,,,,,,,,,,,,,,,,,,
2009-06-19,3.770800,46489.000000,13.000000,,,,,,,,,,,,,,,,,,,,
2009-06-22,3.779200,46435.000000,12.937500,,,,,,,,,,,,,,,,,,,,
2009-06-23,3.785700,46436.000000,12.875000,,,,,,,,,,,,,,,,,,,,
2009-06-24,3.789300,46365.000000,13.187500,,,,,,,,,,,,,,,,,,,,
2009-06-25,3.795500,46292.000000,12.875000,,,,,,,,,,,,,,,,,,,,
2009-06-26,3.800800,46167.000000,13.062500,,,,,,,,,,,,,,,,,,,,
2009-06-29,3.789700,45966.000000,12.937500,,,,,,,,,,,,,,,,,,,,
2009-06-30,3.795200,46026.000000,12.937500,,,0.400000,5.300000,,,,,,,,,,,,,,,,
2009-07-01,3.798300,46035.000000,12.937500,,,,,,,,,,,,,,,,,,,,
2009-07-02,3.799800,45833.000000,12.937500,,,,,,,,,,,,,,,,,,,,
2009-07-03,3.801500,45934.000000,12.937500,,,,,,,,,,,,,,,,,,,,
2009-07-06,3.805500,45966.000000,12.937500,,,,,,,,,,,,,,,,,,,,
2009-07-07,3.804000,45972.000000,13.000000,,,,,,,,,,,,,,,,,,,,
2009-07-08,3.809000,45772.000000,12.875000,,,,,,,,,,,,,,,,,,,,
2009-07-13,3.811000,45978.000000,13.000000,,,,,,,,,,,,,,,,,,,,
2009-07-14,3.807000,45979.000000,13.062500,,,,,,,,,,,,,,,,,,,,
2009-07-15,3.806200,45983.000000,12.937500,,,,,,,,,,,,,,,,,,,,
2009-07-16,3.807700,46019.000000,13.062500,,,,,,,,,,,,,,,,,,,,
2009-07-17,3.807500,46068.000000,13.062500,,,,,,,,,,,,,,,,,,,,
2009-07-20,3.807800,46137.000000,12.812500,,,,,,,,,,,,,,,,,,,,
2009-07-21,3.808300,46123.000000,13.000000,,,,,,,,,,,,,,,,,,,,
2009-07-22,3.807800,46092.000000,13.000000,,,,,,,,,,,,,,,,,,,,
2009-07-23,3.808800,46144.000000,13.187500,,,,,,,,,,,,,,,,,,,,
2009-07-24,3.809000,46109.000000,13.062500,,,,,,,,,,,,,,,,,,,,
2009-07-27,3.810300,46126.000000,13.125000,,,,,,,,,,,,,,,,,,,,
2009-07-28,3.813200,46071.000000,13.187500,,,,,,,,,,,,,,,,,,,,
2009-07-29,3.820700,46066.000000,13.312500,,,,,,,,,,,,,,,,,,,,
2009-07-30,3.830500,46023.000000,13.187500,,,,,,,,,,,,,,,,,,,,
2009-07-31,3.830500,46047.000000,13.187500,,,0.600000,5.500000,,,,,,,,,,,,,,,,
2009-08-03,3.827200,44685.000000,13.125000,,,,,,,,,,,,,,,,,,,,
2009-08-04,3.822300,44547.000000,13.000000,,,,,,,,,,,,,,,,,,,,
2009-08-05,3.824500,44592.000000,13.125000,,,,,,,,,,,,,,,,,,,,
2009-08-06,3.824700,44492.000000,12.937500,,,,,,,,,,,,,,,,,,,,
2009-08-07,3.826000,44496.000000,13.000000,,,,,,,,,,,,,,,,,,,,
2009-08-10,3.827700,44562.000000,12.937500,,,,,,,,,,,,,,,,,,,,
2009-08-11,3.830300,44597.000000,12.875000,,,,,,,,,,,,,,,,,,,,
2009-08-12,3.832500,44653.000000,12.687500,,,,,,,,,,,,,,,,,,,,
2009-08-13,3.835800,44809.000000,12.687500,,,,,,,,,,,,,,,,,,,,
2009-08-14,3.839800,44795.000000,12.687500,,,,,,,,,,,,,,,,,,,,
2009-08-18,3.844500,44738.000000,12.687500,,,,,,,,,,,,,,,,,,,,
2009-08-19,3.847800,44794.000000,12.562500,,,,,,,,,,,,,,,,,,,,
2009-08-20,3.849200,44794.000000,12.687500,,,,,,,,,,,,,,,,,,,,
2009-08-21,3.850300,44905.000000,12.500000,,,,,,,,,,,,,,,,,,,,
2009-08-24,3.850800,44931.000000,12.437500,,,,,,,,,,,,,,,,,,,,
2009-08-25,3.851200,44909.000000,12.687500,,,,,,,,,,,,,,,,,,,,
2009-08-26,3.849800,44884.000000,12.562500,,,,,,,,,,,,,,,,,,,,
2009-08-27,3.848800,44907.000000,12.562500,,,,,,,,,,,,,,,,,,,,
2009-08-28,3.847800,44994.000000,12.312500,,,,,,,,,,,,,,,,,,,,
2009-08-31,3.852500,45021.000000,12.500000,,,0.800000,5.900000,,,,,,,,,,,,,,,,
2009-09-01,3.847000,45047.000000,12.312500,,,,,,,,,,,,,,,,,,,,
2009-09-02,3.845500,45061.000000,12.437500,,,,,,,,,,,,,,,,,,,,
2009-09-03,3.846200,45075.000000,12.125000,,,,,,,,,,,,,,,,,,,,
2009-09-04,3.846800,45130.000000,12.437500,,,,,,,,,,,,,,,,,,,,
2009-09-07,3.849000,45130.000000,12.250000,,,,,,,,,,,,,,,,,,,,
2009-09-08,3.849700,45091.000000,12.312500,,,,,,,,,,,,,,,,,,,,
2009-09-09,3.853300,45193.000000,12.187500,,,,,,,,,,,,,,,,,,,,
2009-09-10,3.854200,45187.000000,12.125000,,,,,,,,,,,,,,,,,,,,
2009-09-11,3.854500,45134.000000,12.250000,,,,,,,,,,,,,,,,,,,,
2009-09-14,3.852300,45112.000000,12.125000,,,,,,,,,,,,,,,,,,,,
2009-09-15,3.832200,45132.000000,12.250000,,,,,,,,,,,,,,,,,,,,
2009-09-16,3.827500,45189.000000,12.500000,,,,,,,,,,,,,,,,,,,,
2009-09-17,3.829200,45151.000000,12.500000,,,,,,,,,,,,,,,,,,,,
2009-09-18,3.836000,45175.000000,12.312500,,,,,,,,,,,,,,,,,,,,
2009-09-21,3.837800,45207.000000,12.187500,,,,,,,,,,,,,,,,,,,,
2009-09-22,3.833800,45312.000000,12.125000,,,,,,,,,,,,,,,,,,,,
2009-09-23,3.837700,45290.000000,12.250000,,,,,,,,,,,,,,,,,,,,
2009-09-24,3.835200,45384.000000,12.062500,,,,,,,,,,,,,,,,,,,,
2009-09-25,3.838500,45322.000000,12.187500,,,,,,,,,,,,,,,,,,,,
2009-09-28,3.839800,45282.000000,11.812500,,,,,,,,,,,,,,,,,,,,
2009-09-29,3.843200,45309.000000,12.125000,,,,,,,,,,,,,,,,,,,,
2009-09-30,3.842700,45348.000000,12.187500,,,0.700000,6.200000,,,,,,,,,,,,,,,,
2009-10-01,3.841700,45351.000000,12.062500,,,,,,,,,,,,,,,,,,,,
2009-10-02,3.845200,45396.000000,12.187500,,,,,,,,,,,,,,,,,,,,
2009-10-05,3.840500,45307.000000,12.000000,,,,,,,,,,,,,,,,,,,,
2009-10-06,3.834500,45421.000000,12.062500,,,,,,,,,,,,,,,,,,,,
2009-10-07,3.834300,45463.000000,12.000000,,,,,,,,,,,,,,,,,,,,
2009-10-08,3.833300,45532.000000,11.750000,,,,,,,,,,,,,,,,,,,,
2009-10-09,3.829800,45455.000000,12.125000,,,,,,,,,,,,,,,,,,,,
2009-10-13,3.824000,45575.000000,11.812500,,,,,,,,,,,,,,,,,,,,
2009-10-14,3.822200,45591.000000,12.000000,,,,,,,,,,,,,,,,,,,,
2009-10-15,3.820000,45583.000000,11.875000,,,,,,,,,,,,,,,,,,,,
2009-10-16,3.819300,45618.000000,11.937500,,,,,,,,,,,,,,,,,,,,
2009-10-19,3.821200,45688.000000,11.750000,,,,,,,,,,,,,,,,,,,,
2009-10-20,3.821000,45858.000000,11.750000,,,,,,,,,,,,,,,,,,,,
2009-10-21,3.820300,45947.000000,11.625000,,,,,,,,,,,,,,,,,,,,
2009-10-22,3.822000,46050.000000,11.625000,,,,,,,,,,,,,,,,,,,,
2009-10-23,3.820200,46048.000000,11.562500,,,,,,,,,,,,,,,,,,,,
2009-10-26,3.819800,46104.000000,11.562500,,,,,,,,,,,,,,,,,,,,
2009-10-27,3.820800,46181.000000,11.625000,,,,,,,,,,,,,,,,,,,,
2009-10-28,3.820500,46208.000000,11.250000,,,,,,,,,,,,,,,,,,,,
2009-10-29,3.820800,46305.000000,11.625000,,,,,,,,,,,,,,,,,,,,
2009-10-30,3.819000,46277.000000,11.375000,,,,,,,,,,,,,,,,,,,,
2009-10-31,,,,,,0.800000,6.500000,,,,,,,,,,,,,,,,
2009-11-02,3.819200,46346.000000,11.375000,,,,,,,,,,,,,,,,,,,,
2009-11-03,3.819200,46406.000000,11.250000,,,,,,,,,,,,,,,,,,,,
2009-11-04,3.817200,46480.000000,11.187500,,,,,,,,,,,,,,,,,,,,
2009-11-05,3.817500,46596.000000,11.000000,,,,,,,,,,,,,,,,,,,,
2009-11-09,3.816500,46781.000000,11.125000,,,,,,,,,,,,,,,,,,,,
2009-11-10,3.815500,46875.000000,10.875000,,,,,,,,,,,,,,,,,,,,
2009-11-11,3.813500,46878.000000,10.812500,,,,,,,,,,,,,,,,,,,,
2009-11-12,3.812300,46610.000000,10.750000,,,,,,,,,,,,,,,,,,,,
2009-11-13,3.814200,46692.000000,10.812500,,,,,,,,,,,,,,,,,,,,
2009-11-16,3.814500,46661.000000,10.750000,,,,,,,,,,,,,,,,,,,,
2009-11-17,3.815500,46761.000000,10.687500,,,,,,,,,,,,,,,,,,,,
2009-11-18,3.812200,46739.000000,10.750000,,,,,,,,,,,,,,,,,,,,
2009-11-19,3.805200,46782.000000,10.500000,,,,,,,,,,,,,,,,,,,,
2009-11-20,3.801300,47011.000000,10.437500,,,,,,,,,,,,,,,,,,,,
2009-11-23,3.798800,47176.000000,10.250000,,,,,,,,,,,,,,,,,,,,
2009-11-24,3.799500,47141.000000,10.375000,,,,,,,,,,,,,,,,,,,,
2009-11-25,3.803300,47177.000000,10.187500,,,,,,,,,,,,,,,,,,,,
2009-11-26,3.805200,47232.000000,10.187500,,,,,,,,,,,,,,,,,,,,
2009-11-27,3.808200,47081.000000,9.937500,,,,,,,,,,,,,,,,,,,,
2009-11-30,3.810200,47072.000000,10.062500,,,0.800000,7.100000,,,,,,,,,,,,,,,,
2009-12-01,3.810800,47132.000000,10.000000,,,,,,,,,,,,,,,,,,,,
2009-12-02,3.812300,47341.000000,9.937500,,,,,,,,,,,,,,,,,,,,
2009-12-03,3.810700,47307.000000,9.812500,,,,,,,,,,,,,,,,,,,,
2009-12-04,3.807200,47218.000000,9.562500,,,,,,,,,,,,,,,,,,,,
2009-12-07,3.806500,47292.000000,9.750000,,,,,,,,,,,,,,,,,,,,
2009-12-09,3.800800,47354.000000,9.812500,,,,,,,,,,,,,,,,,,,,
2009-12-10,3.801500,47446.000000,9.562500,,,,,,,,,,,,,,,,,,,,
2009-12-11,3.800200,47555.000000,9.937500,,,,,,,,,,,,,,,,,,,,
2009-12-14,3.806800,47582.000000,9.687500,,,,,,,,,,,,,,,,,,,,
2009-12-15,3.815300,47717.000000,9.750000,,,,,,,,,,,,,,,,,,,,
2009-12-16,3.810800,47982.000000,9.687500,,,,,,,,,,,,,,,,,,,,
2009-12-17,3.813000,47888.000000,9.937500,,,,,,,,,,,,,,,,,,,,
2009-12-18,3.820500,47946.000000,9.625000,,,,,,,,,,,,,,,,,,,,
2009-12-21,3.812700,47922.000000,9.875000,,,,,,,,,,,,,,,,,,,,
2009-12-22,3.806300,48102.000000,9.812500,,,,,,,,,,,,,,,,,,,,
2009-12-23,3.795700,48156.000000,9.687500,,,,,,,,,,,,,,,,,,,,
2009-12-24,3.793700,48123.000000,9.937500,,,,,,,,,,,,,,,,,,,,
2009-12-28,3.792000,48184.000000,10.000000,,,,,,,,,,,,,,,,,,,,
2009-12-29,3.815700,48088.000000,9.875000,,,,,,,,,,,,,,,,,,,,
2009-12-30,3.818200,47815.000000,9.875000,,,,,,,,,,,,,,,,,,,,
2009-12-31,3.796700,47967.000000,10.000000,,,0.900000,7.700000,,,,,,,,,,,,,,,,
2010-01-04,3.797500,48068.000000,9.875000,,,,,,,,,,,,,,,,,,,,
2010-01-05,3.797800,47974.000000,9.812500,,,,,,,,,,,,,,,,,,,,
2010-01-06,3.810500,48092.000000,10.000000,,,,,,,,,,,,,,,,,,,,
2010-01-07,3.803000,48100.000000,10.125000,,,,,,,,,,,,,,,,,,,,
2010-01-08,3.801300,48085.000000,9.812500,,,,,,,,,,,,,,,,,,,,
2010-01-11,3.796800,48192.000000,9.812500,,,,,,,,,,,,,,,,,,,,
2010-01-12,3.794200,48146.000000,9.937500,,,,,,,,,,,,,,,,,,,,
2010-01-13,3.797000,48140.000000,10.000000,,,,,,,,,,,,,,,,,,,,
2010-01-14,3.796500,48303.000000,9.937500,,,,,,,,,,,,,,,,,,,,
2010-01-15,3.798800,48015.000000,9.687500,,,,,,,,,,,,,,,,,,,,
2010-01-18,3.797500,48108.000000,9.750000,,,,,,,,,,,,,,,,,,,,
2010-01-19,3.800800,48141.000000,10.062500,,,,,,,,,,,,,,,,,,,,
2010-01-20,3.801300,48067.000000,9.875000,,,,,,,,,,,,,,,,,,,,
2010-01-21,3.806200,48114.000000,9.875000,,,,,,,,,,,,,,,,,,,,
2010-01-22,3.811000,48277.000000,9.875000,,,,,,,,,,,,,,,,,,,,
2010-01-25,3.805800,48317.000000,9.875000,,,,,,,,,,,,,,,,,,,,
2010-01-26,3.809800,48201.000000,9.750000,,,,,,,,,,,,,,,,,,,,
2010-01-27,3.817000,48161.000000,9.687500,,,,,,,,,,,,,,,,,,,,
2010-01-28,3.817300,48064.000000,9.750000,,,,,,,,,,,,,,,,,,,,
2010-01-29,3.823000,48129.000000,9.750000,,,,,,,,,,,,,,,,,,,,
2010-01-31,,,,,,1.000000,8.200000,,,,,,,,,,,,,,,,
2010-02-01,3.840700,48059.000000,9.750000,,,,,,,,,,,,,,,,,,,,
2010-02-02,3.831000,48031.000000,9.437500,,,,,,,,,,,,,,,,,,,,
2010-02-03,3.833200,48154.000000,9.687500,,,,,,,,,,,,,,,,,,,,
2010-02-04,3.841000,47987.000000,9.625000,,,,,,,,,,,,,,,,,,,,
2010-02-05,3.844700,48051.000000,9.750000,,,,,,,,,,,,,,,,,,,,
2010-02-08,3.840700,47892.000000,9.750000,,,,,,,,,,,,,,,,,,,,
2010-02-09,3.842700,48034.000000,9.562500,,,,,,,,,,,,,,,,,,,,
2010-02-10,3.845800,48062.000000,9.500000,,,,,,,,,,,,,,,,,,,,
2010-02-11,3.850200,48034.000000,9.500000,,,,,,,,,,,,,,,,,,,,
2010-02-12,3.853700,48037.000000,9.562500,,,,,,,,,,,,,,,,,,,,
2010-02-15,3.857700,48048.000000,9.562500,,,,,,,,,,,,,,,,,,,,
2010-02-16,3.861200,48016.000000,9.437500,,,,,,,,,,,,,,,,,,,,
2010-02-17,3.855700,48019.000000,9.437500,,,,,,,,,,,,,,,,,,,,
2010-02-18,3.858200,47939.000000,9.562500,,,,,,,,,,,,,,,,,,,,
2010-02-19,3.858700,47951.000000,9.062500,,,,,,,,,,,,,,,,,,,,
2010-02-22,3.860800,47905.000000,9.562500,,,,,,,,,,,,,,,,,,,,
2010-02-23,3.867700,47801.000000,9.625000,,,,,,,,,,,,,,,,,,,,
2010-02-24,3.859500,47773.000000,9.437500,,,,,,,,,,,,,,,,,,,,
2010-02-25,3.861700,47698.000000,9.437500,,,,,,,,,,,,,,,,,,,,
2010-02-26,3.859800,47758.000000,9.500000,,,,,,,,,,,,,,,,,,,,
2010-02-28,,,,,,1.200000,9.100000,,,,,,,,,,,,,,,,
2010-03-01,3.859700,47716.000000,9.562500,,,,,,,,,,,,,,,,,,,,
2010-03-02,3.857800,47714.000000,9.562500,,,,,,,,,,,,,,,,,,,,
2010-03-03,3.854300,47699.000000,9.500000,,,,,,,,,,,,,,,,,,,,
2010-03-04,3.856300,47727.000000,9.312500,,,,,,,,,,,,,,,,,,,,
2010-03-05,3.857300,47709.000000,9.437500,,,,,,,,,,,,,,,,,,,,
2010-03-08,3.859500,47659.000000,9.500000,,,,,,,,,,,,,,,,,,,,
2010-03-09,3.861800,47670.000000,9.312500,,,,,,,,,,,,,,,,,,,,
2010-03-10,3.861500,47632.000000,9.625000,,,,,,,,,,,,,,,,,,,,
2010-03-11,3.858800,47727.000000,9.437500,,,,,,,,,,,,,,,,,,,,
2010-03-12,3.859700,47834.000000,9.437500,,,,,,,,,,,,,,,,,,,,
2010-03-15,3.861800,47753.000000,9.625000,,,,,,,,,,,,,,,,,,,,
2010-03-16,3.862800,47835.000000,9.500000,,,,,,,,,,,,,,,,,,,,
2010-03-17,3.861300,47837.000000,9.437500,,,,,,,,,,,,,,,,,,,,
2010-03-18,3.862200,47823.000000,9.312500,,,,,,,,,,,,,,,,,,,,
2010-03-19,3.862800,47661.000000,9.250000,,,,,,,,,,,,,,,,,,,,
2010-03-22,3.863800,47612.000000,9.375000,,,,,,,,,,,,,,,,,,,,
2010-03-23,3.863500,47602.000000,9.375000,,,,,,,,,,,,,,,,,,,,
2010-03-25,3.865800,47589.000000,9.375000,,,,,,,,,,,,,,,,,,,,
2010-03-26,3.867200,47622.000000,9.375000,,,,,,,,,,,,,,,,,,,,
2010-03-29,3.871300,47589.000000,9.375000,,,,,,,,,,,,,,,,,,,,
2010-03-30,3.874800,47415.000000,9.437500,,,,,,,,,,,,,,,,,,,,
2010-03-31,3.876300,47460.000000,9.375000,,,1.100000,9.700000,,,,,,,,,,,,,,,,
2010-04-05,3.876800,47472.000000,9.250000,,,,,,,,,,,,,,,,,,,,
2010-04-06,3.878800,47975.000000,9.250000,,,,,,,,,,,,,,,,,,,,
2010-04-07,3.879800,47366.000000,9.375000,,,,,,,,,,,,,,,,,,,,
2010-04-08,3.875800,47300.000000,9.250000,,,,,,,,,,,,,,,,,,,,
2010-04-09,3.874500,47265.000000,9.312500,,,,,,,,,,,,,,,,,,,,
2010-04-12,3.877500,47359.000000,9.250000,,,,,,,,,,,,,,,,,,,,
2010-04-13,3.880800,47474.000000,9.375000,,,,,,,,,,,,,,,,,,,,
2010-04-14,3.879000,47476.000000,9.250000,,,,,,,,,,,,,,,,,,,,
2010-04-15,3.874800,47383.000000,9.375000,,,,,,,,,,,,,,,,,,,,
2010-04-16,3.871700,47314.000000,9.250000,,,,,,,,,,,,,,,,,,,,
2010-04-19,3.868200,47457.000000,9.375000,,,,,,,,,,,,,,,,,,,,
2010-04-20,3.871500,47571.000000,9.312500,,,,,,,,,,,,,,,,,,,,
2010-04-21,3.871700,47643.000000,9.187500,,,,,,,,,,,,,,,,,,,,
2010-04-22,3.871300,47685.000000,9.187500,,,,,,,,,,,,,,,,,,,,
2010-04-23,3.872200,47692.000000,8.937500,,,,,,,,,,,,,,,,,,,,
2010-04-26,3.872200,47825.000000,9.187500,,,,,,,,,,,,,,,,,,,,
2010-04-27,3.876500,47893.000000,9.250000,,,,,,,,,,,,,,,,,,,,
2010-04-28,3.880300,47924.000000,9.250000,,,,,,,,,,,,,,,,,,,,
2010-04-29,3.881800,48032.000000,9.187500,,,,,,,,,,,,,,,,,,,,
2010-04-30,3.886200,48067.000000,9.250000,,,0.800000,10.200000,,,,,,,,,,,,,,,,
2010-05-03,3.886000,48058.000000,9.250000,,,,,,,,,,,,,,,,,,,,
2010-05-04,3.889800,48033.000000,9.312500,,,,,,,,,,,,,,,,,,,,
2010-05-05,3.901000,47925.000000,8.812500,,,,,,,,,,,,,,,,,,,,
2010-05-06,3.897500,47906.000000,9.125000,,,,,,,,,,,,,,,,,,,,
2010-05-07,3.895200,48131.000000,9.250000,,,,,,,,,,,,,,,,,,,,
2010-05-10,3.894700,48170.000000,9.375000,,,,,,,,,,,,,,,,,,,,
2010-05-11,3.895800,48176.000000,9.500000,,,,,,,,,,,,,,,,,,,,
2010-05-12,3.895500,48314.000000,9.250000,,,,,,,,,,,,,,,,,,,,
2010-05-13,3.895800,48390.000000,9.375000,,,,,,,,,,,,,,,,,,,,
2010-05-14,3.895800,48420.000000,9.312500,,,,,,,,,,,,,,,,,,,,
2010-05-17,3.899800,48402.000000,9.437500,,,,,,,,,,,,,,,,,,,,
2010-05-18,3.906200,48451.000000,9.500000,,,,,,,,,,,,,,,,,,,,
2010-05-19,3.909800,48433.000000,9.375000,,,,,,,,,,,,,,,,,,,,
2010-05-20,3.906800,48601.000000,9.375000,,,,,,,,,,,,,,,,,,,,
2010-05-21,3.906200,48841.000000,9.500000,,,,,,,,,,,,,,,,,,,,
2010-05-26,3.908800,48867.000000,9.500000,,,,,,,,,,,,,,,,,,,,
2010-05-27,3.911500,48932.000000,9.625000,,,,,,,,,,,,,,,,,,,,
2010-05-28,3.914500,48981.000000,9.562500,,,,,,,,,,,,,,,,,,,,
2010-05-31,3.926800,49000.000000,9.750000,,,0.700000,10.700000,,,,,,,,,,,,,,,,
2010-06-01,3.930800,48873.000000,9.750000,,,,,,,,,,,,,,,,,,,,
2010-06-02,3.928800,48812.000000,10.062500,,,,,,,,,,,,,,,,,,,,
2010-06-03,3.923000,48785.000000,10.125000,,,,,,,,,,,,,,,,,,,,
2010-06-04,3.923000,48896.000000,9.750000,,,,,,,,,,,,,,,,,,,,
2010-06-07,3.925200,48788.000000,10.125000,,,,,,,,,,,,,,,,,,,,
2010-06-08,3.921500,48799.000000,10.125000,,,,,,,,,,,,,,,,,,,,
2010-06-09,3.916000,48922.000000,10.000000,,,,,,,,,,,,,,,,,,,,
2010-06-10,3.917500,48966.000000,10.062500,,,,,,,,,,,,,,,,,,,,
2010-06-11,3.922200,49006.000000,9.937500,,,,,,,,,,,,,,,,,,,,
2010-06-14,3.926800,48958.000000,10.250000,,,,,,,,,,,,,,,,,,,,
2010-06-15,3.925700,49069.000000,10.312500,,,,,,,,,,,,,,,,,,,,
2010-06-16,3.925800,49279.000000,10.312500,,,,,,,,,,,,,,,,,,,,
2010-06-17,3.926200,49518.000000,10.312500,,,,,,,,,,,,,,,,,,,,
2010-06-18,3.926500,49563.000000,10.062500,,,,,,,,,,,,,,,,,,,,
2010-06-22,3.928800,49661.000000,10.000000,,,,,,,,,,,,,,,,,,,,
2010-06-23,3.929500,49600.000000,10.500000,,,,,,,,,,,,,,,,,,,,
2010-06-24,3.928300,49684.000000,10.375000,,,,,,,,,,,,,,,,,,,,
2010-06-25,3.932300,49698.000000,10.250000,,,,,,,,,,,,,,,,,,,,
2010-06-28,3.933200,49614.000000,10.125000,,,,,,,,,,,,,,,,,,,,
2010-06-29,3.933300,49249.000000,10.250000,,,,,,,,,,,,,,,,,,,,
2010-06-30,3.931800,49240.000000,10.312500,,,0.700000,11.000000,,,,,,,,,,,,,,,,
2010-07-01,3.932500,49325.000000,9.937500,,,,,,,,,,,,,,,,,,,,
2010-07-02,3.934200,49462.000000,10.500000,,,,,,,,,,,,,,,,,,,,
2010-07-05,3.935500,49448.000000,9.937500,,,,,,,,,,,,,,,,,,,,
2010-07-06,3.934500,49627.000000,10.437500,,,,,,,,,,,,,,,,,,,,
2010-07-07,3.935800,49850.000000,10.437500,,,,,,,,,,,,,,,,,,,,
2010-07-08,3.936700,50125.000000,10.250000,,,,,,,,,,,,,,,,,,,,
2010-07-12,3.937500,50177.000000,10.062500,,,,,,,,,,,,,,,,,,,,
2010-07-13,3.935800,50315.000000,10.187500,,,,,,,,,,,,,,,,,,,,
2010-07-14,3.934700,50500.000000,10.312500,,,,,,,,,,,,,,,,,,,,
2010-07-15,3.934800,50643.000000,10.312500,,,,,,,,,,,,,,,,,,,,
2010-07-16,3.935700,50743.000000,10.375000,,,,,,,,,,,,,,,,,,,,
2010-07-19,3.934500,50765.000000,10.312500,,,,,,,,,,,,,,,,,,,,
2010-07-20,3.935300,50861.000000,10.437500,,,,,,,,,,,,,,,,,,,,
2010-07-21,3.934800,50902.000000,10.437500,,,,,,,,,,,,,,,,,,,,
2010-07-22,3.933500,50988.000000,10.250000,,,,,,,,,,,,,,,,,,,,
2010-07-23,3.931800,50995.000000,10.500000,,,,,,,,,,,,,,,,,,,,
2010-07-26,3.932200,51016.000000,10.375000,,,,,,,,,,,,,,,,,,,,
2010-07-27,3.931500,51079.000000,10.500000,,,,,,,,,,,,,,,,,,,,
2010-07-28,3.933800,51081.000000,10.000000,,,,,,,,,,,,,,,,,,,,
2010-07-29,3.936700,51081.000000,10.437500,,,,,,,,,,,,,,,,,,,,
2010-07-30,3.939500,51073.000000,10.437500,,,,,,,,,,,,,,,,,,,,
2010-07-31,,,,,,0.800000,11.200000,,,,,,,,,,,,,,,,
2010-08-02,3.938800,51084.000000,10.375000,,,,,,,,,,,,,,,,,,,,
2010-08-03,3.935200,49897.000000,10.312500,,,,,,,,,,,,,,,,,,,,
2010-08-04,3.932500,49991.000000,9.875000,,,,,,,,,,,,,,,,,,,,
2010-08-05,3.934700,50045.000000,10.500000,,,,,,,,,,,,,,,,,,,,
2010-08-06,3.932500,49990.000000,10.375000,,,,,,,,,,,,,,,,,,,,
2010-08-09,3.930800,50026.000000,10.437500,,,,,,,,,,,,,,,,,,,,
2010-08-10,3.932800,50004.000000,10.687500,,,,,,,,,,,,,,,,,,,,
2010-08-11,3.934500,49940.000000,10.187500,,,,,,,,,,,,,,,,,,,,
2010-08-12,3.933800,50071.000000,10.500000,,,,,,,,,,,,,,,,,,,,
2010-08-13,3.932800,50109.000000,10.500000,,,,,,,,,,,,,,,,,,,,
2010-08-17,3.933300,50176.000000,10.500000,,,,,,,,,,,,,,,,,,,,
2010-08-18,3.933800,50198.000000,10.312500,,,,,,,,,,,,,,,,,,,,
2010-08-19,3.936800,50183.000000,10.562500,,,,,,,,,,,,,,,,,,,,
2010-08-20,3.938200,50173.000000,10.750000,,,,,,,,,,,,,,,,,,,,
2010-08-23,3.939500,50240.000000,10.437500,,,,,,,,,,,,,,,,,,,,
2010-08-24,3.941500,50266.000000,10.687500,,,,,,,,,,,,,,,,,,,,
2010-08-25,3.945500,50315.000000,10.625000,,,,,,,,,,,,,,,,,,,,
2010-08-26,3.944800,50339.000000,10.625000,,,,,,,,,,,,,,,,,,,,
2010-08-27,3.943800,50353.000000,10.562500,,,,,,,,,,,,,,,,,,,,
2010-08-30,3.944500,50319.000000,10.562500,,,,,,,,,,,,,,,,,,,,
2010-08-31,3.949700,50348.000000,10.375000,,,0.700000,11.100000,,,,,,,,,,,,,,,,
2010-09-01,3.948800,50469.000000,10.625000,,,,,,,,,,,,,,,,,,,,
2010-09-02,3.948800,50455.000000,10.375000,,,,,,,,,,,,,,,,,,,,
2010-09-03,3.944200,50539.000000,10.250000,,,,,,,,,,,,,,,,,,,,
2010-09-06,3.945500,50546.000000,10.625000,,,,,,,,,,,,,,,,,,,,
2010-09-07,3.946200,50575.000000,10.500000,,,,,,,,,,,,,,,,,,,,
2010-09-08,3.946800,50646.000000,10.437500,,,,,,,,,,,,,,,,,,,,
2010-09-09,3.945200,50741.000000,10.875000,,,,,,,,,,,,,,,,,,,,
2010-09-10,3.946000,50795.000000,10.437500,,,,,,,,,,,,,,,,,,,,
2010-09-13,3.946800,50841.000000,10.500000,,,,,,,,,,,,,,,,,,,,
2010-09-14,3.949200,50988.000000,10.625000,,,,,,,,,,,,,,,,,,,,
2010-09-15,3.950300,51001.000000,10.812500,,,,,,,,,,,,,,,,,,,,
2010-09-16,3.949500,51101.000000,10.750000,,,,,,,,,,,,,,,,,,,,
2010-09-17,3.949500,51088.000000,10.312500,,,,,,,,,,,,,,,,,,,,
2010-09-20,3.951200,51126.000000,10.562500,,,,,,,,,,,,,,,,,,,,
2010-09-21,3.951200,51157.000000,10.500000,,,,,,,,,,,,,,,,,,,,
2010-09-22,3.952300,51215.000000,10.562500,,,,,,,,,,,,,,,,,,,,
2010-09-23,3.952200,51270.000000,10.500000,,,,,,,,,,,,,,,,,,,,
2010-09-24,3.955200,51171.000000,10.687500,,,,,,,,,,,,,,,,,,,,
2010-09-27,3.960700,51218.000000,10.500000,,,,,,,,,,,,,,,,,,,,
2010-09-28,3.971500,51240.000000,10.687500,,,,,,,,,,,,,,,,,,,,
2010-09-29,3.969800,51110.000000,10.562500,,,,,,,,,,,,,,,,,,,,
2010-09-30,3.960700,51125.000000,10.437500,,,0.700000,11.100000,,,,,,,,,,,,,,,,
2010-10-01,3.961200,51236.000000,10.750000,,,,,,,,,,,,,,,,,,,,
2010-10-04,3.961200,51512.000000,10.312500,,,,,,,,,,,,,,,,,,,,
2010-10-05,3.959000,51443.000000,10.687500,,,,,,,,,,,,,,,,,,,,
2010-10-06,3.958700,51480.000000,10.687500,,,,,,,,,,,,,,,,,,,,
2010-10-07,3.959500,51508.000000,10.750000,,,,,,,,,,,,,,,,,,,,
2010-10-08,3.957300,51528.000000,10.375000,,,,,,,,,,,,,,,,,,,,
2010-10-12,3.955800,51456.000000,10.750000,,,,,,,,,,,,,,,,,,,,
2010-10-13,3.953200,51558.000000,10.687500,,,,,,,,,,,,,,,,,,,,
2010-10-14,3.951300,51655.000000,10.625000,,,,,,,,,,,,,,,,,,,,
2010-10-15,3.950300,51541.000000,10.750000,,,,,,,,,,,,,,,,,,,,
2010-10-18,3.955000,51499.000000,10.625000,,,,,,,,,,,,,,,,,,,,
2010-10-19,3.955700,51555.000000,10.812500,,,,,,,,,,,,,,,,,,,,
2010-10-20,3.958500,51609.000000,10.812500,,,,,,,,,,,,,,,,,,,,
2010-10-21,3.960200,51768.000000,10.687500,,,,,,,,,,,,,,,,,,,,
2010-10-22,3.957700,51708.000000,10.812500,,,,,,,,,,,,,,,,,,,,
2010-10-25,3.956500,51806.000000,10.875000,,,,,,,,,,,,,,,,,,,,
2010-10-26,3.955800,51863.000000,10.687500,,,,,,,,,,,,,,,,,,,,
2010-10-28,3.958800,51920.000000,10.687500,,,,,,,,,,,,,,,,,,,,
2010-10-29,3.957000,51918.000000,10.875000,,,,,,,,,,,,,,,,,,,,
2010-10-31,,,,,,0.800000,11.100000,,,,,,,,,,,,,,,,
2010-11-01,3.958000,52018.000000,10.937500,,,,,,,,,,,,,,,,,,,,
2010-11-02,3.958500,52119.000000,11.062500,,,,,,,,,,,,,,,,,,,,
2010-11-03,3.956700,52211.000000,10.625000,,,,,,,,,,,,,,,,,,,,
2010-11-04,3.957200,52291.000000,10.500000,,,,,,,,,,,,,,,,,,,,
2010-11-05,3.957800,52284.000000,10.750000,,,,,,,,,,,,,,,,,,,,
2010-11-08,3.959500,52261.000000,10.875000,,,,,,,,,,,,,,,,,,,,
2010-11-09,3.961200,52293.000000,10.937500,,,,,,,,,,,,,,,,,,,,
2010-11-10,3.962300,52295.000000,10.812500,,,,,,,,,,,,,,,,,,,,
2010-11-11,3.963300,52274.000000,10.812500,,,,,,,,,,,,,,,,,,,,
2010-11-12,3.963200,52265.000000,10.687500,,,,,,,,,,,,,,,,,,,,
2010-11-15,3.966200,52251.000000,10.875000,,,,,,,,,,,,,,,,,,,,
2010-11-16,3.969500,52216.000000,10.750000,,,,,,,,,,,,,,,,,,,,
2010-11-17,3.976000,52239.000000,10.562500,,,,,,,,,,,,,,,,,,,,
2010-11-18,3.972500,52326.000000,10.875000,,,,,,,,,,,,,,,,,,,,
2010-11-19,3.973500,52373.000000,10.937500,,,,,,,,,,,,,,,,,,,,
2010-11-23,3.974200,52268.000000,10.750000,,,,,,,,,,,,,,,,,,,,
2010-11-24,3.973200,52266.000000,10.750000,,,,,,,,,,,,,,,,,,,,
2010-11-25,3.973500,52262.000000,11.000000,,,,,,,,,,,,,,,,,,,,
2010-11-26,3.976800,52157.000000,10.937500,,,,,,,,,,,,,,,,,,,,
2010-11-29,3.982500,51985.000000,10.687500,,,,,,,,,,,,,,,,,,,,
2010-11-30,3.984000,51896.000000,10.937500,,,0.700000,11.000000,,,,,,,,,,,,,,,,
2010-12-01,3.985500,51820.000000,11.000000,,,,,,,,,,,,,,,,,,,,
2010-12-02,3.980200,51816.000000,11.000000,,,,,,,,,,,,,,,,,,,,
2010-12-03,3.979500,51958.000000,10.750000,,,,,,,,,,,,,,,,,,,,
2010-12-06,3.977200,51962.000000,10.687500,,,,,,,,,,,,,,,,,,,,
2010-12-07,3.978200,51982.000000,11.187500,,,,,,,,,,,,,,,,,,,,
2010-12-09,3.977500,51944.000000,10.875000,,,,,,,,,,,,,,,,,,,,
2010-12-10,3.976200,51958.000000,11.250000,,,,,,,,,,,,,,,,,,,,
2010-12-13,3.974000,52069.000000,11.000000,,,,,,,,,,,,,,,,,,,,
2010-12-14,3.973200,52111.000000,11.500000,,,,,,,,,,,,,,,,,,,,
2010-12-15,3.973800,52057.000000,11.312500,,,,,,,,,,,,,,,,,,,,
2010-12-16,3.975500,52143.000000,11.125000,,,,,,,,,,,,,,,,,,,,
2010-12-17,3.975500,52152.000000,11.062500,,,,,,,,,,,,,,,,,,,,
2010-12-20,3.974800,52223.000000,11.187500,,,,,,,,,,,,,,,,,,,,
2010-12-21,3.974500,52267.000000,11.375000,,,,,,,,,,,,,,,,,,,,
2010-12-22,3.973800,52381.000000,11.312500,,,,,,,,,,,,,,,,,,,,
2010-12-23,3.975300,52346.000000,11.125000,,,,,,,,,,,,,,,,,,,,
2010-12-27,3.984500,52358.000000,11.062500,,,,,,,,,,,,,,,,,,,,
2010-12-28,3.985700,52481.000000,11.312500,,,,,,,,,,,,,,,,,,,,
2010-12-29,3.981800,52585.000000,11.000000,,,,,,,,,,,,,,,,,,,,
2010-12-30,3.975800,52145.000000,11.250000,,,,,,,,,,,,,,,,,,,,
2010-12-31,,,,,,0.800000,10.900000,,,,,,,,,,,,,,,,
2011-01-03,3.973800,52179.000000,11.062500,,,,,4.000000,4.000000,,,,,,,,,,,,,,
2011-01-04,3.973000,52185.000000,11.250000,,,,,4.000000,4.000000,,,,,,,,,,,,,,
2011-01-05,3.972500,52215.000000,11.000000,,,,,4.000000,4.000000,,,,,,,,,,,,,,
2011-01-06,3.971500,52197.000000,10.812500,,,,,4.000000,4.000000,,,,,,,,,,,,,,
2011-01-07,3.973800,52119.000000,11.062500,,,,,4.000000,4.000000,,,,,,,,,,,,,,
2011-01-08,,,,,,,,4.000000,4.000000,,,,,,,,,,,,,,
2011-01-09,,,,,,,,4.000000,4.000000,,,,,,,,,,,,,,
2011-01-10,3.978800,52141.000000,11.125000,,,,,4.000000,4.000000,,,,,,,,,,,,,,
2011-01-11,3.977000,52201.000000,11.062500,,,,,4.000000,4.000000,,,,,,,,,,,,,,
2011-01-12,3.976500,52206.000000,10.937500,,,,,4.000000,4.000000,,,,,,,,,,,,,,
2011-01-13,3.975000,52307.000000,11.062500,,,,,4.000000,4.000000,,,,,,,,,,,,,,
2011-01-14,3.977700,52331.000000,11.125000,,,,,4.000000,4.000000,,,,,,,,,,,,,,
2011-01-15,,,,,,,,4.000000,4.000000,,,,,,,,,,,,,,
2011-01-16,,,,,,,,4.000000,4.000000,,,,,,,,,,,,,,
2011-01-17,3.978700,52329.000000,10.812500,,,,,4.000000,4.000000,,,,,,,,,,,,,,
2011-01-18,3.980300,52407.000000,11.437500,,,,,4.000000,4.000000,,,,,,,,,,,,,,
2011-01-19,3.982800,52468.000000,11.125000,,,,,4.000000,4.000000,,,,,,,,,,,,,,
2011-01-20,3.982300,52503.000000,11.125000,,,,,4.000000,4.000000,,,,,,,,,,,,,,
2011-01-21,3.983200,52510.000000,11.125000,,,,,4.000000,4.000000,,,,,,,,,,,,,,
2011-01-22,,,,,,,,4.000000,4.000000,,,,,,,,,,,,,,
2011-01-23,,,,,,,,4.000000,4.000000,,,,,,,,,,,,,,
2011-01-24,3.984500,52528.000000,11.000000,,,,,4.000000,4.000000,,,,,,,,,,,,,,
2011-01-25,3.987200,52569.000000,11.500000,,,,,4.000000,4.000000,,,,,,,,,,,,,,
2011-01-26,3.988800,52654.000000,11.062500,,,,,4.000000,4.000000,,,,,,,,,,,,,,
2011-01-27,3.991300,52624.000000,11.062500,,,,,4.000000,4.000000,,,,,,,,,,,,,,
2011-01-28,3.998000,52574.000000,11.000000,,,,,4.000000,4.000000,,,,,,,,,,,,,,
2011-01-29,,,,,,,,4.000000,4.000000,,,,,,,,,,,,,,
2011-01-30,,,,,,,,4.000000,4.000000,,,,,,,,,,,,,,
2011-01-31,4.000800,52618.000000,11.125000,,,0.700000,10.600000,4.000000,4.000000,,,,,,,,,,,,,,
2011-02-01,4.008800,52647.000000,11.000000,,,,,4.000000,4.000000,,,,,,,,,,,,,,
2011-02-02,4.010700,52606.000000,10.875000,,,,,4.000000,4.000000,,,,,,,,,,,,,,
2011-02-03,4.014300,52535.000000,11.125000,,,,,4.000000,4.000000,,,,,,,,,,,,,,
2011-02-04,4.017200,52509.000000,11.000000,,,,,4.000000,4.000000,,,,,,,,,,,,,,
2011-02-05,,,,,,,,4.000000,4.000000,,,,,,,,,,,,,,
2011-02-06,,,,,,,,4.000000,4.000000,,,,,,,,,,,,,,
2011-02-07,4.018700,52448.000000,10.812500,,,,,4.000000,4.000000,,,,,,,,,,,,,,
2011-02-08,4.019200,52470.000000,11.250000,,,,,4.000000,4.000000,,,,,,,,,,,,,,
2011-02-09,4.016700,52496.000000,11.250000,,,,,4.000000,4.000000,,,,,,,,,,,,,,
2011-02-10,4.018300,52479.000000,11.062500,,,,,4.000000,4.000000,,,,,,,,,,,,,,
2011-02-11,4.022000,52387.000000,11.000000,,,,,4.000000,4.000000,,,,,,,,,,,,,,
2011-02-12,,,,,,,,4.000000,4.000000,,,,,,,,,,,,,,
2011-02-13,,,,,,,,4.000000,4.000000,,,,,,,,,,,,,,
2011-02-14,4.023500,52373.000000,11.125000,,,,,4.000000,4.000000,,,,,,,,,,,,,,
2011-02-15,4.024800,52357.000000,11.250000,,,,,4.000000,4.000000,,,,,,,,,,,,,,
2011-02-16,4.024500,52419.000000,11.062500,,,,,4.000000,4.000000,,,,,,,,,,,,,,
2011-02-17,4.024000,52444.000000,11.437500,,,,,4.000000,4.000000,,,,,,,,,,,,,,
2011-02-18,4.024800,52432.000000,10.937500,,,,,4.000000,4.000000,,,,,,,,,,,,,,
2011-02-19,,,,,,,,4.000000,4.000000,,,,,,,,,,,,,,
2011-02-20,,,,,,,,4.000000,4.000000,,,,,,,,,,,,,,
2011-02-21,4.027300,52431.000000,11.187500,,,,,4.000000,4.000000,,,,,,,,,,,,,,
2011-02-22,4.028200,52338.000000,11.187500,,,,,4.000000,4.000000,,,,,,,,,,,,,,
2011-02-23,4.028800,52332.000000,11.062500,,,,,4.000000,4.000000,,,,,,,,,,,,,,
2011-02-24,4.028200,52362.000000,11.062500,,,,,4.000000,4.000000,,,,,,,,,,,,,,
2011-02-25,4.028700,52306.000000,10.750000,,,,,4.000000,4.000000,,,,,,,,,,,,,,
2011-02-26,,,,,,,,4.000000,4.000000,,,,,,,,,,,,,,
2011-02-27,,,,,,,,4.000000,4.000000,,,,,,,,,,,,,,
2011-02-28,4.030500,52318.000000,11.000000,,,0.700000,10.000000,4.000000,4.000000,,,,,,,,,,,,,,
2011-03-01,4.030800,52313.000000,11.312500,,,,,4.000000,4.000000,,,,,,,,,,,,,,
2011-03-02,4.031500,52352.000000,11.125000,,,,,4.000000,4.000000,,,,,,,,,,,,,,
2011-03-03,4.029800,52390.000000,11.125000,,,,,4.000000,4.000000,,,,,,,,,,,,,,
2011-03-04,4.029800,52364.000000,11.000000,,,,,4.000000,4.000000,,,,,,,,,,,,,,
2011-03-05,,,,,,,,4.000000,4.000000,,,,,,,,,,,,,,
2011-03-06,,,,,,,,4.000000,4.000000,,,,,,,,,,,,,,
2011-03-07,,,,,,,,4.000000,4.000000,,,,,,,,,,,,,,
2011-03-08,,,,,,,,4.000000,4.000000,,,,,,,,,,,,,,
2011-03-09,4.032500,52365.000000,11.125000,,,,,4.000000,4.000000,,,,,,,,,,,,,,
2011-03-10,4.032000,52330.000000,11.000000,,,,,4.000000,4.000000,,,,,,,,,,,,,,
2011-03-11,4.030700,52379.000000,11.187500,,,,,4.000000,4.000000,,,,,,,,,,,,,,
2011-03-12,,,,,,,,4.000000,4.000000,,,,,,,,,,,,,,
2011-03-13,,,,,,,,4.000000,4.000000,,,,,,,,,,,,,,
2011-03-14,4.028800,52439.000000,11.125000,,,,,4.000000,4.000000,,,,,,,,,,,,,,
2011-03-15,4.032500,52340.000000,11.187500,,,,,4.000000,4.000000,,,,,,,,,,,,,,
2011-03-16,4.036500,52342.000000,11.312500,,,,,4.000000,4.000000,,,,,,,,,,,,,,
2011-03-17,4.039800,52374.000000,11.125000,,,,,4.000000,4.000000,,,,,,,,,,,,,,
2011-03-18,4.039300,52439.000000,11.125000,,,,,4.000000,4.000000,,,,,,,,,,,,,,
2011-03-19,,,,,,,,4.000000,4.000000,,,,,,,,,,,,,,
2011-03-20,,,,,,,,4.000000,4.000000,,,,,,,,,,,,,,
2011-03-21,4.040800,52410.000000,11.312500,,,,,4.000000,4.000000,,,,,,,,,,,,,,
2011-03-22,4.040800,52502.000000,11.187500,,,,,4.000000,4.000000,,,,,,,,,,,,,,
2011-03-23,4.041500,52550.000000,11.375000,,,,,4.000000,4.000000,,,,,,,,,,,,,,
2011-03-24,,,,,,,,4.000000,4.000000,,,,,,,,,,,,,,
2011-03-25,,,,,,,,4.000000,4.000000,,,,,,,,,,,,,,
2011-03-26,,,,,,,,4.000000,4.000000,,,,,,,,,,,,,,
2011-03-27,,,,,,,,4.000000,4.000000,,,,,,,,,,,,,,
2011-03-28,4.043800,51667.000000,11.062500,,,,,4.000000,4.000000,,,,,,,,,,,,,,
2011-03-29,4.045300,51420.000000,11.312500,,,,,4.000000,4.000000,,,,,,,,,,,,,,
2011-03-30,4.049200,51334.000000,10.937500,,,,,4.000000,4.000000,,,,,,,,,,,,,,
2011-03-31,4.052000,51298.000000,11.125000,,,0.800000,9.700000,4.000000,4.000000,,,,,,,,,,,,,,
2011-04-01,4.054200,51302.000000,11.187500,,,,,4.000000,4.000000,,,,,,,,,,,,,,
2011-04-02,,,,,,,,4.000000,4.000000,,,,,,,,,,,,,,
2011-04-03,,,,,,,,4.000000,4.000000,,,,,,,,,,,,,,
2011-04-04,4.052200,51210.000000,11.187500,,,,,4.000000,4.000000,,,,,,,,,,,,,,
2011-04-05,4.052500,51330.000000,11.187500,,,,,4.000000,4.000000,,,,,,,,,,,,,,
2011-04-06,4.053500,51405.000000,11.437500,,,,,4.000000,4.000000,,,,,,,,,,,,,,
2011-04-07,4.053500,51481.000000,11.375000,,,,,4.000000,4.000000,,,,,,,,,,,,,,
2011-04-08,4.050200,51541.000000,11.062500,,,,,4.000000,4.000000,,,,,,,,,,,,,,
2011-04-09,,,,,,,,4.000000,4.000000,,,,,,,,,,,,,,
2011-04-10,,,,,,,,4.000000,4.000000,,,,,,,,,,,,,,
2011-04-11,4.049500,51605.000000,11.062500,,,,,4.000000,4.000000,,,,,,,,,,,,,,
2011-04-12,4.049800,51633.000000,11.250000,,,,,4.000000,4.000000,,,,,,,,,,,,,,
2011-04-13,4.055300,51658.000000,11.250000,,,,,4.000000,4.000000,,,,,,,,,,,,,,
2011-04-14,4.065200,51710.000000,11.250000,,,,,4.000000,4.000000,,,,,,,,,,,,,,
2011-04-15,4.068800,51638.000000,11.250000,,,,,4.000000,4.000000,,,,,,,,,,,,,,
2011-04-16,,,,,,,,4.000000,4.000000,,,,,,,,,,,,,,
2011-04-17,,,,,,,,4.000000,4.000000,,,,,,,,,,,,,,
2011-04-18,4.073300,51564.000000,11.062500,,,,,4.000000,4.000000,,,,,,,,,,,,,,
2011-04-19,4.075200,51642.000000,11.312500,,,,,4.000000,4.000000,,,,,,,,,,,,,,
2011-04-20,4.078200,51739.000000,11.062500,,,,,4.000000,4.000000,,,,,,,,,,,,,,
2011-04-21,,,,,,,,4.000000,4.000000,,,,,,,,,,,,,,
2011-04-22,,,,,,,,4.000000,4.000000,,,,,,,,,,,,,,
2011-04-23,,,,,,,,4.000000,4.000000,,,,,,,,,,,,,,
2011-04-24,,,,,,,,4.000000,4.000000,,,,,,,,,,,,,,
2011-04-25,4.082800,51837.000000,11.312500,,,,,4.000000,4.000000,,,,,,,,,,,,,,
2011-04-26,4.082200,52094.000000,11.250000,,,,,4.000000,4.000000,,,,,,,,,,,,,,
2011-04-27,4.083500,51882.000000,11.187500,,,,,4.000000,4.000000,,,,,,,,,,,,,,
2011-04-28,4.083700,51908.000000,10.875000,,,,,4.000000,4.000000,,,,,,,,,,,,,,
2011-04-29,4.080500,52011.000000,10.812500,,,,,4.000000,4.000000,,,,,,,,,,,,,,
2011-04-30,,,,,,0.800000,9.700000,4.000000,4.000000,,,,,,,,,,,,,,
2011-05-01,,,,,,,,4.000000,4.000000,,,,,,,,,,,,,,
2011-05-02,4.080500,51990.000000,11.062500,,,,,4.000000,4.000000,,,,,,,,,,,,,,
2011-05-03,4.078800,52011.000000,11.250000,,,,,4.000000,4.000000,,,,,,,,,,,,,,
2011-05-04,4.079500,51993.000000,11.125000,,,,,4.000000,4.000000,,,,,,,,,,,,,,
2011-05-05,4.081200,51900.000000,11.187500,,,,,4.000000,4.000000,,,,,,,,,,,,,,
2011-05-06,4.080500,51897.000000,11.625000,,,,,4.000000,4.000000,,,,,,,,,,,,,,
2011-05-07,,,,,,,,4.000000,4.000000,,,,,,,,,,,,,,
2011-05-08,,,,,,,,4.000000,4.000000,,,,,,,,,,,,,,
2011-05-09,4.082200,51894.000000,11.312500,,,,,4.000000,4.000000,,,,,,,,,,,,,,
2011-05-10,4.081800,51975.000000,11.125000,,,,,4.000000,4.000000,,,,,,,,,,,,,,
2011-05-11,4.082200,51929.000000,10.937500,,,,,4.000000,4.000000,,,,,,,,,,,,,,
2011-05-12,4.083300,52000.000000,11.125000,,,,,4.000000,4.000000,,,,,,,,,,,,,,
2011-05-13,4.082800,52031.000000,11.125000,,,,,4.000000,4.000000,,,,,,,,,,,,,,
2011-05-14,,,,,,,,4.000000,4.000000,,,,,,,,,,,,,,
2011-05-15,,,,,,,,4.000000,4.000000,,,,,,,,,,,,,,
2011-05-16,4.084500,52002.000000,11.125000,,,,,4.000000,4.000000,,,,,,,,,,,,,,
2011-05-17,4.085200,51959.000000,11.312500,,,,,4.000000,4.000000,,,,,,,,,,,,,,
2011-05-18,4.085800,51950.000000,11.125000,,,,,4.000000,4.000000,,,,,,,,,,,,,,
2011-05-19,4.085500,51919.000000,11.500000,,,,,4.000000,4.000000,,,,,,,,,,,,,,
2011-05-20,4.086500,51909.000000,11.125000,,,,,4.000000,4.000000,,,,,,,,,,,,,,
2011-05-21,,,,,,,,4.000000,4.000000,,,,,,,,,,,,,,
2011-05-22,,,,,,,,4.000000,4.000000,,,,,,,,,,,,,,
2011-05-23,4.086200,51893.000000,11.500000,,,,,4.000000,4.000000,,,,,,,,,,,,,,
2011-05-24,4.086500,51965.000000,11.187500,,,,,4.000000,4.000000,,,,,,,,,,,,,,
2011-05-25,,,,,,,,4.000000,4.000000,,,,,,,,,,,,,,
2011-05-26,4.086500,52066.000000,11.437500,,,,,4.000000,4.000000,,,,,,,,,,,,,,
2011-05-27,4.085700,52150.000000,11.375000,,,,,4.000000,4.000000,,,,,,,,,,,,,,
2011-05-28,,,,,,,,4.000000,4.000000,,,,,,,,,,,,,,
2011-05-29,,,,,,,,4.000000,4.000000,,,,,,,,,,,,,,
2011-05-30,4.087700,52148.000000,10.875000,,,,,4.000000,4.000000,,,,,,,,,,,,,,
2011-05-31,4.088700,52060.000000,11.312500,,,0.700000,9.700000,4.000000,4.000000,,,,,,,,,,,,,,
2011-06-01,4.089000,52001.000000,11.250000,,,,,4.000000,4.000000,,,,,,,,,,,,,,
2011-06-02,4.089800,52028.000000,11.000000,,,,,4.000000,4.000000,,,,,,,,,,,,,,
2011-06-03,4.090500,52046.000000,11.062500,,,,,4.000000,4.000000,,,,,,,,,,,,,,
2011-06-04,,,,,,,,4.000000,4.000000,,,,,,,,,,,,,,
2011-06-05,,,,,,,,4.000000,4.000000,,,,,,,,,,,,,,
2011-06-06,4.090800,52043.000000,11.437500,,,,,4.000000,4.000000,,,,,,,,,,,,,,
2011-06-07,4.092500,52066.000000,11.437500,,,,,4.000000,4.000000,,,,,,,,,,,,,,
2011-06-08,4.092500,52039.000000,11.312500,,,,,4.000000,4.000000,,,,,,,,,,,,,,
2011-06-09,4.092500,52070.000000,11.437500,,,,,4.000000,4.000000,,,,,,,,,,,,,,
2011-06-10,4.092800,52131.000000,10.937500,,,,,4.000000,4.000000,,,,,,,,,,,,,,
2011-06-11,,,,,,,,4.000000,4.000000,,,,,,,,,,,,,,
2011-06-12,,,,,,,,4.000000,4.000000,,,,,,,,,,,,,,
2011-06-13,4.093500,52176.000000,11.375000,,,,,4.000000,4.000000,,,,,,,,,,,,,,
2011-06-14,4.092500,52206.000000,11.250000,,,,,4.000000,4.000000,,,,,,,,,,,,,,
2011-06-15,4.093200,52147.000000,11.312500,,,,,4.000000,4.000000,,,,,,,,,,,,,,
2011-06-16,4.094500,52160.000000,11.312500,,,,,4.000000,4.000000,,,,,,,,,,,,,,
2011-06-17,4.094500,52208.000000,11.000000,,,,,4.000000,4.000000,,,,,,,,,,,,,,
2011-06-18,,,,,,,,4.000000,4.000000,,,,,,,,,,,,,,
2011-06-19,,,,,,,,4.000000,4.000000,,,,,,,,,,,,,,
2011-06-20,,,,,,,,4.000000,4.000000,,,,,,,,,,,,,,
2011-06-21,4.097000,52236.000000,11.500000,,,,,4.000000,4.000000,,,,,,,,,,,,,,
2011-06-22,4.098200,52259.000000,11.250000,,,,,4.000000,4.000000,,,,,,,,,,,,,,
2011-06-23,4.099200,52153.000000,11.375000,,,,,4.000000,4.000000,,,,,,,,,,,,,,
2011-06-24,4.099800,52089.000000,11.375000,,,,,4.000000,4.000000,,,,,,,,,,,,,,
2011-06-25,,,,,,,,4.000000,4.000000,,,,,,,,,,,,,,
2011-06-26,,,,,,,,4.000000,4.000000,,,,,,,,,,,,,,
2011-06-27,4.102000,52036.000000,11.375000,,,,,4.000000,4.000000,,,,,,,,,,,,,,
2011-06-28,4.103200,52090.000000,11.437500,,,,,4.000000,4.000000,,,,,,,,,,,,,,
2011-06-29,4.107000,51794.000000,10.937500,,,,,4.000000,4.000000,,,,,,,,,,,,,,
2011-06-30,4.111000,51695.000000,11.437500,,,0.700000,9.700000,4.000000,4.000000,,,,,,,,,,,,,,
2011-07-01,4.110500,51749.000000,11.375000,,,,,4.000000,4.000000,,,,,,,,,,,,,,
2011-07-02,,,,,,,,4.000000,4.000000,,,,,,,,,,,,,,
2011-07-03,,,,,,,,4.000000,4.000000,,,,,,,,,,,,,,
2011-07-04,4.114000,51779.000000,11.312500,,,,,4.000000,4.000000,,,,,,,,,,,,,,
2011-07-05,4.116200,51525.000000,11.312500,,,,,4.000000,4.000000,,,,,,,,,,,,,,
2011-07-06,4.117500,51566.000000,11.500000,,,,,4.000000,4.000000,,,,,,,,,,,,,,
2011-07-07,4.119800,51601.000000,11.500000,,,,,4.000000,4.000000,,,,,,,,,,,,,,
2011-07-08,4.123000,51588.000000,11.375000,,,,,4.000000,4.000000,,,,,,,,,,,,,,
2011-07-09,,,,,,,,4.000000,4.000000,,,,,,,,,,,,,,
2011-07-10,,,,,,,,4.000000,4.000000,,,,,,,,,,,,,,
2011-07-11,4.122700,51611.000000,11.312500,,,,,4.000000,4.000000,,,,,,,,,,,,,,
2011-07-12,4.122500,51713.000000,11.375000,,,,,4.000000,4.000000,,,,,,,,,,,,,,
2011-07-13,4.121800,51879.000000,11.437500,,,,,4.000000,4.000000,,,,,,,,,,,,,,
2011-07-14,4.122500,52023.000000,11.687500,,,,,4.000000,4.000000,,,,,,,,,,,,,,
2011-07-15,4.123000,52031.000000,11.750000,,,,,4.000000,4.000000,,,,,,,,,,,,,,
2011-07-16,,,,,,,,4.000000,4.000000,,,,,,,,,,,,,,
2011-07-17,,,,,,,,4.000000,4.000000,,,,,,,,,,,,,,
2011-07-18,4.126300,52003.000000,11.250000,,,,,4.000000,4.000000,,,,,,,,,,,,,,
2011-07-19,4.129700,51969.000000,11.875000,,,,,4.000000,4.000000,,,,,,,,,,,,,,
2011-07-20,4.136300,51987.000000,12.187500,,,,,4.000000,4.000000,,,,,,,,,,,,,,
2011-07-21,4.137800,51982.000000,11.687500,,,,,4.000000,4.000000,,,,,,,,,,,,,,
2011-07-22,4.139500,51988.000000,11.812500,,,,,4.000000,4.000000,,,,,,,,,,,,,,
2011-07-23,,,,,,,,4.000000,4.000000,,,,,,,,,,,,,,
2011-07-24,,,,,,,,4.000000,4.000000,,,,,,,,,,,,,,
2011-07-25,4.139000,51934.000000,11.875000,,,,,4.000000,4.000000,,,,,,,,,,,,,,
2011-07-26,4.137200,52016.000000,11.875000,,,,,4.000000,4.000000,,,,,,,,,,,,,,
2011-07-27,4.138000,52025.000000,11.937500,,,,,4.000000,4.000000,,,,,,,,,,,,,,
2011-07-28,4.139800,51968.000000,11.812500,,,,,4.000000,4.000000,,,,,,,,,,,,,,
2011-07-29,4.143000,51923.000000,12.000000,,,,,4.000000,4.000000,,,,,,,,,,,,,,
2011-07-30,,,,,,,,4.000000,4.000000,,,,,,,,,,,,,,
2011-07-31,,,,,,0.800000,9.700000,4.000000,4.000000,,,,,,,,,,,,,,
2011-08-01,4.146000,51853.000000,12.000000,,,,,4.000000,4.000000,,,,,,,,,,,,,,
2011-08-02,4.147800,51863.000000,12.375000,,,,,4.000000,4.000000,,,,,,,,,,,,,,
2011-08-03,4.150200,52001.000000,12.000000,,,,,4.000000,4.000000,,,,,,,,,,,,,,
2011-08-04,4.153000,51722.000000,12.312500,,,,,4.000000,4.000000,,,,,,,,,,,,,,
2011-08-05,4.154500,50318.000000,12.250000,,,,,4.000000,4.000000,,,,,,,,,,,,,,
2011-08-06,,,,,,,,4.000000,4.000000,,,,,,,,,,,,,,
2011-08-07,,,,,,,,4.000000,4.000000,,,,,,,,,,,,,,
2011-08-08,4.156800,50277.000000,12.375000,,,,,4.000000,4.000000,,,,,,,,,,,,,,
2011-08-09,4.156200,50226.000000,12.500000,,,,,4.000000,4.000000,,,,,,,,,,,,,,
2011-08-10,4.157200,50333.000000,12.000000,,,,,4.000000,4.000000,,,,,,,,,,,,,,
2011-08-11,4.158500,50293.000000,12.437500,,,,,4.000000,4.000000,,,,,,,,,,,,,,
2011-08-12,4.159200,50330.000000,12.000000,,,,,4.000000,4.000000,,,,,,,,,,,,,,
2011-08-13,,,,,,,,4.000000,4.000000,,,,,,,,,,,,,,
2011-08-14,,,,,,,,4.000000,4.000000,,,,,,,,,,,,,,
2011-08-15,4.159500,50210.000000,12.250000,,,,,4.000000,4.000000,,,,,,,,,,,,,,
2011-08-16,4.162300,50150.000000,12.562500,,,,,4.000000,4.000000,,,,,,,,,,,,,,
2011-08-17,4.165500,50119.000000,12.062500,,,,,4.000000,4.000000,,,,,,,,,,,,,,
2011-08-18,4.171300,50072.000000,12.437500,,,,,4.000000,4.000000,10.900000,,,,,,,,,,,,,
2011-08-19,4.177200,50102.000000,12.687500,,,,,4.000000,4.000000,11.690000,,,,,,,,,,,,,
2011-08-20,,,,,,,,4.000000,4.000000,11.700000,,,,,,,,,,,,,
2011-08-21,,,,,,,,4.000000,4.000000,11.700000,,,,,,,,,,,,,
2011-08-22,,,,,,,,4.000000,4.000000,11.700000,,,,,,,,,,,,,
2011-08-23,4.182800,50109.000000,12.562500,,,,,4.000000,4.000000,11.700000,,,,,,,,,,,,,
2011-08-24,4.186300,50061.000000,12.625000,,,,,4.000000,4.000000,10.500000,,,,,,,,,,,,,
2011-08-25,4.186800,50041.000000,12.687500,,,,,4.000000,4.000000,10.000000,,,,,,,,,,,,,
2011-08-26,4.185500,50090.000000,12.500000,,,,,4.000000,4.000000,10.000000,,,,,,,,,,,,,
2011-08-27,,,,,,,,4.000000,4.000000,10.000000,,,,,,,,,,,,,
2011-08-28,,,,,,,,4.000000,4.000000,10.000000,,,,,,,,,,,,,
2011-08-29,4.187500,50043.000000,12.375000,,,,,4.000000,4.000000,10.000000,,,,,,,,,,,,,
2011-08-30,4.191700,50036.000000,12.375000,,,,,4.000000,4.000000,8.000000,,,,,,,,,,,,,
2011-08-31,4.199500,49990.000000,12.625000,,,0.800000,9.800000,4.000000,4.000000,8.000000,,,,,,,,,,,,,
2011-09-01,4.206300,49913.000000,12.625000,,,,,4.000000,4.000000,8.220000,,,,,,,,,,,,,
2011-09-02,4.217300,49956.000000,12.500000,,,,,4.000000,4.000000,8.880000,,,,,,,,,,,,,
2011-09-03,,,,,,,,4.000000,4.000000,8.880000,,,,,,,,,,,,,
2011-09-04,,,,,,,,4.000000,4.000000,8.890000,,,,,,,,,,,,,
2011-09-05,4.209200,49954.000000,12.625000,,,,,4.000000,4.000000,8.890000,,,,,,,,,,,,,
2011-09-06,4.207700,49773.000000,12.312500,,,,,4.000000,4.000000,8.000000,,,,,,,,,,,,,
2011-09-07,4.206500,49676.000000,12.750000,,,,,4.000000,4.000000,8.500000,,,,,,,,,,,,,
2011-09-08,4.205200,49691.000000,12.875000,,,,,4.000000,4.000000,7.400000,,,,,,,,,,,,,
2011-09-09,4.204000,49688.000000,12.437500,,,,,4.000000,4.000000,7.400000,,,,,,,,,,,,,
2011-09-10,,,,,,,,4.000000,4.000000,7.400000,,,,,,,,,,,,,
2011-09-11,,,,,,,,4.000000,4.000000,7.400000,,,,,,,,,,,,,
2011-09-12,4.204200,49586.000000,12.687500,,,,,4.000000,4.000000,7.400000,,,,,,,,,,,,,
2011-09-13,4.203700,49589.000000,13.062500,,,,,4.000000,4.000000,5.970000,,,,,,,,,,,,,
2011-09-14,4.203500,49556.000000,12.750000,,,,,4.000000,4.000000,5.530000,,,,,,,,,,,,,
2011-09-15,4.204300,49452.000000,13.000000,,,,,4.000000,4.000000,5.130000,,,,,,,,,,,,,
2011-09-16,4.204500,49424.000000,12.687500,,,,,4.000000,4.000000,4.850000,,,,,,,,,,,,,
2011-09-17,,,,,,,,4.000000,4.000000,4.870000,,,,,,,,,,,,,
2011-09-18,,,,,,,,4.000000,4.000000,4.920000,,,,,,,,,,,,,
2011-09-19,4.204700,49231.000000,13.187500,,,,,4.000000,4.000000,4.900000,,,,,,,,,,,,,
2011-09-20,4.197200,49270.000000,13.562500,,,,,4.000000,4.000000,5.660000,,,,,,,,,,,,,
2011-09-21,4.191000,49264.000000,13.437500,,,,,4.000000,4.000000,5.660000,,,,,,,,,,,,,
2011-09-22,4.197800,49142.000000,13.500000,,,,,4.000000,4.000000,5.720000,,,,,,,,,,,,,
2011-09-23,4.203000,49060.000000,13.437500,,,,,4.000000,4.000000,5.720000,,,,,,,,,,,,,
2011-09-24,,,,,,,,4.000000,4.000000,5.680000,,,,,,,,,,,,,
2011-09-25,,,,,,,,4.000000,4.000000,6.050000,,,,,,,,,,,,,
2011-09-26,4.204500,48983.000000,13.500000,,,,,4.000000,4.000000,4.800000,,,,,,,,,,,,,
2011-09-27,4.204500,48995.000000,12.812500,,,,,4.000000,4.000000,4.920000,,,,,,,,,,,,,
2011-09-28,4.204500,48860.000000,13.437500,,,,,4.000000,4.000000,4.820000,,,,,,,,,,,,,
2011-09-29,4.204500,48721.000000,14.187500,,,,,4.000000,4.000000,4.820000,,,,,,,,,,,,,
2011-09-30,4.204500,48590.000000,14.000000,,,0.800000,9.900000,4.000000,4.000000,4.820000,,,,,,,,,,,,,
2011-10-01,,,,,,,,4.000000,4.000000,4.820000,,,,,,,,,,,,,
2011-10-02,,,,,,,,4.000000,4.000000,4.820000,,,,,,,,,,,,,
2011-10-03,4.204500,48409.000000,13.812500,,,,,4.000000,4.000000,4.870000,,,,,,,,,,,,,
2011-10-04,4.204500,48279.000000,14.500000,,,,,4.000000,4.000000,4.980000,,,,,,,,,,,,,
2011-10-05,4.205700,48249.000000,14.687500,,,,,4.000000,4.000000,4.920000,,,,,,,,,,,,,
2011-10-06,4.208500,48310.000000,15.625000,,,,,4.000000,4.000000,4.800000,,,,,,,,,,,,,
2011-10-07,4.209500,48235.000000,15.625000,,,,,4.000000,4.000000,4.610000,,,,,,,,,,,,,
2011-10-08,,,,,,,,4.000000,4.000000,3.990000,,,,,,,,,,,,,
2011-10-09,,,,,,,,4.000000,4.000000,3.890000,,,,,,,,,,,,,
2011-10-10,,,,,,,,4.000000,4.000000,4.510000,,,,,,,,,,,,,
2011-10-11,4.210800,48132.000000,15.500000,,,,,4.000000,4.000000,4.100000,,,,,,,,,,,,,
2011-10-12,4.210500,48209.000000,15.875000,,,,,4.000000,4.000000,3.930000,,,,,,,,,,,,,
2011-10-13,4.213300,48205.000000,17.375000,,,,,4.000000,4.000000,3.970000,,,,,,,,,,,,,
2011-10-14,4.214800,48241.000000,17.750000,,,,,4.000000,4.000000,4.050000,,,,,,,,,,,,,
2011-10-15,,,,,,,,4.000000,4.000000,4.050000,,,,,,,,,,,,,
2011-10-16,,,,,,,,4.000000,4.000000,4.050000,,,,,,,,,,,,,
2011-10-17,4.222000,48032.000000,18.000000,,,,,4.000000,4.000000,3.920000,,,,,,,,,,,,,
2011-10-18,4.224500,48095.000000,18.687500,,,,,4.000000,4.000000,3.920000,,,,,,,,,,,,,
2011-10-19,4.231800,47985.000000,18.750000,,,,,4.000000,4.000000,3.920000,,,,,,,,,,,,,
2011-10-20,4.234500,47828.000000,19.687500,,,,,4.000000,4.000000,2.240000,,,,,,,,,,,,,
2011-10-21,4.234500,47806.000000,20.000000,,,,,4.000000,4.000000,2.270000,,,,,,,,,,,,,
2011-10-22,,,,,,,,4.000000,4.000000,2.270000,,,,,,,,,,,,,
2011-10-23,,,,,,,,4.000000,4.000000,2.270000,,,,,,,,,,,,,
2011-10-24,4.235500,47806.000000,19.187500,,,,,4.000000,4.000000,2.920000,,,,,,,,,,,,,
2011-10-25,4.235500,47768.000000,20.562500,,,,,4.000000,4.000000,2.720000,,,,,,,,,,,,,
2011-10-26,4.235800,47701.000000,19.562500,,,,,4.000000,4.000000,2.690000,,,,,,,,,,,,,
2011-10-27,4.235300,47627.000000,17.812500,,,,,4.000000,4.000000,2.690000,,,,,,,,,,,,,
2011-10-28,4.235500,47587.000000,19.812500,,,,,4.000000,4.000000,4.200000,,,,,,,,,,,,,
2011-10-29,,,,,,,,4.000000,4.000000,3.950000,,,,,,,,,,,,,
2011-10-30,,,,,,,,4.000000,4.000000,3.500000,,,,,,,,,,,,,
2011-10-31,4.235500,47523.000000,20.062500,,,0.600000,9.700000,4.000000,4.000000,3.300000,,,,,,,,,,,,,
2011-11-01,4.237700,47429.000000,20.125000,,,,,4.000000,4.000000,3.330000,,,,,,,,,,,,,
2011-11-02,4.247800,47450.000000,19.312500,,,,,4.000000,4.000000,3.330000,,,,,,,,,,,,,
2011-11-03,4.250300,47408.000000,19.937500,,,,,4.000000,4.000000,3.330000,,,,,,,,,,,,,
2011-11-04,4.251000,47274.000000,19.875000,,,,,4.000000,4.000000,3.550000,,,,,,,,,,,,,
2011-11-05,,,,,,,,4.000000,4.000000,3.000000,,,,,,,,,,,,,
2011-11-06,,,,,,,,4.000000,4.000000,2.950000,,,,,,,,,,,,,
2011-11-07,4.257500,47089.000000,19.812500,,,,,4.000000,4.000000,2.950000,,,,,,,,,,,,,
2011-11-08,4.260000,46964.000000,20.625000,,,,,4.000000,4.000000,3.080000,,,,,,,,,,,,,
2011-11-09,4.260500,46824.000000,19.750000,,,,,4.000000,4.000000,3.300000,,,,,,,,,,,,,
2011-11-10,4.261300,46661.000000,19.750000,,,,,4.000000,4.000000,3.300000,,,,,,,,,,,,,
2011-11-11,4.264800,46581.000000,19.250000,,,,,4.000000,4.000000,3.300000,,,,,,,,,,,,,
2011-11-12,,,,,,,,4.000000,4.000000,3.350000,,,,,,,,,,,,,
2011-11-13,,,,,,,,4.000000,4.000000,3.350000,,,,,,,,,,,,,
2011-11-14,4.271500,46317.000000,21.000000,,,,,4.000000,4.000000,2.470000,,,,,,,,,,,,,
2011-11-15,4.272700,46127.000000,21.250000,,,,,4.000000,4.000000,2.500000,,,,,,,,,,,,,
2011-11-16,4.259500,46077.000000,20.875000,,,,,4.000000,4.000000,3.000000,,,,,,,,,,,,,
2011-11-17,4.257200,46005.000000,22.875000,,,,,4.000000,4.000000,2.990000,,,,,,,,,,,,,
2011-11-18,4.256700,46022.000000,19.625000,,,,,4.000000,4.000000,2.500000,,,,,,,,,,,,,
2011-11-19,,,,,,,,4.000000,4.000000,2.430000,,,,,,,,,,,,,
2011-11-20,,,,,,,,4.000000,4.000000,2.370000,,,,,,,,,,,,,
2011-11-21,4.257500,45966.000000,19.500000,,,,,4.000000,4.000000,2.250000,,,,,,,,,,,,,
2011-11-22,4.259300,46059.000000,19.750000,,,,,4.000000,4.000000,2.590000,,,,,,,,,,,,,
2011-11-23,4.260800,46033.000000,19.500000,,,,,4.000000,4.000000,2.590000,,,,,,,,,,,,,
2011-11-24,4.262800,46052.000000,19.250000,,,,,4.000000,4.000000,3.000000,,,,,,,,,,,,,
2011-11-25,4.263300,45947.000000,19.312500,,,,,4.000000,4.000000,2.750000,,,,,,,,,,,,,
2011-11-26,,,,,,,,4.000000,4.000000,2.770000,,,,,,,,,,,,,
2011-11-27,,,,,,,,4.000000,4.000000,2.770000,,,,,,,,,,,,,
2011-11-28,,,,,,,,4.000000,4.000000,2.660000,,,,,,,,,,,,,
2011-11-29,4.269500,46000.000000,18.437500,,,,,4.000000,4.000000,2.720000,,,,,,,,,,,,,
2011-11-30,4.280700,46062.000000,18.937500,,,0.600000,9.500000,4.000000,4.000000,3.190000,,,,,,,,,,,,,
2011-12-01,4.283200,46105.000000,19.187500,,,,,4.000000,4.000000,3.420000,,,,,,,,,,,,,
2011-12-02,4.284200,46138.000000,19.125000,,,,,4.000000,4.000000,3.040000,,,,,,,,,,,,,
2011-12-03,,,,,,,,4.000000,4.000000,2.930000,,,,,,,,,,,,,
2011-12-04,,,,,,,,4.000000,4.000000,2.930000,,,,,,,,,,,,,
2011-12-05,4.286000,46087.000000,19.187500,,,,,4.000000,4.000000,2.930000,,,,,,,,,,,,,
2011-12-06,4.281200,46164.000000,18.625000,,,,,4.000000,4.000000,2.980000,,,,,,,,,,,,,
2011-12-07,4.278000,46371.000000,18.562500,,,,,4.000000,4.000000,3.300000,,,,,,,,,,,,,
2011-12-08,,,,,,,,4.000000,4.000000,3.300000,,,,,,,,,,,,,
2011-12-09,,,,,,,,4.000000,4.000000,3.300000,,,,,,,,,,,,,
2011-12-10,,,,,,,,4.000000,4.000000,3.200000,,,,,,,,,,,,,
2011-12-11,,,,,,,,4.000000,4.000000,3.270000,,,,,,,,,,,,,
2011-12-12,4.279200,46443.000000,18.625000,,,,,4.000000,4.000000,3.480000,,,,,,,,,,,,,
2011-12-13,4.279500,46574.000000,18.875000,,,,,4.000000,4.000000,3.560000,,,,,,,,,,,,,
2011-12-14,4.280200,44703.000000,18.937500,,,,,4.000000,4.000000,3.470000,,,,,,,,,,,,,
2011-12-15,4.282300,44809.000000,19.125000,,,,,4.000000,4.000000,3.450000,,,,,,,,,,,,,
2011-12-16,4.287500,45060.000000,18.750000,,,,,4.000000,4.000000,3.440000,,,,,,,,,,,,,
2011-12-17,,,,,,,,4.000000,4.000000,3.440000,,,,,,,,,,,,,
2011-12-18,,,,,,,,4.000000,4.000000,3.500000,,,,,,,,,,,,,
2011-12-19,4.292100,45221.000000,19.500000,,,,,4.000000,4.000000,3.850000,,,,,,,,,,,,,
2011-12-20,4.292500,45412.000000,19.375000,,,,,4.000000,4.000000,4.550000,,,,,,,,,,,,,
2011-12-21,4.292800,45676.000000,18.937500,,,,,4.000000,4.000000,4.380000,,,,,,,,,,,,,
2011-12-22,4.292200,46096.000000,18.562500,,,,,4.000000,4.000000,4.170000,,,,,,,,,,,,,
2011-12-23,4.292700,46274.000000,19.312500,,,,,4.000000,4.000000,4.220000,,,,,,,,,,,,,
2011-12-24,,,,,,,,4.000000,4.000000,4.330000,,,,,,,,,,,,,
2011-12-25,,,,,,,,4.000000,4.000000,4.270000,,,,,,,,,,,,,
2011-12-26,,,,,,,,4.000000,4.000000,4.330000,,,,,,,,,,,,,
2011-12-27,4.295500,46323.000000,18.875000,,,,,4.000000,4.000000,4.290000,,,,,,,,,,,,,
2011-12-28,4.301200,46229.000000,18.500000,,,,,4.000000,4.000000,4.300000,,,,,,,,,,,,,
2011-12-29,4.303500,46319.000000,17.312500,,,,,4.000000,4.000000,4.500000,,,,,,,,,,,,,
2011-12-30,4.303200,46376.000000,17.187500,,,,,4.000000,4.000000,4.210000,,,,,,,,,,,,,
2011-12-31,,,,,,0.800000,9.500000,4.000000,4.000000,4.580000,,,,,,,,,,,,,
2012-01-01,,,,,,,,4.000000,4.000000,5.000000,,,,,,,,,,,,,
2012-01-02,,,,,,,,4.000000,4.000000,5.000000,,,,,,,,,,,,,
2012-01-03,4.305200,46231.000000,17.500000,,,,,4.000000,4.000000,5.290000,,,,,,,,,,,,,
2012-01-04,4.304800,46446.000000,16.937500,,,,,4.000000,4.000000,5.570000,,,,,,,,,,,,,
2012-01-05,4.306700,46440.000000,16.562500,,,,,4.000000,4.000000,6.650000,,,,,,,,,,,,,
2012-01-06,4.315200,46426.000000,16.562500,,,,,4.000000,4.000000,6.000000,,,,,,,,,,,,,
2012-01-07,,,,,,,,4.000000,4.000000,6.800000,,,,,,,,,,,,,
2012-01-08,,,,,,,,4.000000,4.000000,7.000000,,,,,,,,,,,,,
2012-01-09,4.318200,46222.000000,16.812500,,,,,4.000000,4.000000,6.300000,,,,,,,,,,,,,
2012-01-10,4.313300,46375.000000,16.062500,,,,,4.000000,4.000000,7.140000,,,,,,,,,,,,,
2012-01-11,4.313300,46419.000000,16.375000,,,,,4.000000,4.000000,7.000000,,,,,,,,,,,,,
2012-01-12,4.312000,46517.000000,15.875000,,,,,4.000000,4.000000,6.510000,,,,,,,,,,,,,
2012-01-13,4.311800,46636.000000,16.000000,,,,,4.000000,4.000000,6.600000,,,,,,,,,,,,,
2012-01-14,,,,,,,,4.000000,4.000000,6.300000,,,,,,,,,,,,,
2012-01-15,,,,,,,,4.000000,4.000000,7.150000,,,,,,,,,,,,,
2012-01-16,4.314800,46636.000000,15.875000,,,,,4.000000,4.000000,7.100000,,,,,,,,,,,,,
2012-01-17,4.317000,46682.000000,15.812500,,,,,4.000000,4.000000,6.000000,,,,,,,,,,,,,
2012-01-18,4.318800,46646.000000,15.875000,,,,,4.000000,4.000000,7.100000,,,,,,,,,,,,,
2012-01-19,4.320700,46672.000000,15.562500,,,,,4.000000,4.000000,6.220000,,,,,,,,,,,,,
2012-01-20,4.322200,46678.000000,15.500000,,,,,4.000000,4.000000,6.950000,,,,,,,,,,,,,
2012-01-21,,,,,,,,4.000000,4.000000,6.770000,,,,,,,,,,,,,
2012-01-22,,,,,,,,4.000000,4.000000,6.790000,,,,,,,,,,,,,
2012-01-23,4.325700,46729.000000,15.750000,,,,,4.000000,4.000000,6.520000,,,,,,,,,,,,,
2012-01-24,4.331200,46699.000000,15.187500,,,,,4.000000,4.000000,6.550000,,,,,,,,,,,,,
2012-01-25,4.336500,46680.000000,15.625000,,,,,4.000000,4.000000,6.310000,,,,,,,,,,,,,
2012-01-26,4.338300,46700.000000,15.437500,,,,,4.000000,4.000000,5.500000,,,,,,,,,,,,,
2012-01-27,4.336700,46669.000000,15.312500,,,,,4.000000,4.000000,5.880000,,,,,,,,,,,,,
2012-01-28,,,,,,,,4.000000,4.000000,4.910000,,,,,,,,,,,,,
2012-01-29,,,,,,,,4.000000,4.000000,5.500000,,,,,,,,,,,,,
2012-01-30,4.334500,46609.000000,14.937500,,,,,4.000000,4.000000,5.580000,,,,,,,,,,,,,
2012-01-31,4.336200,46594.000000,15.062500,,,0.900000,9.700000,4.000000,4.000000,5.300000,,,,,,,,,,,,,
2012-02-01,4.335700,46673.000000,14.937500,,,,,4.000000,4.000000,5.880000,,,,,,,,,,,,,
2012-02-02,4.334700,46685.000000,14.750000,,,,,4.000000,4.000000,6.280000,,,,,,,,,,,,,
2012-02-03,4.333700,46700.000000,15.062500,,,,,4.000000,4.000000,6.300000,,,,,,,,,,,,,
2012-02-04,,,,,,,,4.000000,4.000000,5.940000,,,,,,,,,,,,,
2012-02-05,,,,,,,,4.000000,4.000000,5.600000,,,,,,,,,,,,,
2012-02-06,4.334200,46692.000000,14.750000,,,,,4.000000,4.000000,5.600000,,,,,,,,,,,,,
2012-02-07,4.336800,46722.000000,14.937500,,,,,4.000000,4.000000,5.690000,,,,,,,,,,,,,
2012-02-08,4.339800,46747.000000,14.312500,,,,,4.000000,4.000000,5.870000,,,,,,,,,,,,,
2012-02-09,4.344800,46749.000000,13.750000,,,,,4.000000,4.000000,5.890000,,,,,,,,,,,,,
2012-02-10,4.346300,46818.000000,14.625000,,,,,4.000000,4.000000,5.880000,,,,,,,,,,,,,
2012-02-11,,,,,,,,4.000000,4.000000,5.500000,,,,,,,,,,,,,
2012-02-12,,,,,,,,4.000000,4.000000,5.670000,,,,,,,,,,,,,
2012-02-13,4.346300,46873.000000,14.250000,,,,,4.000000,4.000000,5.790000,,,,,,,,,,,,,
2012-02-14,4.347300,46884.000000,14.250000,,,,,4.000000,4.000000,4.890000,,,,,,,,,,,,,
2012-02-15,4.349200,46829.000000,13.875000,,,,,4.000000,4.000000,4.690000,,,,,,,,,,,,,
2012-02-16,4.352200,46826.000000,13.812500,,,,,4.000000,4.000000,4.510000,,,,,,,,,,,,,
2012-02-17,4.355000,46869.000000,14.000000,,,,,4.000000,4.000000,4.670000,,,,,,,,,,,,,
2012-02-18,,,,,,,,4.000000,4.000000,4.230000,,,,,,,,,,,,,
2012-02-19,,,,,,,,4.000000,4.000000,4.380000,,,,,,,,,,,,,
2012-02-20,,,,,,,,4.000000,4.000000,4.440000,,,,,,,,,,,,,
2012-02-21,,,,,,,,4.000000,4.000000,4.580000,,,,,,,,,,,,,
2012-02-22,4.355200,46885.000000,13.687500,,,,,4.000000,4.000000,4.510000,,,,,,,,,,,,,
2012-02-23,4.355000,46906.000000,13.812500,,,,,4.000000,4.000000,5.220000,,,,,,,,,,,,,
2012-02-24,4.354800,46897.000000,13.875000,,,,,4.000000,4.000000,4.950000,,,,,,,,,,,,,
2012-02-25,,,,,,,,4.000000,4.000000,5.000000,,,,,,,,,,,,,
2012-02-26,,,,,,,,4.000000,4.000000,4.980000,,,,,,,,,,,,,
2012-02-27,,,,,,,,4.000000,4.000000,5.040000,,,,,,,,,,,,,
2012-02-28,4.355800,46899.000000,13.437500,,,,,4.000000,4.000000,4.880000,,,,,,,,,,,,,
2012-02-29,4.356500,46668.000000,13.500000,,,0.700000,9.700000,4.000000,4.000000,4.990000,,,,,,,,,,,,,
2012-03-01,4.354800,46700.000000,13.250000,,,,,4.000000,4.000000,5.000000,,,,,,,,,,,,,
2012-03-02,4.343300,46781.000000,13.312500,,,,,4.000000,4.000000,4.790000,,,,,,,,,,,,,
2012-03-03,,,,,,,,4.000000,4.000000,4.650000,,,,,,,,,,,,,
2012-03-04,,,,,,,,4.000000,4.000000,4.810000,,,,,,,,,,,,,
2012-03-05,4.334500,46838.000000,13.375000,,,,,4.000000,4.000000,5.060000,,,,,,,,,,,,,
2012-03-06,4.335300,46828.000000,13.000000,,,,,4.000000,4.000000,4.980000,,,,,,,,,,,,,
2012-03-07,4.336200,46894.000000,13.000000,,,,,4.000000,4.000000,4.930000,,,,,,,,,,,,,
2012-03-08,4.336800,47056.000000,12.875000,,,,,4.000000,4.000000,5.010000,,,,,,,,,,,,,
2012-03-09,4.341000,47112.000000,12.750000,,,,,4.000000,4.000000,4.930000,,,,,,,,,,,,,
2012-03-10,,,,,,,,4.000000,4.000000,4.940000,,,,,,,,,,,,,
2012-03-11,,,,,,,,4.000000,4.000000,5.000000,,,,,,,,,,,,,
2012-03-12,4.345800,47178.000000,12.875000,,,,,4.000000,4.000000,4.990000,,,,,,,,,,,,,
2012-03-13,4.349700,47223.000000,12.875000,,,,,4.000000,4.000000,5.300000,,,,,,,,,,,,,
2012-03-14,4.356000,47165.000000,12.750000,,,,,4.000000,4.000000,5.270000,,,,,,,,,,,,,
2012-03-15,4.355700,47149.000000,13.000000,,,,,4.000000,4.000000,5.390000,,,,,,,,,,,,,
2012-03-16,4.354000,47243.000000,13.000000,,,,,4.000000,4.000000,5.260000,,,,,,,,,,,,,
2012-03-17,,,,,,,,4.000000,4.000000,5.420000,,,,,,,,,,,,,
2012-03-18,,,,,,,,4.000000,4.000000,5.250000,,,,,,,,,,,,,
2012-03-19,4.363300,47249.000000,12.750000,,,,,4.000000,4.000000,4.830000,,,,,,,,,,,,,
2012-03-20,4.364000,47286.000000,12.750000,,,,,4.000000,4.000000,4.790000,,,,,,,,,,,,,
2012-03-21,4.366800,47304.000000,13.187500,,,,,4.000000,4.000000,4.960000,,,,,,,,,,,,,
2012-03-22,4.365500,47315.000000,12.812500,,,,,4.000000,4.000000,4.910000,,,,,,,,,,,,,
2012-03-23,4.366700,47371.000000,12.812500,,,,,4.000000,4.000000,4.780000,,,,,,,,,,,,,
2012-03-24,,,,,,,,4.000000,4.000000,4.830000,,,,,,,,,,,,,
2012-03-25,,,,,,,,4.000000,4.000000,4.540000,,,,,,,,,,,,,
2012-03-26,4.369700,47415.000000,13.000000,,,,,4.000000,4.000000,4.730000,,,,,,,,,,,,,
2012-03-27,4.372500,47470.000000,12.625000,,,,,4.000000,4.000000,4.840000,,,,,,,,,,,,,
2012-03-28,4.373500,47512.000000,12.500000,,,,,4.000000,4.000000,4.930000,,,,,,,,,,,,,
2012-03-29,4.375300,47531.000000,12.562500,,,,,4.000000,4.000000,4.840000,,,,,,,,,,,,,
2012-03-30,4.378500,47291.000000,12.250000,,,,,4.000000,4.000000,4.880000,,,,,,,,,,,,,
2012-03-31,,,,,,0.900000,9.800000,4.000000,4.000000,4.900000,,,,,,,,,,,,,
2012-04-01,,,,,,,,4.000000,4.000000,4.890000,,,,,,,,,,,,,
2012-04-02,,,,,,,,4.000000,4.000000,5.040000,,,,,,,,,,,,,
2012-04-03,4.379800,47241.000000,12.437500,,,,,4.000000,4.000000,4.990000,,,,,,,,,,,,,
2012-04-04,4.384300,47164.000000,12.187500,,,,,4.000000,4.000000,5.010000,,,,,,,,,,,,,
2012-04-05,,,,,,,,4.000000,4.000000,5.000000,,,,,,,,,,,,,
2012-04-06,,,,,,,,4.000000,4.000000,4.990000,,,,,,,,,,,,,
2012-04-07,,,,,,,,4.000000,4.000000,4.700000,,,,,,,,,,,,,
2012-04-08,,,,,,,,4.000000,4.000000,4.760000,,,,,,,,,,,,,
2012-04-09,4.386800,47177.000000,12.250000,,,,,4.000000,4.000000,4.750000,,,,,,,,,,,,,
2012-04-10,4.383500,47279.000000,12.250000,,,,,4.000000,4.000000,4.800000,,,,,,,,,,,,,
2012-04-11,4.385000,47381.000000,12.250000,,,,,4.000000,4.000000,4.920000,,,,,,,,,,,,,
2012-04-12,4.390700,47508.000000,12.187500,,,,,4.000000,4.000000,4.930000,,,,,,,,,,,,,
2012-04-13,4.394800,47598.000000,12.500000,,,,,4.000000,4.000000,4.930000,,,,,,,,,,,,,
2012-04-14,,,,,,,,4.000000,4.000000,4.960000,,,,,,,,,,,,,
2012-04-15,,,,,,,,4.000000,4.000000,4.990000,,,,,,,,,,,,,
2012-04-16,4.395300,47442.000000,12.250000,,,,,4.000000,4.000000,4.980000,,,,,,,,,,,,,
2012-04-17,4.394800,47470.000000,12.000000,,,,,4.000000,4.000000,4.980000,,,,,,,,,,,,,
2012-04-18,4.399200,47437.000000,12.062500,,,,,4.000000,4.000000,5.160000,,,,,,,,,,,,,
2012-04-19,4.403700,47443.000000,12.125000,,,,,4.000000,4.000000,5.130000,,,,,,,,,,,,,
2012-04-20,4.405200,47472.000000,12.812500,,,,,4.000000,4.000000,5.380000,,,,,,,,,,,,,
2012-04-21,,,,,,,,4.000000,4.000000,5.240000,,,,,,,,,,,,,
2012-04-22,,,,,,,,4.000000,4.000000,5.170000,,,,,,,,,,,,,
2012-04-23,4.407000,47518.000000,12.000000,,,,,4.000000,4.000000,5.000000,,,,,,,,,,,,,
2012-04-24,4.409800,47627.000000,12.187500,,,,,4.000000,4.000000,5.080000,,,,,,,,,,,,,
2012-04-25,4.413000,47644.000000,12.000000,,,,,4.000000,4.000000,5.140000,,,,,,,,,,,,,
2012-04-26,4.414500,47715.000000,11.812500,,,,,4.000000,4.000000,4.980000,,,,,,,,,,,,,
2012-04-27,4.414800,47844.000000,11.750000,,,,,4.000000,4.000000,5.040000,,,,,,,,,,,,,
2012-04-28,,,,,,,,4.000000,4.000000,4.910000,,,,,,,,,,,,,
2012-04-29,,,,,,,,4.000000,4.000000,4.910000,,,,,,,,,,,,,
2012-04-30,,,,,,0.800000,9.800000,4.000000,4.000000,5.000000,,,,,,,,,,,,,
2012-05-01,,,,,,,,4.000000,4.000000,4.970000,,,,,,,,,,,,,
2012-05-02,4.420500,47553.000000,12.000000,,,,,4.000000,4.000000,5.060000,,,,,,,,,,,,,
2012-05-03,4.427300,47492.000000,11.625000,,,,,4.000000,4.000000,5.100000,,,,,,,,,,,,,
2012-05-04,4.427500,47593.000000,11.812500,,,,,4.000000,4.000000,5.070000,,,,,,,,,,,,,
2012-05-05,,,,,,,,4.000000,4.000000,5.040000,,,,,,,,,,,,,
2012-05-06,,,,,,,,4.000000,4.000000,5.080000,,,,,,,,,,,,,
2012-05-07,4.431700,47587.000000,11.750000,,,,,4.000000,4.000000,5.050000,,,,,,,,,,,,,
2012-05-08,4.436700,47458.000000,11.687500,,,,,4.000000,4.000000,5.020000,,,,,,,,,,,,,
2012-05-09,4.440500,47425.000000,11.062500,,,,,4.000000,4.000000,5.020000,,,,,,,,,,,,,
2012-05-10,4.439700,47532.000000,12.000000,,,,,4.000000,4.000000,4.870000,,,,,,,,,,,,,
2012-05-11,4.438000,47643.000000,11.625000,,,,,4.000000,4.000000,4.950000,,,,,,,,,,,,,
2012-05-12,,,,,,,,4.000000,4.000000,4.910000,,,,,,,,,,,,,
2012-05-13,,,,,,,,4.000000,4.000000,4.940000,,,,,,,,,,,,,
2012-05-14,4.442000,47515.000000,11.750000,,,,,4.000000,4.000000,4.930000,,,,,,,,,,,,,
2012-05-15,4.442800,47589.000000,11.312500,,,,,4.000000,4.000000,4.950000,,,,,,,,,,,,,
2012-05-16,4.443700,47648.000000,11.875000,,,,,4.000000,4.000000,5.040000,,,,,,,,,,,,,
2012-05-17,4.450500,47645.000000,11.437500,,,,,4.000000,4.000000,5.020000,,,,,,,,,,,,,
2012-05-18,4.454300,47589.000000,11.437500,,,,,4.000000,4.000000,5.070000,,,,,,,,,,,,,
2012-05-19,,,,,,,,4.000000,4.000000,5.070000,,,,,,,,,,,,,
2012-05-20,,,,,,,,4.000000,4.000000,5.030000,,,,,,,,,,,,,
2012-05-21,4.462200,47484.000000,11.812500,,,,,4.000000,4.000000,5.080000,,,,,,,,,,,,,
2012-05-22,4.467500,47302.000000,11.687500,,,,,4.000000,4.000000,5.030000,,,,,,,,,,,,,
2012-05-23,4.469200,47171.000000,11.750000,,,,,4.000000,4.000000,5.100000,,,,,,,,,,,,,
2012-05-24,4.469700,47154.000000,11.812500,,,,,4.000000,4.000000,5.120000,,,,,,,,,,,,,
2012-05-25,,,,,,,,4.000000,4.000000,5.080000,,,,,,,,,,,,,
2012-05-26,,,,,,,,4.000000,4.000000,5.070000,,,,,,,,,,,,,
2012-05-27,,,,,,,,4.000000,4.000000,5.070000,,,,,,,,,,,,,
2012-05-28,4.477000,47157.000000,11.625000,,,,,4.000000,4.000000,5.070000,,,,,,,,,,,,,
2012-05-29,4.473500,47086.000000,11.937500,,,,,4.000000,4.000000,5.110000,,,,,,,,,,,,,
2012-05-30,4.472300,46952.000000,11.875000,,,,,4.000000,4.000000,5.140000,,,,,,,,,,,,,
2012-05-31,4.471300,46978.000000,11.750000,,,0.800000,9.900000,4.000000,4.000000,5.170000,,,,,,,,,,,,,
2012-06-01,4.470800,47111.000000,11.812500,,,,,4.000000,4.000000,5.220000,,,,,,,,,,,,,
2012-06-02,,,,,,,,4.000000,4.000000,5.190000,,,,,,,,,,,,,
2012-06-03,,,,,,,,4.000000,4.000000,5.190000,,,,,,,,,,,,,
2012-06-04,4.473300,47037.000000,11.875000,,,,,4.000000,4.000000,5.220000,,,,,,,,,,,,,
2012-06-05,4.478700,46886.000000,11.937500,,,,,4.000000,4.000000,5.370000,,,,,,,,,,,,,
2012-06-06,4.490300,46838.000000,12.000000,,,,,5.000000,4.000000,5.410000,,,,,,,,,,,,,
2012-06-07,4.486300,46733.000000,11.812500,,,,,5.000000,4.000000,5.530000,,,,,,,,,,,,,
2012-06-08,4.485300,46737.000000,12.062500,,,,,5.000000,4.000000,5.610000,,,,,,,,,,,,,
2012-06-09,,,,,,,,5.000000,4.000000,5.480000,,,,,,,,,,,,,
2012-06-10,,,,,,,,5.000000,4.000000,5.420000,,,,,,,,,,,,,
2012-06-11,4.489000,46717.000000,11.500000,,,,,5.000000,4.000000,5.520000,,,,,,,,,,,,,
2012-06-12,4.489200,46687.000000,10.687500,,,,,5.000000,4.000000,5.710000,,,,,,,,,,,,,
2012-06-13,4.490500,46637.000000,11.937500,,,,,5.000000,4.000000,5.860000,,,,,,,,,,,,,
2012-06-14,4.495000,46498.000000,12.125000,,,,,5.000000,4.000000,5.900000,,,,,,,,,,,,,
2012-06-15,4.496500,46504.000000,10.812500,,,,,5.000000,4.000000,6.420000,,,,,,,,,,,,,
2012-06-16,,,,,,,,5.000000,4.000000,6.410000,,,,,,,,,,,,,
2012-06-17,,,,,,,,5.000000,4.000000,6.190000,,,,,,,,,,,,,
2012-06-18,4.499500,46511.000000,12.062500,,,,,5.000000,4.000000,6.060000,,,,,,,,,,,,,
2012-06-19,4.502800,46451.000000,12.062500,,,,,5.000000,4.000000,6.460000,,,,,,,,,,,,,
2012-06-20,,,,,,,,5.000000,4.000000,6.640000,,,,,,,,,,,,,
2012-06-21,4.505200,46308.000000,12.375000,,,,,5.000000,4.000000,6.640000,,,,,,,,,,,,,
2012-06-22,4.510300,46296.000000,13.062500,,,,,5.000000,4.000000,6.590000,,,,,,,,,,,,,
2012-06-23,,,,,,,,5.000000,4.000000,6.450000,,,,,,,,,,,,,
2012-06-24,,,,,,,,5.000000,4.000000,6.400000,,,,,,,,,,,,,
2012-06-25,4.513300,46394.000000,12.812500,,,,,5.000000,4.000000,6.260000,,,,,,,,,,,,,
2012-06-26,4.516800,46393.000000,12.500000,,,,,5.000000,4.000000,6.410000,,,,,,,,,,,,,
2012-06-27,4.515700,46453.000000,12.687500,,,,,5.000000,4.000000,6.490000,,,,,,,,,,,,,
2012-06-28,4.521300,46475.000000,12.687500,,,,,5.000000,4.000000,6.500000,,,,,,,,,,,,,
2012-06-29,4.525300,46348.000000,13.625000,,,,,5.000000,4.000000,6.520000,,,,,,,,,,,,,
2012-06-30,,,,,,0.700000,9.900000,5.000000,4.000000,6.610000,,,,,,,,,,,,,
2012-07-01,,,,,,,,5.000000,4.000000,6.520000,,,,,,,,,,,,,
2012-07-02,4.530000,46215.000000,13.000000,,,,,5.000000,4.000000,6.610000,,,,,,,,,,,,,
2012-07-03,4.525800,46314.000000,13.250000,,,,,5.000000,4.000000,6.440000,,,,,,,,,,,,,
2012-07-04,4.525500,46293.000000,13.062500,,,,,5.000000,4.000000,6.440000,,,,,,,,,,,,,
2012-07-05,4.527500,46435.000000,13.187500,,,,,5.000000,4.000000,6.600000,,,,,,,,,,,,,
2012-07-06,4.532200,46436.000000,13.875000,,,,,5.000000,4.000000,6.590000,,,,,,,,,,,,,
2012-07-07,,,,,,,,5.000000,4.000000,6.790000,,,,,,,,,,,,,
2012-07-08,,,,,,,,5.000000,4.000000,6.730000,,,,,,,,,,,,,
2012-07-09,,,,,,,,5.000000,4.000000,6.940000,,,,,,,,,,,,,
2012-07-10,4.538500,46520.000000,13.500000,,,,,5.000000,4.000000,7.080000,,,,,,,,,,,,,
2012-07-11,4.540300,46608.000000,13.375000,,,,,5.000000,4.000000,7.140000,,,,,,,,,,,,,
2012-07-12,4.543000,46665.000000,13.250000,,,,,5.000000,4.000000,7.590000,,,,,,,,,,,,,
2012-07-13,4.547800,46747.000000,13.187500,,,,,5.000000,4.000000,7.590000,,,,,,,,,,,,,
2012-07-14,,,,,,,,5.000000,4.000000,7.550000,,,,,,,,,,,,,
2012-07-15,,,,,,,,5.000000,4.000000,7.570000,,,,,,,,,,,,,
2012-07-16,4.548300,46812.000000,11.437500,,,,,5.000000,4.000000,8.300000,,,,,,,,,,,,,
2012-07-17,4.551200,46816.000000,12.625000,,,,,5.000000,4.000000,8.550000,,,,,,,,,,,,,
2012-07-18,4.553300,46811.000000,12.500000,,,,,5.000000,4.000000,9.000000,,,,,,,,,,,,,
2012-07-19,4.558300,46752.000000,12.562500,,,,,5.000000,4.000000,8.760000,,,,,,,,,,,,,
2012-07-20,4.562000,46792.000000,13.250000,,,,,5.000000,4.000000,8.440000,,,,,,,,,,,,,
2012-07-21,,,,,,,,5.000000,4.000000,8.740000,,,,,,,,,,,,,
2012-07-22,,,,,,,,5.000000,4.000000,8.420000,,,,,,,,,,,,,
2012-07-23,4.568800,46779.000000,13.250000,,,,,5.000000,4.000000,8.590000,,,,,,,,,,,,,
2012-07-24,4.570700,46732.000000,13.437500,,,,,5.000000,4.000000,8.610000,,,,,,,,,,,,,
2012-07-25,4.571200,46735.000000,13.687500,,,,,5.000000,4.000000,8.640000,,,,,,,,,,,,,
2012-07-26,4.571700,46809.000000,13.312500,,,,,5.000000,4.000000,8.750000,,,,,,,,,,,,,
2012-07-27,4.578300,46839.000000,14.125000,,,,,5.000000,4.000000,8.830000,,,,,,,,,,,,,
2012-07-28,,,,,,,,5.000000,4.000000,8.880000,,,,,,,,,,,,,
2012-07-29,,,,,,,,5.000000,4.000000,8.710000,,,,,,,,,,,,,
2012-07-30,4.581300,46723.000000,13.750000,,,,,5.000000,4.000000,9.000000,,,,,,,,,,,,,
2012-07-31,4.583300,46818.000000,13.500000,,,0.800000,9.900000,5.000000,4.000000,9.280000,,,,,,,,,,,,,
2012-08-01,4.586200,46807.000000,13.562500,,,,,5.000000,4.000000,9.450000,,,,,,,,,,,,,
2012-08-02,4.587000,46727.000000,13.437500,,,,,5.000000,5.000000,10.440000,,,,,,,,,,,,,
2012-08-03,4.587700,45009.000000,14.000000,,,,,5.000000,5.000000,10.790000,,,,,,,,,,,,,
2012-08-04,,,,,,,,5.000000,5.000000,10.510000,,,,,,,,,,,,,
2012-08-05,,,,,,,,5.000000,5.000000,10.710000,,,,,,,,,,,,,
2012-08-06,4.590700,45032.000000,13.937500,,,,,5.000000,5.000000,10.840000,,,,,,,,,,,,,
2012-08-07,4.594000,45037.000000,13.875000,,,,,5.000000,5.000000,10.750000,,,,,,,,,,,,,
2012-08-08,4.597300,45054.000000,13.812500,,,,,5.000000,5.000000,10.990000,,,,,,,,,,,,,
2012-08-09,4.599200,45080.000000,14.062500,,,,,5.000000,5.000000,11.000000,,,,,,,,,,,,,
2012-08-10,4.601200,45131.000000,14.125000,,,,,5.000000,5.000000,11.320000,,,,,,,,,,,,,
2012-08-11,,,,,,,,5.000000,5.000000,11.380000,,,,,,,,,,,,,
2012-08-12,,,,,,,,5.000000,5.000000,11.490000,,,,,,,,,,,,,
2012-08-13,4.604700,45133.000000,14.125000,,,,,5.000000,5.000000,11.890000,,,,,,,,,,,,,
2012-08-14,4.606200,45072.000000,14.000000,,,,,5.000000,5.000000,12.250000,,,,,,,,,,,,,
2012-08-15,4.607500,45059.000000,13.000000,,,,,5.000000,5.000000,13.010000,,,,,,,,,,,,,
2012-08-16,4.609200,45099.000000,14.187500,,,,,5.000000,5.000000,13.420000,,,,,,,,,,,,,
2012-08-17,4.613800,45100.000000,14.125000,,,,,5.000000,5.000000,12.500000,,,,,,,,,,,,,
2012-08-18,,,,,,,,5.000000,5.000000,11.540000,,,,,,,,,,,,,
2012-08-19,,,,,,,,5.000000,5.000000,8.060000,,,,,,,,,,,,,
2012-08-20,,,,,,,,5.000000,5.000000,10.050000,,,,,,,,,,,,,
2012-08-21,4.618700,45136.000000,13.000000,,,,,5.000000,5.000000,10.180000,,,,,,,,,,,,,
2012-08-22,4.617800,45118.000000,14.000000,,,,,5.000000,5.000000,9.960000,,,,,,,,,,,,,
2012-08-23,4.617300,45140.000000,13.750000,,,,,5.000000,5.000000,10.020000,,,,,,,,,,,,,
2012-08-24,4.620200,45215.000000,14.750000,,,,,5.000000,5.000000,10.370000,,,,,,,,,,,,,
2012-08-25,,,,,,,,5.000000,5.000000,10.570000,,,,,,,,,,,,,
2012-08-26,,,,,,,,5.000000,5.000000,10.310000,,,,,,,,,,,,,
2012-08-27,4.628700,45212.000000,14.187500,,,,,5.000000,5.000000,10.780000,,,,,,,,,,,,,
2012-08-28,4.632200,45202.000000,14.125000,,,,,5.000000,5.000000,11.000000,,,,,,,,,,,,,
2012-08-29,4.631200,45077.000000,14.187500,,,,,5.000000,5.000000,10.780000,,,,,,,,,,,,,
2012-08-30,4.630700,45054.000000,14.125000,,,,,5.000000,5.000000,10.650000,,,,,,,,,,,,,
2012-08-31,4.634700,45152.000000,14.437500,,,0.900000,10.000000,5.000000,5.000000,10.160000,,,,,,,,,,,,,
2012-09-01,,,,,,,,5.000000,5.000000,9.910000,,,,,,,,,,,,,
2012-09-02,,,,,,,,5.000000,5.000000,10.180000,,,,,,,,,,,,,
2012-09-03,4.642300,45168.000000,14.000000,,,,,5.000000,5.000000,10.550000,,,,,,,,,,,,,
2012-09-04,4.644800,45152.000000,13.937500,,,,,5.000000,5.000000,10.360000,,,,,,,,,,,,,
2012-09-05,4.650500,45162.000000,14.312500,,,,,5.000000,5.000000,10.990000,,,,,,,,,,,,,
2012-09-06,4.653500,45205.000000,14.062500,,,,,5.000000,5.000000,11.020000,,,,,,,,,,,,,
2012-09-07,4.658500,45264.000000,14.812500,,,,,5.000000,5.000000,11.030000,,,,,,,,,,,,,
2012-09-08,,,,,,,,5.000000,5.000000,10.970000,,,,,,,,,,,,,
2012-09-09,,,,,,,,5.000000,5.000000,10.980000,,,,,,,,,,,,,
2012-09-10,4.662000,45263.000000,14.125000,,,,,5.000000,5.000000,10.950000,,,,,,,,,,,,,
2012-09-11,4.662300,45271.000000,13.812500,,,,,5.000000,5.000000,11.040000,,,,,,,,,,,,,
2012-09-12,4.662200,45274.000000,14.187500,,,,,5.000000,5.000000,11.140000,,,,,,,,,,,,,
2012-09-13,4.662700,45306.000000,14.375000,,,,,5.000000,5.000000,11.300000,,,,,,,,,,,,,
2012-09-14,4.668500,45362.000000,14.625000,,,,,5.000000,5.000000,11.500000,,,,,,,,,,,,,
2012-09-15,,,,,,,,5.000000,5.000000,11.630000,,,,,,,,,,,,,
2012-09-16,,,,,,,,5.000000,5.000000,11.750000,,,,,,,,,,,,,
2012-09-17,4.673700,45253.000000,14.187500,,,,,5.000000,5.000000,11.850000,,,,,,,,,,,,,
2012-09-18,4.675000,45261.000000,14.187500,,,,,5.000000,5.000000,11.910000,,,,,,,,,,,,,
2012-09-19,4.680200,45250.000000,14.000000,,,,,5.000000,5.000000,12.320000,,,,,,,,,,,,,
2012-09-20,4.682200,45239.000000,14.312500,,,,,5.000000,5.000000,12.280000,,,,,,,,,,,,,
2012-09-21,4.684200,45311.000000,14.312500,,,,,5.000000,5.000000,12.190000,,,,,,,,,,,,,
2012-09-22,,,,,,,,5.000000,5.000000,11.970000,,,,,,,,,,,,,
2012-09-23,,,,,,,,5.000000,5.000000,11.990000,,,,,,,,,,,,,
2012-09-24,,,,,,,,5.000000,5.000000,11.900000,,,,,,,,,,,,,
2012-09-25,4.689700,45244.000000,14.312500,,,,,5.000000,5.000000,11.750000,,,,,,,,,,,,,
2012-09-26,4.690000,45161.000000,14.187500,,,,,5.000000,5.000000,12.200000,,,,,,,,,,,,,
2012-09-27,4.691500,45176.000000,14.687500,,,,,5.000000,5.000000,12.220000,,,,,,,,,,,,,
2012-09-28,4.694200,45010.000000,14.875000,,,,,5.000000,5.000000,12.280000,,,,,,,,,,,,,
2012-09-29,,,,,,,,5.000000,5.000000,12.280000,,,,,,,,,,,,,
2012-09-30,,,,,,0.900000,10.000000,5.000000,5.000000,12.220000,,,,,,,,,,,,,
2012-10-01,4.699200,45089.000000,14.625000,,,,,5.000000,5.000000,12.140000,,,,,,,,,,,,,
2012-10-02,4.699800,45107.000000,14.562500,,,,,5.000000,5.000000,12.640000,,,,,,,,,,,,,
2012-10-03,4.701200,44975.000000,14.375000,,,,,5.000000,5.000000,12.900000,,,,,,,,,,,,,
2012-10-04,4.703800,45020.000000,14.750000,,,,,5.000000,5.000000,12.570000,,,,,,,,,,,,,
2012-10-05,4.707700,45130.000000,15.312500,,,,,5.000000,5.000000,12.500000,,,,,,,,,,,,,
2012-10-06,,,,,,,,5.000000,5.000000,12.390000,,,,,,,,,,,,,
2012-10-07,,,,,,,,5.000000,5.000000,11.710000,,,,,,,,,,,,,
2012-10-08,,,,,,,,5.000000,5.000000,11.620000,,,,,,,,,,,,,
2012-10-09,4.712800,45125.000000,14.687500,,,,,5.000000,5.000000,11.990000,,,,,,,,,,,,,
2012-10-10,4.713500,45142.000000,14.812500,,,,,5.000000,5.000000,12.240000,,,,,,,,,,,,,
2012-10-11,4.719500,45162.000000,15.000000,,,,,5.000000,5.000000,12.090000,,,,,,,,,,,,,
2012-10-12,4.722700,45109.000000,14.937500,,,,,5.000000,5.000000,11.900000,,,,,,,,,,,,,
2012-10-13,,,,,,,,5.000000,5.000000,11.850000,,,,,,,,,,,,,
2012-10-14,,,,,,,,5.000000,5.000000,11.790000,,,,,,,,,,,,,
2012-10-15,4.725500,44979.000000,15.187500,,,,,5.000000,5.000000,11.660000,,,,,,,,,,,,,
2012-10-16,4.729300,44974.000000,15.187500,,,,,5.000000,5.000000,11.920000,,,,,,,,,,,,,
2012-10-17,4.732500,44924.000000,14.937500,,,,,5.000000,5.000000,11.880000,,,,,,,,,,,,,
2012-10-18,4.733200,44922.000000,15.000000,,,,,5.000000,5.000000,11.800000,,,,,,,,,,,,,
2012-10-19,4.736800,44935.000000,15.562500,,,,,5.000000,5.000000,11.670000,,,,,,,,,,,,,
2012-10-20,,,,,,,,5.000000,5.000000,11.600000,,,,,,,,,,,,,
2012-10-21,,,,,,,,5.000000,5.000000,11.320000,,,,,,,,,,,,,
2012-10-22,4.743200,44893.000000,15.000000,,,,,5.000000,5.000000,11.490000,,,,,,,,,,,,,
2012-10-23,4.744000,44854.000000,14.062500,,,,,5.000000,5.000000,11.580000,,,,,,,,,,,,,
2012-10-24,4.746700,44792.000000,14.812500,,,,,5.000000,5.000000,11.400000,,,,,,,,,,,,,
2012-10-25,4.750800,45313.000000,15.312500,,,,,5.000000,5.000000,10.550000,,,,,,,,,,,,,
2012-10-26,4.753200,45253.000000,15.500000,,,,,5.000000,5.000000,10.000000,,,,,,,,,,,,,
2012-10-27,,,,,,,,5.000000,5.000000,10.430000,,,,,,,,,,,,,
2012-10-28,,,,,,,,5.000000,5.000000,10.540000,,,,,,,,,,,,,
2012-10-29,4.755800,45269.000000,15.062500,,,,,5.000000,5.000000,10.800000,,,,,,,,,,,,,
2012-10-30,4.760000,45128.000000,14.875000,,,,,5.000000,5.000000,10.800000,,,,,,,,,,,,,
2012-10-31,4.765500,45274.000000,14.875000,,,0.800000,10.200000,5.000000,5.000000,11.000000,,,,,,,,,,,,,
2012-11-01,4.770000,45270.000000,15.187500,,,,,5.000000,5.000000,10.850000,,,,,,,,,,,,,
2012-11-02,4.770800,45219.000000,15.187500,,,,,5.000000,5.000000,10.670000,,,,,,,,,,,,,
2012-11-03,,,,,,,,5.000000,5.000000,10.660000,,,,,,,,,,,,,
2012-11-04,,,,,,,,5.000000,5.000000,10.640000,,,,,,,,,,,,,
2012-11-05,4.772200,45273.000000,15.187500,,,,,5.000000,5.000000,10.780000,,,,,,,,,,,,,
2012-11-06,,,,,,,,5.000000,5.000000,10.740000,,,,,,,,,,,,,
2012-11-07,4.771500,45388.000000,15.187500,,,,,5.000000,5.000000,10.800000,,,,,,,,,,,,,
2012-11-08,4.772500,45402.000000,15.125000,,,,,5.000000,5.000000,10.810000,,,,,,,,,,,,,
2012-11-09,4.777000,45444.000000,15.375000,,,,,5.000000,5.000000,10.800000,,,,,,,,,,,,,
2012-11-10,,,,,,,,5.000000,5.000000,10.810000,,,,,,,,,,,,,
2012-11-11,,,,,,,,5.000000,5.000000,10.820000,,,,,,,,,,,,,
2012-11-12,4.782200,45429.000000,15.125000,,,,,5.000000,5.000000,10.870000,,,,,,,,,,,,,
2012-11-13,4.783200,45417.000000,15.437500,,,,,5.000000,5.000000,10.870000,,,,,,,,,,,,,
2012-11-14,4.785500,45438.000000,15.375000,,,,,5.000000,5.000000,10.970000,,,,,,,,,,,,,
2012-11-15,4.790800,45356.000000,15.250000,,,,,5.000000,5.000000,11.050000,,,,,,,,,,,,,
2012-11-16,4.798000,45364.000000,15.437500,,,,,5.000000,5.000000,11.460000,,,,,,,,,,,,,
2012-11-17,,,,,,,,5.000000,5.000000,11.570000,,,,,,,,,,,,,
2012-11-18,,,,,,,,5.000000,5.000000,11.510000,,,,,,,,,,,,,
2012-11-19,4.802800,45344.000000,15.437500,,,,,5.000000,5.000000,11.650000,,,,,,,,,,,,,
2012-11-20,4.805800,45292.000000,15.250000,,,,,5.000000,5.000000,11.650000,,,,,,,,,,,,,
2012-11-21,4.809000,45295.000000,15.312500,,,,,5.000000,5.000000,11.670000,,,,,,,,,,,,,
2012-11-22,4.823500,45286.000000,15.125000,,,,,5.000000,5.000000,11.880000,,,,,,,,,,,,,
2012-11-23,4.821000,45285.000000,14.562500,,,,,5.000000,5.000000,12.160000,,,,,,,,,,,,,
2012-11-24,,,,,,,,5.000000,5.000000,12.250000,,,,,,,,,,,,,
2012-11-25,,,,,,,,5.000000,5.000000,12.310000,,,,,,,,,,,,,
2012-11-26,,,,,,,,5.000000,5.000000,12.200000,,,,,,,,,,,,,
2012-11-27,4.822700,45267.000000,15.750000,,,,,5.000000,5.000000,12.070000,,,,,,,,,,,,,
2012-11-28,4.825300,45169.000000,15.562500,,,,,5.000000,5.000000,12.220000,,,,,,,,,,,,,
2012-11-29,4.830200,45122.000000,15.187500,,,,,5.000000,5.000000,12.370000,,,,,,,,,,,,,
2012-11-30,4.833800,45238.000000,15.562500,,,0.900000,10.600000,5.000000,5.000000,12.430000,,,,,,,,,,,,,
2012-12-01,,,,,,,,5.000000,5.000000,12.340000,,,,,,,,,,,,,
2012-12-02,,,,,,,,5.000000,5.000000,12.420000,,,,,,,,,,,,,
2012-12-03,4.839800,45293.000000,15.187500,,,,,5.000000,5.000000,12.600000,,,,,,,,,,,,,
2012-12-04,4.844500,45315.000000,15.437500,,,,,5.000000,5.000000,12.590000,,,,,,,,,,,,,
2012-12-05,4.850500,45289.000000,15.187500,,,,,5.000000,5.000000,13.200000,,,,,,,,,,,,,
2012-12-06,4.854200,45291.000000,15.250000,,,,,5.000000,5.000000,13.450000,,,,,,,,,,,,,
2012-12-07,4.861700,45397.000000,15.750000,,,,,5.000000,5.000000,13.370000,,,,,,,,,,,,,
2012-12-08,,,,,,,,5.000000,5.000000,13.360000,,,,,,,,,,,,,
2012-12-09,,,,,,,,5.000000,5.000000,13.290000,,,,,,,,,,,,,
2012-12-10,4.863200,45491.000000,15.312500,,,,,5.000000,5.000000,13.300000,,,,,,,,,,,,,
2012-12-11,4.865500,45617.000000,15.250000,,,,,5.000000,5.000000,13.350000,,,,,,,,,,,,,
2012-12-12,4.871800,45678.000000,15.125000,,,,,5.000000,5.000000,13.490000,,,,,,,,,,,,,
2012-12-13,4.873500,45684.000000,15.125000,,,,,5.000000,5.000000,13.520000,,,,,,,,,,,,,
2012-12-14,4.877000,43070.000000,15.750000,,,,,5.000000,5.000000,13.510000,,,,,,,,,,,,,
2012-12-15,,,,,,,,5.000000,5.000000,13.380000,,,,,,,,,,,,,
2012-12-16,,,,,,,,5.000000,5.000000,13.270000,,,,,,,,,,,,,
2012-12-17,4.883200,43043.000000,15.312500,,,,,5.000000,5.000000,13.200000,,,,,,,,,,,,,
2012-12-18,4.886000,43110.000000,15.500000,,,,,5.000000,5.000000,13.130000,,,,,,,,,,,,,
2012-12-19,4.894800,43131.000000,15.375000,,,,,5.000000,5.000000,13.400000,,,,,,,,,,,,,
2012-12-20,4.898700,43162.000000,15.437500,,,,,5.000000,5.000000,13.350000,,,,,,,,,,,,,
2012-12-21,4.903200,43292.000000,15.750000,,,,,5.000000,5.000000,13.200000,,,,,,,,,,,,,
2012-12-22,,,,,,,,5.000000,5.000000,13.200000,,,,,,,,,,,,,
2012-12-23,,,,,,,,5.000000,5.000000,13.140000,,,,,,,,,,,,,
2012-12-24,,,,,,,,5.000000,5.000000,13.230000,,,,,,,,,,,,,
2012-12-25,,,,,,,,5.000000,5.000000,13.240000,,,,,,,,,,,,,
2012-12-26,4.910000,43390.000000,15.562500,,,,,5.000000,5.000000,13.180000,,,,,,,,,,,,,
2012-12-27,4.912500,43451.000000,14.937500,,,,,5.000000,5.000000,13.200000,,,,,,,,,,,,,
2012-12-28,4.913000,43194.000000,15.687500,,,,,5.000000,5.000000,13.180000,,,,,,,,,,,,,
2012-12-29,,,,,,,,5.000000,5.000000,13.220000,,,,,,,,,,,,,
2012-12-30,,,,,,,,5.000000,5.000000,13.200000,,,,,,,,,,,,,
2012-12-31,4.917300,43290.000000,15.437500,,,1.000000,10.800000,5.000000,5.000000,13.240000,,,,,,,,,,,,,
2013-01-01,,,,,,,,5.000000,5.000000,13.220000,,,,,,,,,,,,,
2013-01-02,4.922800,43232.000000,15.250000,,,,,5.000000,5.000000,13.090000,,,,,,,,,,,,,
2013-01-03,4.926300,43196.000000,15.250000,,,,,5.000000,5.000000,13.190000,,,,,,,,,,,,,
2013-01-04,4.926200,43047.000000,15.687500,,,,,5.000000,5.000000,13.190000,,,,,,,,,,,,,
2013-01-05,,,,,,,,5.000000,5.000000,13.150000,,,,,,,,,,,,,
2013-01-06,,,,,,,,5.000000,5.000000,13.150000,,,,,,,,,,,,,
2013-01-07,4.928800,43046.000000,15.187500,,,,,5.000000,5.000000,13.200000,,,,,,,,,,,,,
2013-01-08,4.931200,42971.000000,14.812500,,,,,5.000000,5.000000,13.500000,,,,,,,,,,,,,
2013-01-09,4.935300,42950.000000,15.062500,,,,,5.000000,5.000000,13.580000,,,,,,,,,,,,,
2013-01-10,4.938500,43004.000000,15.250000,,,,,5.000000,5.000000,14.000000,,,,,,,,,,,,,
2013-01-11,4.940800,42980.000000,15.062500,,,,,5.000000,5.000000,14.000000,,,,,,,,,,,,,
2013-01-12,,,,,,,,5.000000,5.000000,13.890000,,,,,,,,,,,,,
2013-01-13,,,,,,,,5.000000,5.000000,13.640000,,,,,,,,,,,,,
2013-01-14,4.948000,43009.000000,15.187500,,,,,5.000000,5.000000,14.100000,,,,,,,,,,,,,
2013-01-15,4.950700,43004.000000,15.125000,,,,,5.000000,5.000000,14.200000,,,,,,,,,,,,,
2013-01-16,4.949300,43032.000000,15.125000,,,,,5.000000,5.000000,14.530000,,,,,,,,,,,,,
2013-01-17,4.949500,43084.000000,15.312500,,,,,5.000000,5.000000,15.360000,,,,,,,,,,,,,
2013-01-18,4.950000,43058.000000,15.437500,,,,,5.000000,5.000000,15.570000,,,,,,,,,,,,,
2013-01-19,,,,,,,,5.000000,5.000000,15.380000,,,,,,,,,,,,,
2013-01-20,,,,,,,,5.000000,5.000000,15.500000,,,,,,,,,,,,,
2013-01-21,4.956300,43055.000000,15.375000,,,,,5.000000,5.000000,16.520000,,,,,,,,,,,,,
2013-01-22,4.958800,43015.000000,15.312500,,,,,5.000000,5.000000,17.350000,,,,,,,,,,,,,
2013-01-23,4.960800,42940.000000,15.187500,,,,,5.000000,5.000000,17.500000,,,,,,,,,,,,,
2013-01-24,4.962500,42832.000000,14.812500,,,,,5.000000,5.000000,17.290000,,,,,,,,,,,,,
2013-01-25,4.964000,42766.000000,15.250000,,,,,5.000000,5.000000,17.490000,,,,,,,,,,,,,
2013-01-26,,,,,,,,5.000000,5.000000,17.490000,,,,,,,,,,,,,
2013-01-27,,,,,,,,5.000000,5.000000,17.600000,,,,,,,,,,,,,
2013-01-28,4.970200,42707.000000,14.687500,,,,,5.000000,5.000000,18.670000,,,,,,,,,,,,,
2013-01-29,4.974000,42590.000000,14.625000,,,,,5.000000,5.000000,19.350000,,,,,,,,,,,,,
2013-01-30,4.976800,42531.000000,14.937500,,,,,5.000000,5.000000,19.450000,,,,,,,,,,,,,
2013-01-31,,,,,,1.100000,11.100000,5.000000,5.000000,20.460000,,,,,,,,,,,,,
2013-02-01,4.982800,42648.000000,14.687500,,,,,5.000000,5.000000,20.350000,,,,,,,,,,,,,
2013-02-02,,,,,,,,5.000000,5.000000,19.820000,,,,,,,,,,,,,
2013-02-03,,,,,,,,5.000000,5.000000,20.290000,,,,,,,,,,,,,
2013-02-04,4.982500,42657.000000,14.875000,,,,,5.000000,5.000000,20.300000,,,,,,,,,,,,,
2013-02-05,4.983300,42673.000000,14.687500,,,,,5.000000,5.000000,20.500000,,,,,,,,,,,,,
2013-02-06,4.985500,42568.000000,15.000000,,,,,5.000000,5.000000,20.910000,,,,,,,,,,,,,
2013-02-07,4.991300,42405.000000,14.562500,,,,,5.000000,5.000000,21.710000,,,,,,,,,,,,,
2013-02-08,4.996300,42301.000000,15.000000,,,,,5.000000,5.000000,22.400000,,,,,,,,,,,,,
2013-02-09,,,,,,,,5.000000,5.000000,23.140000,,,,,,,,,,,,,
2013-02-10,,,,,,,,5.000000,5.000000,23.700000,,,,,,,,,,,,,
2013-02-11,,,,,,,,5.000000,5.000000,23.940000,,,,,,,,,,,,,
2013-02-12,,,,,,,,5.000000,5.000000,25.470000,,,,,,,,,,,,,
2013-02-13,5.002000,42295.000000,14.750000,,,,,5.000000,5.000000,25.000000,,,,,,,,,,,,,
2013-02-14,5.004700,42195.000000,14.875000,,,,,5.000000,5.000000,27.400000,,,,,,,,,,,,,
2013-02-15,5.008800,42171.000000,14.937500,,,,,5.000000,5.000000,27.000000,,,,,,,,,,,,,
2013-02-16,,,,,,,,5.000000,5.000000,27.500000,,,,,,,,,,,,,
2013-02-17,,,,,,,,5.000000,5.000000,26.980000,,,,,,,,,,,,,
2013-02-18,5.018700,42175.000000,14.812500,,,,,5.000000,5.000000,26.920000,,,,,,,,,,,,,
2013-02-19,5.021500,42017.000000,14.687500,,,,,5.000000,5.000000,29.390000,,,,,,,,,,,,,
2013-02-20,,,,,,,,5.000000,5.000000,30.000000,,,,,,,,,,,,,
2013-02-21,5.027500,41877.000000,14.812500,,,,,5.000000,5.000000,30.000000,,,,,,,,,,,,,
2013-02-22,5.030000,41803.000000,14.750000,,,,,5.000000,5.000000,30.400000,,,,,,,,,,,,,
2013-02-23,,,,,,,,5.000000,5.000000,29.540000,,,,,,,,,,,,,
2013-02-24,,,,,,,,5.000000,5.000000,29.780000,,,,,,,,,,,,,
2013-02-25,5.033700,41844.000000,14.500000,,,,,5.000000,5.000000,30.430000,,,,,,,,,,,,,
2013-02-26,5.035800,41821.000000,15.000000,,,,,5.000000,5.000000,31.100000,,,,,,,,,,,,,
2013-02-27,5.039200,41540.000000,15.125000,,,,,5.000000,5.000000,31.310000,,,,,,,,,,,,,
2013-02-28,5.044800,41609.000000,13.937500,,,0.500000,10.800000,5.000000,5.000000,33.530000,,,,,,,,,,,,,
2013-03-01,5.047500,41576.000000,14.562500,,,,,5.000000,5.000000,34.550000,,,,,,,,,,,,,
2013-03-02,,,,,,,,5.000000,5.000000,34.160000,,,,,,,,,,,,,
2013-03-03,,,,,,,,5.000000,5.000000,34.330000,,,,,,,,,,,,,
2013-03-04,5.052300,41518.000000,14.562500,,,,,5.000000,5.000000,36.520000,,,,,,,,,,,,,
2013-03-05,5.055500,41502.000000,14.625000,,,,,5.000000,5.000000,40.750000,,,,,,,,,,,,,
2013-03-06,5.059200,41492.000000,14.750000,,,,,5.000000,5.000000,42.320000,,,,,,,,,,,,,
2013-03-07,5.062800,41456.000000,14.937500,,,,,5.000000,5.000000,41.680000,,,,,,,,,,,,,
2013-03-08,5.064800,41528.000000,15.062500,,,,,5.000000,5.000000,43.760000,,,,,,,,,,,,,
2013-03-09,,,,,,,,5.000000,5.000000,46.000000,,,,,,,,,,,,,
2013-03-10,,,,,,,,5.000000,5.000000,45.290000,,,,,,,,,,,,,
2013-03-11,5.069200,41497.000000,14.750000,,,,,5.000000,5.000000,48.250000,,,,,,,,,,,,,
2013-03-12,5.076500,41406.000000,14.812500,,,,,5.000000,5.000000,44.840000,,,,,,,,,,,,,
2013-03-13,5.078800,41377.000000,14.812500,,,,,5.000000,5.000000,46.990000,,,,,,,,,,,,,
2013-03-14,5.084300,41399.000000,14.875000,,,,,5.000000,5.000000,46.950000,,,,,,,,,,,,,
2013-03-15,5.090200,41242.000000,14.687500,,,,,5.000000,5.000000,46.900000,,,,,,,,,,,,,
2013-03-16,,,,,,,,5.000000,5.000000,46.740000,,,,,,,,,,,,,
2013-03-17,,,,,,,,5.000000,5.000000,47.240000,,,,,,,,,,,,,
2013-03-18,5.096700,41205.000000,14.875000,,,,,5.000000,5.000000,50.350000,,,,,,,,,,,,,
2013-03-19,5.096700,41085.000000,15.000000,,,,,5.000000,5.000000,59.410000,,,,,,,,,,,,,
2013-03-20,5.095800,40988.000000,14.875000,,,,,5.000000,5.000000,64.200000,,,,,,,,,,,,,
2013-03-21,5.099700,41038.000000,14.812500,,,,,5.000000,5.000000,72.230000,,,,,,,,,,,,,
2013-03-22,5.107700,40945.000000,15.375000,,,,,5.000000,5.000000,69.900000,,,,,,,,,,,,,
2013-03-23,,,,,,,,5.000000,5.000000,63.900000,,,,,,,,,,,,,
2013-03-24,,,,,,,,5.000000,5.000000,70.220000,,,,,,,,,,,,,
2013-03-25,5.116000,40867.000000,14.750000,,,,,5.000000,5.000000,75.110000,,,,,,,,,,,,,
2013-03-26,5.119300,40807.000000,15.187500,,,,,5.000000,5.000000,79.810000,,,,,,,,,,,,,
2013-03-27,5.122300,40446.000000,14.875000,,,,,5.000000,5.000000,89.300000,,,,,,,,,,,,,
2013-03-28,,,,,,,,5.000000,5.000000,88.520000,,,,,,,,,,,,,
2013-03-29,,,,,,,,5.000000,5.000000,90.000000,,,,,,,,,,,,,
2013-03-30,,,,,,,,5.000000,5.000000,92.110000,,,,,,,,,,,,,
2013-03-31,,,,,,0.700000,10.600000,5.000000,5.000000,96.150000,,,,,,,,,,,,,
2013-04-01,,,,,,,,5.000000,5.000000,104.700000,,,,,,,,,,,,,
2013-04-02,,,,,,,,5.000000,5.000000,116.000000,,,,,,,,,,,,,
2013-04-03,5.130300,40413.000000,14.625000,,,,,5.000000,5.000000,133.780000,,,,,,,,,,,,,
2013-04-04,5.132800,40384.000000,15.000000,,,,,5.000000,5.000000,135.000000,,,,,,,,,,,,,
2013-04-05,5.137000,40451.000000,15.062500,,,,,5.090000,5.150000,141.800000,,,,,,,,,,,,,
2013-04-06,,,,,,,,5.090000,5.150000,141.000000,,,,,,,,,,,,,
2013-04-07,,,,,,,,5.090000,5.150000,164.970000,,,,,,,,,,,,,
2013-04-08,5.134500,40413.000000,15.250000,,,,,5.000000,5.000000,185.600000,,,,,,,,,,,,,
2013-04-09,5.137300,40450.000000,15.187500,,,,,5.000000,5.000000,229.000000,,,,,,,,,,,,,
2013-04-10,5.140000,40425.000000,15.000000,,,,,5.000000,5.000000,162.000000,,,,,,,,,,,,,
2013-04-11,5.143200,40448.000000,15.000000,,,,,5.000000,5.000000,83.400000,,,,,,,,,,,,,
2013-04-12,5.146800,40326.000000,15.437500,,,,,5.000000,5.000000,109.900000,,,,,,,,,,,,,
2013-04-13,,,,,,,,5.000000,5.000000,91.640000,,,,,,,,,,,,,
2013-04-14,,,,,,,,5.000000,5.000000,91.110000,,,,,,,,,,,,,
2013-04-15,5.152200,39998.000000,14.875000,,,,,5.000000,5.000000,74.000000,,,,,,,,,,,,,
2013-04-16,5.155200,40064.000000,14.750000,,,,,5.000000,5.000000,68.090000,,,,,,,,,,,,,
2013-04-17,5.155800,39816.000000,15.187500,,,,,5.000000,5.000000,89.980000,,,,,,,,,,,,,
2013-04-18,5.158000,39793.000000,15.437500,,,,,5.000000,5.000000,109.300000,,,,,,,,,,,,,
2013-04-19,5.161300,39801.000000,15.125000,,,,,5.000000,5.000000,117.710000,,,,,,,,,,,,,
2013-04-20,,,,,,,,5.000000,5.000000,126.550000,,,,,,,,,,,,,
2013-04-21,,,,,,,,5.000000,5.000000,118.810000,,,,,,,,,,,,,
2013-04-22,5.166700,39790.000000,15.312500,,,,,5.000000,5.000000,123.740000,,,,,,,,,,,,,
2013-04-23,5.169300,39725.000000,15.062500,,,,,5.000000,5.000000,137.290000,,,,,,,,,,,,,
2013-04-24,5.174700,39710.000000,14.937500,,,,,5.000000,5.000000,149.000000,,,,,,,,,,,,,
2013-04-25,5.175300,39778.000000,15.437500,,,,,5.000000,5.000000,141.900000,,,,,,,,,,,,,
2013-04-26,5.175200,39750.000000,15.437500,,,,,5.000000,5.000000,137.300000,,,,,,,,,,,,,
2013-04-27,,,,,,,,5.000000,5.000000,128.800000,,,,,,,,,,,,,
2013-04-28,,,,,,,,5.000000,5.000000,135.280000,,,,,,,,,,,,,
2013-04-29,5.180500,39642.000000,15.187500,,,,,5.000000,5.000000,143.310000,,,,,,,,,,,,,
2013-04-30,5.184000,39532.000000,15.312500,,,0.700000,10.500000,5.000000,5.000000,139.880000,,,,,,,,,,,,,
2013-05-01,,,,,,,,5.000000,5.000000,116.750000,,,,,,,,,,,,,
2013-05-02,5.189800,39559.000000,15.687500,,,,,5.000000,5.000000,106.810000,,,,,,,,,,,,,
2013-05-03,5.196800,39440.000000,15.187500,,,,,5.000000,5.000000,98.080000,,,,,,,,,,,,,
2013-05-04,,,,,,,,5.000000,5.000000,112.620000,,,,,,,,,,,,,
2013-05-05,,,,,,,,5.000000,5.000000,116.570000,,,,,,,,,,,,,
2013-05-06,5.206500,39443.000000,15.312500,,,,,5.000000,5.000000,112.710000,,,,,,,,,,,,,
2013-05-07,5.209500,39361.000000,15.250000,,,,,5.000000,5.000000,110.000000,,,,,,,,,,,,,
2013-05-08,5.213000,39280.000000,15.500000,,,,,5.000000,5.000000,113.160000,,,,,,,,,,,,,
2013-05-09,5.219700,39220.000000,15.750000,,,,,5.000000,5.000000,111.960000,,,,,,,,,,,,,
2013-05-10,5.226800,39152.000000,15.375000,,,,,5.000000,5.000000,117.900000,,,,,,,,,,,,,
2013-05-11,,,,,,,,5.000000,5.000000,115.040000,,,,,,,,,,,,,
2013-05-12,,,,,,,,5.000000,5.000000,114.500000,,,,,,,,,,,,,
2013-05-13,5.231300,39122.000000,15.625000,,,,,5.000000,5.000000,115.990000,,,,,,,,,,,,,
2013-05-14,5.236000,39072.000000,15.187500,,,,,5.000000,5.000000,107.000000,,,,,,,,,,,,,
2013-05-15,5.235500,38952.000000,15.562500,,,,,5.000000,5.000000,108.950000,,,,,,,,,,,,,
2013-05-16,5.234000,38868.000000,15.875000,,,,,5.000000,5.000000,113.350000,,,,,,,,,,,,,
2013-05-17,5.234300,38819.000000,15.687500,,,,,5.000000,5.000000,116.730000,,,,,,,,,,,,,
2013-05-18,,,,,,,,5.000000,5.000000,118.490000,,,,,,,,,,,,,
2013-05-19,,,,,,,,5.000000,5.000000,116.380000,,,,,,,,,,,,,
2013-05-20,5.242300,38840.000000,15.937500,,,,,5.000000,5.000000,116.550000,,,,,,,,,,,,,
2013-05-21,5.247200,38802.000000,15.687500,,,,,5.000000,5.000000,117.500000,,,,,,,,,,,,,
2013-05-22,5.251200,38768.000000,16.187500,,,,,5.000000,5.000000,119.110000,,,,,,,,,,,,,
2013-05-23,5.260200,38748.000000,16.187500,,,,,5.000000,5.000000,123.840000,,,,,,,,,,,,,
2013-05-24,5.266200,38814.000000,16.125000,,,,,5.000000,5.000000,128.700000,,,,,,,,,,,,,
2013-05-25,,,,,,,,5.000000,5.000000,128.970000,,,,,,,,,,,,,
2013-05-26,,,,,,,,5.000000,5.000000,129.500000,,,,,,,,,,,,,
2013-05-27,5.268500,38821.000000,16.500000,,,,,5.000000,5.000000,126.250000,,,,,,,,,,,,,
2013-05-28,5.270200,38674.000000,16.000000,,,,,5.000000,5.000000,125.920000,,,,,,,,,,,,,
2013-05-29,5.274300,38540.000000,16.187500,,,,,5.000000,5.000000,130.350000,,,,,,,,,,,,,
2013-05-30,5.279800,38649.000000,16.125000,,,,,5.000000,5.000000,126.810000,,,,,,,,,,,,,
2013-05-31,5.283700,38551.000000,16.625000,,,0.700000,10.300000,5.000000,5.000000,127.910000,,,,,,,,,,,,,
2013-06-01,,,,,,,,5.000000,5.000000,128.770000,,,,,,,,,,,,,
2013-06-02,,,,,,,,5.000000,5.000000,123.000000,,,,,,,,,,,,,
2013-06-03,5.287500,38616.000000,16.250000,,,,,5.000000,5.000000,123.220000,,,,,,,,,,,,,
2013-06-04,5.289500,38520.000000,16.812500,,,,,5.000000,5.000000,120.570000,,,,,,,,,,,,,
2013-06-05,5.291700,38514.000000,16.500000,,,,,5.000000,5.000000,121.200000,,,,,,,,,,,,,
2013-06-06,5.295500,38520.000000,16.000000,,,,,5.000000,5.000000,118.780000,,,,,,,,,,,,,
2013-06-07,5.299500,38598.000000,16.687500,,,,,5.000000,5.000000,110.180000,,,,,,,,,,,,,
2013-06-08,,,,,,,,5.000000,5.000000,109.110000,,,,,,,,,,,,,
2013-06-09,,,,,,,,5.000000,5.000000,100.170000,,,,,,,,,,,,,
2013-06-10,5.305200,38641.000000,16.375000,,,,,5.000000,5.000000,104.220000,,,,,,,,,,,,,
2013-06-11,5.309300,38599.000000,16.375000,,,,,5.000000,5.000000,107.360000,,,,,,,,,,,,,
2013-06-12,5.316700,38610.000000,16.187500,,,,,5.000000,5.000000,106.560000,,,,,,,,,,,,,
2013-06-13,5.325000,38530.000000,16.125000,,,,,5.000000,5.000000,102.000000,,,,,,,,,,,,,
2013-06-14,5.330200,38375.000000,15.812500,,,,,5.000000,5.000000,99.010000,,,,,,,,,,,,,
2013-06-15,,,,,,,,5.000000,5.000000,99.420000,,,,,,,,,,,,,
2013-06-16,,,,,,,,5.000000,5.000000,99.370000,,,,,,,,,,,,,
2013-06-17,5.336800,38298.000000,16.187500,,,,,5.000000,5.000000,100.000000,,,,,,,,,,,,,
2013-06-18,5.339500,38286.000000,17.000000,,,,,5.000000,5.000000,104.500000,,,,,,,,,,,,,
2013-06-19,5.346700,38298.000000,17.125000,,,,,5.000000,5.000000,105.240000,,,,,,,,,,,,,
2013-06-20,,,,,,,,5.000000,5.000000,102.610000,,,,,,,,,,,,,
2013-06-21,,,,,,,,5.000000,5.000000,101.800000,,,,,,,,,,,,,
2013-06-22,,,,,,,,5.000000,5.000000,100.000000,,,,,,,,,,,,,
2013-06-23,,,,,,,,5.000000,5.000000,100.410000,,,,,,,,,,,,,
2013-06-24,5.359200,38038.000000,16.750000,,,,,5.000000,5.000000,99.470000,,,,,,,,,,,,,
2013-06-25,5.363500,37944.000000,17.062500,,,,,5.000000,5.000000,97.870000,,,,,,,,,,,,,
2013-06-26,5.368800,37782.000000,16.812500,,,,,5.000000,5.000000,98.770000,,,,,,,,,,,,,
2013-06-27,5.375800,37595.000000,17.125000,,,,,5.000000,5.000000,96.310000,,,,,,,,,,,,,
2013-06-28,5.385200,37005.000000,17.125000,,,,,5.000000,5.000000,89.960000,,,,,,,,,,,,,
2013-06-29,,,,,,,,5.000000,5.000000,88.980000,,,,,,,,,,,,,
2013-06-30,,,,,,0.800000,10.500000,5.000000,5.000000,89.530000,,,,,,,,,,,,,
2013-07-01,5.390000,37132.000000,17.312500,,,,,5.000000,5.000000,84.500000,,,,,,,,,,,,,
2013-07-02,5.393200,37156.000000,17.125000,,,,,5.000000,5.000000,88.000000,,,,,,,,,,,,,
2013-07-03,5.399000,37213.000000,16.750000,,,,,5.000000,5.000000,77.010000,,,,,,,,,,,,,
2013-07-04,5.405000,37205.000000,17.312500,,,,,5.000000,5.000000,79.400000,,,,,,,,,,,,,
2013-07-05,5.404800,37130.000000,17.125000,,,,,5.000000,5.000000,66.930000,,,,,,,,,,,,,
2013-07-06,,,,,,,,5.000000,5.000000,66.340000,,,,,,,,,,,,,
2013-07-07,,,,,,,,5.000000,5.000000,73.960000,,,,,,,,,,,,,
2013-07-08,5.407300,37229.000000,17.125000,,,,,5.000000,5.000000,74.400000,,,,,,,,,,,,,
2013-07-09,,,,,,,,5.000000,5.000000,75.010000,,,,,,,,,,,,,
2013-07-10,5.412500,37333.000000,17.000000,,,,,5.000000,5.000000,86.190000,,,,,,,,,,,,,
2013-07-11,5.418300,37416.000000,17.312500,,,,,5.000000,5.000000,87.130000,,,,,,,,,,,,,
2013-07-12,5.424200,37469.000000,16.875000,,,,,5.000000,5.000000,90.170000,,,,,,,,,,,,,
2013-07-13,,,,,,,,5.000000,5.000000,91.670000,,,,,,,,,,,,,
2013-07-14,,,,,,,,5.000000,5.000000,90.030000,,,,,,,,,,,,,
2013-07-15,5.430300,37461.000000,16.437500,,,,,5.000000,5.000000,93.780000,,,,,,,,,,,,,
2013-07-16,5.434500,37444.000000,17.062500,,,,,5.000000,5.000000,91.550000,,,,,,,,,,,,,
2013-07-17,5.438300,37413.000000,16.937500,,,,,5.000000,5.000000,90.970000,,,,,,,,,,,,,
2013-07-18,5.446500,37435.000000,17.375000,,,,,5.000000,5.000000,85.280000,,,,,,,,,,,,,
2013-07-19,5.459300,37464.000000,17.437500,,,,,5.000000,5.000000,86.510000,,,,,,,,,,,,,
2013-07-20,,,,,,,,5.000000,5.000000,85.040000,,,,,,,,,,,,,
2013-07-21,,,,,,,,5.000000,5.000000,85.930000,,,,,,,,,,,,,
2013-07-22,5.462300,37471.000000,17.687500,,,,,5.000000,5.000000,85.600000,,,,,,,,,,,,,
2013-07-23,5.461700,37416.000000,17.750000,,,,,5.000000,5.000000,86.980000,,,,,,,,,,,,,
2013-07-24,5.463800,37365.000000,17.187500,,,,,5.000000,5.000000,88.420000,,,,,,,,,,,,,
2013-07-25,5.471000,37303.000000,17.750000,,,,,5.000000,5.000000,90.160000,,,,,,,,,,,,,
2013-07-26,5.480700,37312.000000,17.687500,,,,,5.000000,5.000000,89.950000,,,,,,,,,,,,,
2013-07-27,,,,,,,,5.000000,5.000000,88.160000,,,,,,,,,,,,,
2013-07-28,,,,,,,,5.000000,5.000000,92.710000,,,,,,,,,,,,,
2013-07-29,5.490800,37296.000000,17.812500,,,,,6.000000,5.000000,93.390000,,,,,,,,,,,,,
2013-07-30,5.499300,36924.000000,17.500000,,,,,6.000000,5.000000,96.570000,,,,,,,,,,,,,
2013-07-31,5.506500,37049.000000,17.687500,,,0.900000,10.600000,6.000000,5.000000,98.280000,,,,,,,,,,,,,
2013-08-01,5.508200,37034.000000,17.687500,,,,,6.000000,5.000000,96.620000,,,,,,,,,,,,,
2013-08-02,5.517300,37089.000000,17.250000,,,,,6.000000,5.000000,95.850000,,,,,,,,,,,,,
2013-08-03,,,,,,,,6.000000,5.000000,95.550000,,,,,,,,,,,,,
2013-08-04,,,,,,,,6.000000,5.000000,96.380000,,,,,,,,,,,,,
2013-08-05,5.520200,37084.000000,17.687500,,,,,6.000000,5.000000,97.810000,,,,,,,,,,,,,
2013-08-06,5.527500,37026.000000,17.625000,,,,,6.000000,5.000000,97.690000,,,,,,,,,,,,,
2013-08-07,5.528500,37022.000000,17.500000,,,,,6.000000,5.000000,97.090000,,,,,,,,,,,,,
2013-08-08,5.537700,37068.000000,17.812500,,,,,6.000000,5.000000,94.270000,,,,,,,,,,,,,
2013-08-09,5.542800,37061.000000,17.625000,,,,,6.000000,5.000000,92.270000,,,,,,,,,,,,,
2013-08-10,,,,,,,,6.000000,5.000000,93.510000,,,,,,,,,,,,,
2013-08-11,,,,,,,,6.000000,5.000000,94.090000,,,,,,,,,,,,,
2013-08-12,5.549300,37060.000000,17.500000,,,,,6.000000,5.000000,95.350000,,,,,,,,,,,,,
2013-08-13,5.560300,36993.000000,17.750000,,,,,6.000000,5.000000,98.150000,,,,,,,,,,,,,
2013-08-14,5.568200,36963.000000,17.375000,,,,,6.000000,5.000000,99.190000,,,,,,,,,,,,,
2013-08-15,5.574800,37024.000000,17.562500,,,,,6.000000,5.000000,98.080000,,,,,,,,,,,,,
2013-08-16,5.589200,37056.000000,17.437500,,,,,6.000000,5.000000,98.250000,,,,,,,,,,,,,
2013-08-17,,,,,,,,6.000000,5.000000,99.710000,,,,,,,,,,,,,
2013-08-18,,,,,,,,6.000000,5.000000,99.300000,,,,,,,,,,,,,
2013-08-19,,,,,,,,6.000000,5.000000,102.850000,,,,,,,,,,,,,
2013-08-20,5.596200,37083.000000,17.750000,,,,,6.000000,6.000000,104.870000,,,,,,,,,,,,,
2013-08-21,5.600800,37053.000000,18.125000,,,,,6.000000,6.000000,110.430000,,,,,,,,,,,,,
2013-08-22,5.611500,37010.000000,17.312500,,,,,6.000000,6.000000,109.120000,,,,,,,,,,,,,
2013-08-23,5.621700,37011.000000,17.750000,,,,,6.000000,6.000000,107.650000,,,,,,,,,,,,,
2013-08-24,,,,,,,,6.000000,6.000000,109.150000,,,,,,,,,,,,,
2013-08-25,,,,,,,,6.000000,6.000000,113.120000,,,,,,,,,,,,,
2013-08-26,5.630200,36929.000000,18.125000,,,,,6.000000,6.000000,111.900000,,,,,,,,,,,,,
2013-08-27,5.642800,36911.000000,18.187500,,,,,6.000000,6.000000,117.750000,,,,,,,,,,,,,
2013-08-28,5.649200,36878.000000,18.125000,,,,,6.000000,6.000000,117.910000,,,,,,,,,,,,,
2013-08-29,5.661000,36837.000000,17.937500,,,,,6.000000,6.000000,118.500000,,,,,,,,,,,,,
2013-08-30,5.671300,36678.000000,18.062500,,,,,6.000000,6.000000,124.860000,,,,,,,,,,,,,
2013-08-31,,,,,,0.800000,10.500000,6.000000,6.000000,128.000000,,,,,,,,,,,,,
2013-09-01,,,,,,,,6.000000,6.000000,130.660000,,,,,,,,,,,,,
2013-09-02,5.684500,36676.000000,17.750000,,,,,6.000000,6.000000,130.150000,,,,,,,,,,,,,
2013-09-03,5.691000,36722.000000,17.937500,,,,,6.000000,6.000000,129.180000,,,,,,,,,,,,,
2013-09-04,5.700000,36668.000000,17.812500,,,,,6.000000,6.000000,122.810000,,,,,,,,,,,,,
2013-09-05,5.709700,36708.000000,18.312500,,,,,6.000000,6.000000,122.500000,,,,,,,,,,,,,
2013-09-06,5.702700,36717.000000,18.312500,,,,,6.000000,6.000000,117.670000,,,,,,,,,,,,,
2013-09-07,,,,,,,,6.000000,6.000000,119.930000,,,,,,,,,,,,,
2013-09-08,,,,,,,,6.000000,6.000000,118.340000,,,,,,,,,,,,,
2013-09-09,5.703800,36652.000000,17.875000,,,,,6.000000,6.000000,121.680000,,,,,,,,,,,,,
2013-09-10,5.710200,36578.000000,18.437500,,,,,6.000000,6.000000,122.070000,,,,,,,,,,,,,
2013-09-11,5.720700,36491.000000,18.187500,,,,,6.000000,6.000000,127.550000,,,,,,,,,,,,,
2013-09-12,5.719500,35261.000000,18.500000,,,,,6.000000,6.000000,126.380000,,,,,,,,,,,,,
2013-09-13,5.723800,35195.000000,18.125000,,,,,6.000000,6.000000,127.710000,,,,,,,,,,,,,
2013-09-14,,,,,,,,6.000000,6.000000,124.490000,,,,,,,,,,,,,
2013-09-15,,,,,,,,6.000000,6.000000,125.360000,,,,,,,,,,,,,
2013-09-16,5.731300,35150.000000,17.875000,,,,,6.000000,6.000000,126.270000,,,,,,,,,,,,,
2013-09-17,5.740800,34965.000000,18.250000,,,,,6.000000,6.000000,126.920000,,,,,,,,,,,,,
2013-09-18,5.749800,35107.000000,18.000000,,,,,6.000000,6.000000,127.000000,,,,,,,,,,,,,
2013-09-19,5.757800,35179.000000,18.125000,,,,,6.000000,6.000000,124.180000,,,,,,,,,,,,,
2013-09-20,5.759700,35000.000000,18.562500,,,,,6.000000,6.000000,122.910000,,,,,,,,,,,,,
2013-09-21,,,,,,,,6.000000,6.000000,123.390000,,,,,,,,,,,,,
2013-09-22,,,,,,,,6.000000,6.000000,123.270000,,,,,,,,,,,,,
2013-09-23,5.770300,35021.000000,17.562500,,,,,6.000000,6.000000,122.630000,,,,,,,,,,,,,
2013-09-24,5.771300,35059.000000,18.562500,,,,,6.000000,6.000000,123.860000,,,,,,,,,,,,,
2013-09-25,5.771000,34994.000000,18.562500,,,,,6.000000,6.000000,123.250000,,,,,,,,,,,,,
2013-09-26,5.779700,34891.000000,18.062500,,,,,6.000000,6.000000,124.840000,,,,,,,,,,,,,
2013-09-27,5.790500,34692.000000,18.312500,,,,,6.000000,6.000000,126.950000,,,,,,,,,,,,,
2013-09-28,,,,,,,,6.000000,6.000000,126.540000,,,,,,,,,,,,,
2013-09-29,,,,,,,,6.000000,6.000000,127.010000,,,,,,,,,,,,,
2013-09-30,5.791500,34741.000000,17.187500,,,0.800000,10.500000,6.000000,6.000000,126.250000,,,,,,,,,,,,,
2013-10-01,5.799500,34825.000000,18.437500,,,,,6.000000,6.000000,127.330000,,,,,,,,,,,,,
2013-10-02,5.802800,34714.000000,18.062500,,,,,6.000000,6.000000,103.850000,,,,,,,,,,,,,
2013-10-03,5.811800,34615.000000,18.875000,,,,,6.000000,6.000000,117.630000,,,,,,,,,,,,,
2013-10-04,5.812800,34746.000000,19.000000,,,,,6.000000,6.000000,121.940000,,,,,,,,,,,,,
2013-10-05,,,,,,,,6.000000,6.000000,121.200000,,,,,,,,,,,,,
2013-10-06,,,,,,,,6.000000,6.000000,122.490000,,,,,,,,,,,,,
2013-10-07,5.818800,34707.000000,18.812500,,,,,6.000000,6.000000,123.500000,,,,,,,,,,,,,
2013-10-08,5.822000,34632.000000,18.750000,,,,,6.000000,6.000000,124.130000,,,,,,,,,,,,,
2013-10-09,5.822800,34678.000000,18.312500,,,,,6.000000,6.000000,125.900000,,,,,,,,,,,,,
2013-10-10,5.827800,34538.000000,18.812500,,,,,6.000000,6.000000,126.800000,,,,,,,,,,,,,
2013-10-11,5.832500,34402.000000,18.687500,,,,,6.000000,6.000000,127.380000,,,,,,,,,,,,,
2013-10-12,,,,,,,,6.000000,6.000000,127.980000,,,,,,,,,,,,,
2013-10-13,,,,,,,,6.000000,6.000000,132.820000,,,,,,,,,,,,,
2013-10-14,,,,,,,,6.000000,6.000000,135.420000,,,,,,,,,,,,,
2013-10-15,5.838800,34387.000000,18.812500,,,,,6.000000,6.000000,142.760000,,,,,,,,,,,,,
2013-10-16,5.841000,34410.000000,18.437500,,,,,6.000000,6.000000,137.560000,,,,,,,,,,,,,
2013-10-17,5.848800,34339.000000,18.875000,,,,,6.000000,6.000000,143.940000,,,,,,,,,,,,,
2013-10-18,5.852800,34247.000000,19.562500,,,,,6.000000,6.000000,152.890000,,,,,,,,,,,,,
2013-10-19,,,,,,,,6.000000,6.000000,166.000000,,,,,,,,,,,,,
2013-10-20,,,,,,,,6.000000,6.000000,166.590000,,,,,,,,,,,,,
2013-10-21,5.861000,34112.000000,18.250000,,,,,6.000000,6.000000,180.130000,,,,,,,,,,,,,
2013-10-22,5.861700,34090.000000,19.062500,,,,,6.000000,6.000000,189.750000,,,,,,,,,,,,,
2013-10-23,5.862800,33984.000000,18.500000,,,,,6.000000,6.000000,203.960000,,,,,,,,,,,,,
2013-10-24,5.868200,34014.000000,19.250000,,,,,6.000000,6.000000,193.870000,,,,,,,,,,,,,
2013-10-25,5.878000,33971.000000,18.812500,,,,,6.000000,6.000000,186.600000,,,,,,,,,,,,,
2013-10-26,,,,,,,,6.000000,6.000000,179.560000,,,,,,,,,,,,,
2013-10-27,,,,,,,,6.000000,6.000000,194.000000,,,,,,,,,,,,,
2013-10-28,5.889700,33617.000000,19.000000,,,,,6.000000,6.000000,196.620000,,,,,,,,,,,,,
2013-10-29,5.892700,33369.000000,19.500000,,,,,6.000000,6.000000,204.690000,,,,,,,,,,,,,
2013-10-30,5.903200,33238.000000,18.750000,,,,,6.000000,6.000000,197.540000,,,,,,,,,,,,,
2013-10-31,5.910800,33232.000000,19.187500,,,0.900000,10.500000,6.000000,6.000000,203.540000,,,,,,,,,,,,,
2013-11-01,5.921500,33312.000000,18.812500,,,,,6.000000,6.000000,202.150000,,,,,,,,,,,,,
2013-11-02,,,,,,,,6.000000,6.000000,204.860000,,,,,,,,,,,,,
2013-11-03,,,,,,,,6.000000,6.000000,210.000000,,,,,,,,,,,,,
2013-11-04,5.940300,33236.000000,18.375000,,,,,6.000000,6.000000,226.830000,,,,,,,,,,,,,
2013-11-05,5.953000,33070.000000,19.312500,,,,,6.000000,6.000000,242.900000,,,,,,,,,,,,,
2013-11-06,,,,,,,,6.000000,6.000000,263.240000,,,,,,,,,,,,,
2013-11-07,5.943200,33055.000000,19.125000,,,,,6.000000,6.000000,291.000000,,,,,,,,,,,,,
2013-11-08,5.959500,32966.000000,19.250000,,,,,6.000000,6.000000,334.000000,,,,,,,,,,,,,
2013-11-09,,,,,,,,6.000000,6.000000,341.240000,,,,,,,,,,,,,
2013-11-10,,,,,,,,6.000000,6.000000,323.000000,,,,,,,,,,,,,
2013-11-11,5.971300,32954.000000,19.187500,,,,,6.000000,6.000000,343.910000,,,,,,,,,,,,,
2013-11-12,5.974200,32624.000000,18.625000,,,,,6.000000,6.000000,354.960000,,,,,,,,,,,,,
2013-11-13,5.976500,32502.000000,19.062500,,,,,6.000000,6.000000,393.500000,,,,,,,,,,,,,
2013-11-14,5.985800,32494.000000,19.062500,,,,,6.000000,6.000000,416.950000,,,,,,,,,,,,,
2013-11-15,5.993200,32389.000000,19.187500,,,,,6.000000,6.000000,412.000000,,,,,,,,,,,,,
2013-11-16,,,,,,,,6.000000,6.000000,434.530000,,,,,,,,,,,,,
2013-11-17,,,,,,,,6.000000,6.000000,477.380000,,,,,,,,,,,,,
2013-11-18,6.002000,32150.000000,19.000000,,,,,6.000000,6.000000,669.010000,,,,,,,,,,,,,
2013-11-19,6.024800,31980.000000,19.687500,,,,,6.000000,6.000000,536.010000,,,,,,,,,,,,,
2013-11-20,6.044200,31786.000000,18.812500,,,,,6.000000,6.000000,599.000000,,,,,,,,,,,,,
2013-11-21,6.057700,31541.000000,18.875000,,,,,6.000000,6.000000,720.000000,,,,,,,,,,,,,
2013-11-22,6.076500,31399.000000,19.000000,,,,,6.000000,6.000000,795.000000,,,,,,,,,,,,,
2013-11-23,,,,,,,,6.000000,6.000000,829.150000,,,,,,,,,,,,,
2013-11-24,,,,,,,,6.000000,6.000000,800.050000,,,,,,,,,,,,,
2013-11-25,,,,,,,,6.000000,6.000000,817.880000,,,,,,,,,,,,,
2013-11-26,6.093300,31319.000000,19.562500,,,,,6.000000,6.000000,916.300000,,,,,,,,,,,,,
2013-11-27,6.106500,31156.000000,19.562500,,,,,6.000000,6.000000,963.980000,,,,,,,,,,,,,
2013-11-28,6.124300,31199.000000,19.125000,,,,,6.000000,6.000000,1012.980000,,,,,,,,,,,,,
2013-11-29,6.136000,30799.000000,19.187500,,,,,6.000000,6.000000,1131.990000,,,,,,,,,,,,,
2013-11-30,,,,,,0.900000,10.500000,6.000000,6.000000,1119.520000,,,,,,,,,,,,,
2013-12-01,,,,,,,,6.000000,6.000000,955.000000,,,,,,,,,,,,,
2013-12-02,6.154700,30665.000000,19.312500,,,,,6.000000,6.000000,1047.470000,,,,,,,,,,,,,
2013-12-03,6.171300,30589.000000,20.187500,,,,,6.000000,6.000000,1055.000000,,,,,,,,,,,,,
2013-12-04,6.197300,30509.000000,19.500000,,,,,6.000000,6.000000,1132.010000,,,,,,,,,,,,,
2013-12-05,6.220300,30383.000000,19.187500,,,,,6.000000,6.000000,1023.870000,,,,,,,,,,,,,
2013-12-06,6.240700,30467.000000,20.500000,,,,,6.000000,6.000000,814.910000,,,,,,,,,,,,,
2013-12-07,,,,,,,,6.000000,6.000000,693.300000,,,,,,,,,,,,,
2013-12-08,,,,,,,,6.000000,6.000000,787.000000,,,,,,,,,,,,,
2013-12-09,6.245800,30470.000000,19.687500,,,,,6.000000,6.000000,899.900000,,,,,,,,,,,,,
2013-12-10,6.262300,30430.000000,20.312500,,,,,6.000000,6.000000,979.230000,,,,,,,,,,,,,
2013-12-11,6.273800,30587.000000,19.937500,,,,,6.000000,6.000000,879.040000,,,,,,,,,,,,,
2013-12-12,6.280800,30525.000000,20.750000,,,,,6.000000,6.000000,871.220000,,,,,,,,,,,,,
2013-12-13,6.290800,30509.000000,20.000000,,,,,6.000000,6.000000,885.980000,,,,,,,,,,,,,
2013-12-14,,,,,,,,6.000000,6.000000,850.780000,,,,,,,,,,,,,
2013-12-15,,,,,,,,6.000000,6.000000,862.000000,,,,,,,,,,,,,
2013-12-16,6.305000,30610.000000,19.625000,,,,,6.000000,6.000000,691.000000,,,,,,,,,,,,,
2013-12-17,6.328200,30574.000000,20.687500,,,,,6.000000,6.000000,673.620000,,,,,,,,,,,,,
2013-12-18,6.356000,30634.000000,19.875000,,,,,6.000000,6.000000,520.000000,,,,,,,,,,,,,
2013-12-19,6.397700,30656.000000,20.312500,,,,,6.000000,6.000000,685.000000,,,,,,,,,,,,,
2013-12-20,6.420500,30680.000000,20.750000,,,,,6.000000,6.000000,610.000000,,,,,,,,,,,,,
2013-12-21,,,,,,,,6.000000,6.000000,595.030000,,,,,,,,,,,,,
2013-12-22,,,,,,,,6.000000,6.000000,612.660000,,,,,,,,,,,,,
2013-12-23,6.440800,30702.000000,20.375000,,,,,6.000000,6.000000,654.760000,,,,,,,,,,,,,
2013-12-24,,,,,,,,6.000000,6.000000,652.990000,,,,,,,,,,,,,
2013-12-25,,,,,,,,6.000000,6.000000,679.010000,,,,,,,,,,,,,
2013-12-26,6.471200,30777.000000,21.312500,,,,,6.000000,6.000000,747.000000,,,,,,,,,,,,,
2013-12-27,6.489200,30828.000000,20.625000,,,,,6.000000,6.000000,721.080000,,,,,,,,,,,,,
2013-12-28,,,,,,,,6.000000,6.000000,715.000000,,,,,,,,,,,,,
2013-12-29,,,,,,,,6.000000,6.000000,728.000000,,,,,,,,,,,,,
2013-12-30,6.518000,30600.000000,21.625000,,,,,7.000000,6.000000,736.510000,,,,,,,,,,,,,
2013-12-31,,,,,,1.400000,10.900000,7.000000,6.000000,732.000000,,,,,,,,,,,,,
2014-01-01,,,,,,,,7.000000,6.000000,754.900000,,,,,,,,,,,,,
2014-01-02,6.543000,30586.000000,21.000000,,,,,7.000000,6.000000,784.190000,,,,,,,,,,,,,
2014-01-03,6.558000,30529.000000,21.500000,,,,,7.000000,6.000000,809.400000,,,,,,,,,,,,,
2014-01-04,,,,,,,,7.000000,6.000000,828.790000,,,,,,,,,,,,,
2014-01-05,,,,,,,,7.000000,6.000000,905.000000,,,,,,,,,,,,,
2014-01-06,6.585700,30352.000000,21.312500,,,,,7.000000,6.000000,919.240000,,,,,,,,,,,,,
2014-01-07,6.598800,30437.000000,20.687500,,,,,7.000000,7.000000,785.000000,,,,,,,,,,,,,
2014-01-08,6.604200,30230.000000,20.875000,,,,,7.000000,7.000000,823.450000,,,,,,,,,,,,,
2014-01-09,6.628300,30222.000000,21.062500,,,,,7.000000,7.000000,824.760000,,,,,,,,,,,,,
2014-01-10,6.649800,30156.000000,21.687500,,,,,7.000000,7.000000,852.610000,,,,,,,,,,,,,
2014-01-11,,,,,,,,7.000000,7.000000,896.590000,,,,,,,,,,,,,
2014-01-12,,,,,,,,7.000000,7.000000,844.050000,,,,,,,,,,,,,
2014-01-13,6.690500,30105.000000,21.250000,,,,,7.000000,7.000000,823.000000,,,,,,,,,,,,,
2014-01-14,6.708000,30025.000000,21.250000,,,,,7.000000,7.000000,815.990000,,,,,,,,,,,,,
2014-01-15,6.740800,29863.000000,20.125000,,,,,7.000000,7.000000,841.140000,,,,,,,,,,,,,
2014-01-16,6.773300,29692.000000,21.562500,,,,,7.000000,7.000000,814.400000,,,,,,,,,,,,,
2014-01-17,6.805500,29681.000000,21.937500,,,,,7.000000,7.000000,797.200000,,,,,,,,,,,,,
2014-01-18,,,,,,,,7.000000,7.000000,810.000000,,,,,,,,,,,,,
2014-01-19,,,,,,,,7.000000,7.000000,842.070000,,,,,,,,,,,,,
2014-01-20,6.829500,29682.000000,21.312500,,,,,7.000000,7.000000,826.020000,,,,,,,,,,,,,
2014-01-21,6.876300,29405.000000,21.500000,,,,,7.000000,7.000000,824.890000,,,,,,,,,,,,,
2014-01-22,6.912000,29325.000000,21.000000,,,,,7.000000,7.000000,819.200000,,,,,,,,,,,,,
2014-01-23,7.527200,29074.000000,21.250000,,,,,8.000000,8.000000,812.000000,,,,,,,,,,,,,
2014-01-24,8.018300,28872.000000,22.000000,,,,,8.000000,8.000000,780.000000,,,,,,,,,,,,,
2014-01-25,,,,,,,,8.000000,8.000000,806.800000,,,,,,,,,,,,,
2014-01-26,,,,,,,,8.000000,8.000000,814.750000,,,,,,,,,,,,,
2014-01-27,8.005800,28704.000000,22.937500,,,,,8.000000,8.000000,751.950000,,,,,,,,,,,,,
2014-01-28,8.017300,28445.000000,24.000000,,,,,8.000000,8.000000,788.000000,,,,,,,,,,,,,
2014-01-29,8.015000,28201.000000,24.187500,,,,,8.000000,8.000000,794.210000,,,,,,,,,,,,,
2014-01-30,8.022500,27822.000000,24.625000,,,,,8.000000,8.000000,799.990000,,,,,,,,,,,,,
2014-01-31,8.018200,27748.000000,25.375000,,,3.600000,13.600000,8.000000,8.000000,803.000000,,,,,,,,,,,,,
2014-02-01,,,,,,,,8.000000,8.000000,813.230000,,,,,,,,,,,,,
2014-02-02,,,,,,,,8.000000,8.000000,814.990000,,,,,,,,,,,,,
2014-02-03,8.017800,27795.000000,24.375000,,,,,8.000000,8.000000,808.500000,,,,,,,,,,,,,
2014-02-04,8.011800,27779.000000,25.562500,,,,,8.000000,8.000000,802.990000,,,,,,,,,,,,,
2014-02-05,7.966700,27774.000000,25.875000,,,,,8.000000,8.000000,782.330000,,,,,,,,,,,,,
2014-02-06,7.905000,27735.000000,25.500000,,,,,8.000000,8.000000,763.990000,,,,,,,,,,,,,
2014-02-07,7.864800,27784.000000,25.500000,,,,,8.000000,8.000000,705.010000,,,,,,,,,,,,,
2014-02-08,,,,,,,,8.000000,8.000000,680.490000,,,,,,,,,,,,,
2014-02-09,,,,,,,,8.000000,8.000000,687.370000,,,,,,,,,,,,,
2014-02-10,7.838300,27644.000000,26.312500,,,,,8.000000,8.000000,687.810000,,,,,,,,,,,,,
2014-02-11,7.817300,27709.000000,26.250000,,,,,8.000000,8.000000,675.100000,,,,,,,,,,,,,
2014-02-12,7.816500,27728.000000,25.750000,,,,,8.000000,8.000000,651.990000,,,,,,,,,,,,,
2014-02-13,7.803000,27754.000000,25.812500,,,,,8.000000,8.000000,604.110000,,,,,,,,,,,,,
2014-02-14,7.780300,27712.000000,25.062500,,,,,8.000000,8.000000,669.000000,,,,,,,,,,,,,
2014-02-15,,,,,,,,8.000000,8.000000,655.830000,,,,,,,,,,,,,
2014-02-16,,,,,,,,8.000000,8.000000,621.000000,,,,,,,,,,,,,
2014-02-17,7.764500,27728.000000,25.437500,,,,,8.000000,8.000000,633.660000,,,,,,,,,,,,,
2014-02-18,7.763500,27718.000000,26.000000,,,,,8.000000,8.000000,627.700000,,,,,,,,,,,,,
2014-02-19,7.774500,27716.000000,25.687500,,,,,8.000000,8.000000,623.010000,,,,,,,,,,,,,
2014-02-20,7.802300,27606.000000,24.750000,,,,,8.000000,8.000000,561.860000,,,,,,,,,,,,,
2014-02-21,7.840800,27588.000000,25.562500,,,,,8.000000,8.000000,581.350000,,,,,,,,,,,,,
2014-02-22,,,,,,,,8.000000,8.000000,610.880000,,,,,,,,,,,,,
2014-02-23,,,,,,,,8.000000,8.000000,610.090000,,,,,,,,,,,,,
2014-02-24,7.861000,27575.000000,25.500000,,,,,8.000000,8.000000,535.490000,,,,,,,,,,,,,
2014-02-25,7.864000,27575.000000,25.437500,,,,,8.000000,8.000000,535.000000,,,,,,,,,,,,,
2014-02-26,7.873000,27482.000000,25.750000,,,,,8.000000,8.000000,585.240000,,,,,,,,,,,,,
2014-02-27,7.887300,27373.000000,26.062500,,,,,8.000000,8.000000,583.000000,,,,,,,,,,,,,
2014-02-28,7.878200,27546.000000,26.250000,,,3.400000,16.900000,8.000000,8.000000,551.890000,,,,,,,,,,,,,
2014-03-01,,,,,,,,8.000000,8.000000,567.480000,,,,,,,,,,,,,
2014-03-02,,,,,,,,8.000000,8.000000,566.240000,,,,,,,,,,,,,
2014-03-03,,,,,,,,8.000000,8.000000,677.690000,,,,,,,,,,,,,
2014-03-04,,,,,,,,8.000000,8.000000,673.000000,,,,,,,,,,,,,
2014-03-05,7.882200,27646.000000,25.562500,,,,,8.000000,8.000000,669.990000,,,,,,,,,,,,,
2014-03-06,7.878200,27644.000000,26.125000,,,,,8.000000,8.000000,669.570000,,,,,,,,,,,,,
2014-03-07,7.865700,27636.000000,26.000000,,,,,8.000000,8.000000,632.790000,,,,,,,,,,,,,
2014-03-08,,,,,,,,8.000000,8.000000,620.000000,,,,,,,,,,,,,
2014-03-09,,,,,,,,8.000000,8.000000,640.000000,,,,,,,,,,,,,
2014-03-10,7.866500,27610.000000,26.062500,,,,,8.000000,8.000000,629.390000,,,,,,,,,,,,,
2014-03-11,7.867500,27618.000000,26.312500,,,,,8.000000,8.000000,632.100000,,,,,,,,,,,,,
2014-03-12,7.874700,27462.000000,26.125000,,,,,8.000000,8.000000,634.950000,,,,,,,,,,,,,
2014-03-13,7.883200,27472.000000,26.562500,,,,,8.000000,8.000000,641.010000,,,,,,,,,,,,,
2014-03-14,7.895300,27471.000000,26.687500,,,,,8.000000,8.000000,630.420000,,,,,,,,,,,,,
2014-03-15,,,,,,,,8.000000,8.000000,637.240000,,,,,,,,,,,,,
2014-03-16,,,,,,,,8.000000,8.000000,634.990000,,,,,,,,,,,,,
2014-03-17,7.909000,27318.000000,26.125000,,,,,8.000000,8.000000,621.110000,,,,,,,,,,,,,
2014-03-18,7.934800,27208.000000,26.562500,,,,,8.000000,8.000000,612.000000,,,,,,,,,,,,,
2014-03-19,7.954500,27165.000000,26.437500,,,,,8.000000,8.000000,611.200000,,,,,,,,,,,,,
2014-03-20,7.959200,27133.000000,26.562500,,,,,8.000000,8.000000,587.980000,,,,,,,,,,,,,
2014-03-21,7.970700,27156.000000,26.312500,,,,,8.000000,8.000000,570.000000,,,,,,,,,,,,,
2014-03-22,,,,,,,,8.000000,8.000000,565.310000,,,,,,,,,,,,,
2014-03-23,,,,,,,,8.000000,8.000000,561.000000,,,,,,,,,,,,,
2014-03-24,,,,,,,,8.000000,8.000000,585.990000,,,,,,,,,,,,,
2014-03-25,7.995500,27089.000000,26.125000,,,,,8.000000,8.000000,583.770000,,,,,,,,,,,,,
2014-03-26,8.005300,27106.000000,26.250000,,,,,8.000000,8.000000,581.490000,,,,,,,,,,,,,
2014-03-27,8.006500,26939.000000,26.500000,,,,,8.000000,8.000000,475.000000,,,,,,,,,,,,,
2014-03-28,8.004800,26910.000000,25.562500,,,,,8.000000,8.000000,502.010000,,,,,,,,,,,,,
2014-03-29,,,,,,,,8.000000,8.000000,491.990000,,,,,,,,,,,,,
2014-03-30,,,,,,,,8.000000,8.000000,460.000000,,,,,,,,,,,,,
2014-03-31,8.009800,27007.000000,26.375000,,,2.600000,19.100000,8.000000,8.000000,454.830000,,,,,,,,,,,,,
2014-04-01,8.001200,26989.000000,26.375000,,,,,8.000000,8.000000,478.980000,,,,,,,,,,,,,
2014-04-02,,,,,,,,8.000000,8.000000,439.000000,,,,,,,,,,,,,
2014-04-03,8.002800,26729.000000,26.500000,,,,,8.000000,8.000000,451.030000,,,,,,,,,,,,,
2014-04-04,8.000800,27213.000000,25.875000,,,,,8.000000,8.000000,452.200000,,,,,,,,,,,,,
2014-04-05,,,,,,,,8.000000,8.000000,464.800000,,,,,,,,,,,,,
2014-04-06,,,,,,,,8.000000,8.000000,456.270000,,,,,,,,,,,,,
2014-04-07,8.001800,27331.000000,26.187500,,,,,8.000000,8.000000,447.110000,,,,,,,,,,,,,
2014-04-08,8.001300,27469.000000,26.937500,,,,,8.000000,8.000000,453.570000,,,,,,,,,,,,,
2014-04-09,8.000800,27608.000000,26.250000,,,,,8.000000,8.000000,441.690000,,,,,,,,,,,,,
2014-04-10,8.001200,27636.000000,26.625000,,,,,8.000000,8.000000,363.120000,,,,,,,,,,,,,
2014-04-11,8.001300,27743.000000,27.000000,,,,,8.000000,8.000000,423.000000,,,,,,,,,,,,,
2014-04-12,,,,,,,,8.000000,8.000000,423.420000,,,,,,,,,,,,,
2014-04-13,,,,,,,,8.000000,8.000000,416.300000,,,,,,,,,,,,,
2014-04-14,8.001800,27756.000000,27.062500,,,,,8.000000,8.000000,458.500000,,,,,,,,,,,,,
2014-04-15,8.002000,27768.000000,26.687500,,,,,8.000000,8.000000,521.000000,,,,,,,,,,,,,
2014-04-16,8.000700,27813.000000,26.312500,,,,,8.000000,8.000000,530.000000,,,,,,,,,,,,,
2014-04-17,,,,,,,,8.000000,8.000000,500.090000,,,,,,,,,,,,,
2014-04-18,,,,,,,,8.000000,8.000000,483.110000,,,,,,,,,,,,,
2014-04-19,,,,,,,,8.000000,8.000000,503.800000,,,,,,,,,,,,,
2014-04-20,,,,,,,,8.000000,8.000000,500.000000,,,,,,,,,,,,,
2014-04-21,8.002000,27817.000000,26.250000,,,,,8.000000,8.000000,496.740000,,,,,,,,,,,,,
2014-04-22,8.001500,27820.000000,26.187500,,,,,8.000000,8.000000,490.000000,,,,,,,,,,,,,
2014-04-23,8.000800,27831.000000,25.937500,,,,,8.000000,8.000000,492.000000,,,,,,,,,,,,,
2014-04-24,8.000800,27903.000000,25.750000,,,,,8.000000,8.000000,502.200000,,,,,,,,,,,,,
2014-04-25,8.000500,28105.000000,26.062500,,,,,8.000000,8.000000,466.520000,,,,,,,,,,,,,
2014-04-26,,,,,,,,8.000000,8.000000,459.000000,,,,,,,,,,,,,
2014-04-27,,,,,,,,8.000000,8.000000,430.000000,,,,,,,,,,,,,
2014-04-28,8.000500,28172.000000,25.812500,,,,,8.000000,8.000000,442.900000,,,,,,,,,,,,,
2014-04-29,8.000500,28112.000000,25.750000,,,,,8.000000,8.000000,448.000000,,,,,,,,,,,,,
2014-04-30,8.001500,28220.000000,25.812500,,,1.800000,20.400000,8.000000,8.000000,448.850000,,,,,,,,,,,,,
2014-05-01,,,,,,,,8.000000,8.000000,460.970000,,,,,,,,,,,,,
2014-05-02,,,,,,,,8.000000,8.000000,454.500000,,,,,,,,,,,,,
2014-05-03,,,,,,,,8.000000,8.000000,439.000000,,,,,,,,,,,,,
2014-05-04,,,,,,,,8.000000,8.000000,438.040000,,,,,,,,,,,,,
2014-05-05,8.001200,28249.000000,25.250000,,,,,8.000000,8.000000,433.000000,,,,,,,,,,,,,
2014-05-06,8.000500,28297.000000,25.687500,,,,,8.000000,8.000000,428.010000,,,,,,,,,,,,,
2014-05-07,8.000500,28307.000000,25.000000,,,,,8.000000,8.000000,440.000000,,,,,,,,,,,,,
2014-05-08,8.000800,28323.000000,25.187500,,,,,8.000000,8.000000,437.690000,,,,,,,,,,,,,
2014-05-09,8.003500,28336.000000,24.625000,,,,,8.000000,8.000000,452.370000,,,,,,,,,,,,,
2014-05-10,,,,,,,,8.000000,8.000000,455.390000,,,,,,,,,,,,,
2014-05-11,,,,,,,,8.000000,8.000000,440.000000,,,,,,,,,,,,,
2014-05-12,8.006300,28356.000000,24.562500,,,,,8.000000,8.000000,442.500000,,,,,,,,,,,,,
2014-05-13,8.019700,28358.000000,24.625000,,,,,8.000000,8.000000,439.120000,,,,,,,,,,,,,
2014-05-14,8.028700,28373.000000,24.000000,,,,,8.000000,8.000000,446.000000,,,,,,,,,,,,,
2014-05-15,8.053500,28383.000000,24.562500,,,,,8.000000,8.000000,446.000000,,,,,,,,,,,,,
2014-05-16,8.060500,28391.000000,24.187500,,,,,8.000000,8.000000,447.310000,,,,,,,,,,,,,
2014-05-17,,,,,,,,8.000000,8.000000,449.060000,,,,,,,,,,,,,
2014-05-18,,,,,,,,8.000000,8.000000,446.910000,,,,,,,,,,,,,
2014-05-19,8.063200,28390.000000,24.937500,,,,,8.000000,8.000000,448.340000,,,,,,,,,,,,,
2014-05-20,8.060200,28398.000000,24.812500,,,,,8.000000,8.000000,489.000000,,,,,,,,,,,,,
2014-05-21,8.061300,28350.000000,24.625000,,,,,8.000000,8.000000,493.980000,,,,,,,,,,,,,
2014-05-22,8.063200,28433.000000,24.687500,,,,,8.000000,8.000000,529.990000,,,,,,,,,,,,,
2014-05-23,8.065300,28514.000000,24.750000,,,,,8.000000,8.000000,523.770000,,,,,,,,,,,,,
2014-05-24,,,,,,,,8.000000,8.000000,528.440000,,,,,,,,,,,,,
2014-05-25,,,,,,,,8.000000,8.000000,573.900000,,,,,,,,,,,,,
2014-05-26,8.069200,28514.000000,24.250000,,,,,8.000000,8.000000,581.880000,,,,,,,,,,,,,
2014-05-27,8.067700,28499.000000,24.875000,,,,,8.000000,8.000000,572.700000,,,,,,,,,,,,,
2014-05-28,8.074500,28541.000000,24.562500,,,,,8.000000,8.000000,580.660000,,,,,,,,,,,,,
2014-05-29,8.075800,28520.000000,24.500000,,,,,8.000000,8.000000,572.370000,,,,,,,,,,,,,
2014-05-30,8.077700,28542.000000,24.000000,,,,,8.000000,8.000000,621.000000,,,,,,,,,,,,,
2014-05-31,,,,,,1.400000,21.200000,8.000000,8.000000,627.800000,,,,,,,,,,,,,
2014-06-01,,,,,,,,8.000000,8.000000,630.990000,,,,,,,,,,,,,
2014-06-02,8.082500,28599.000000,24.250000,,,,,8.000000,8.000000,661.220000,,,,,,,,,,,,,
2014-06-03,8.089300,28627.000000,24.437500,,,,,8.000000,8.000000,670.140000,,,,,,,,,,,,,
2014-06-04,8.103200,28639.000000,23.812500,,,,,8.000000,8.000000,640.590000,,,,,,,,,,,,,
2014-06-05,8.115000,28635.000000,23.500000,,,,,8.000000,8.000000,661.480000,,,,,,,,,,,,,
2014-06-06,8.141200,28623.000000,23.750000,,,,,8.000000,8.000000,647.160000,,,,,,,,,,,,,
2014-06-07,,,,,,,,8.000000,8.000000,657.130000,,,,,,,,,,,,,
2014-06-08,,,,,,,,8.000000,8.000000,658.000000,,,,,,,,,,,,,
2014-06-09,8.130800,28789.000000,23.875000,,,,,8.000000,8.000000,648.830000,,,,,,,,,,,,,
2014-06-10,8.132200,28781.000000,23.687500,,,,,8.000000,8.000000,648.550000,,,,,,,,,,,,,
2014-06-11,8.132000,28800.000000,23.375000,,,,,8.000000,8.000000,620.500000,,,,,,,,,,,,,
2014-06-12,8.132200,28820.000000,22.312500,,,,,8.000000,8.000000,569.100000,,,,,,,,,,,,,
2014-06-13,8.132500,28844.000000,22.750000,,,,,8.000000,8.000000,592.000000,,,,,,,,,,,,,
2014-06-14,,,,,,,,8.000000,8.000000,566.580000,,,,,,,,,,,,,
2014-06-15,,,,,,,,8.000000,8.000000,588.550000,,,,,,,,,,,,,
2014-06-16,8.136200,28834.000000,21.875000,,,,,8.000000,8.000000,586.910000,,,,,,,,,,,,,
2014-06-17,8.131300,28841.000000,22.562500,,,,,8.000000,8.000000,606.480000,,,,,,,,,,,,,
2014-06-18,8.129700,28872.000000,22.562500,,,,,8.000000,8.000000,607.000000,,,,,,,,,,,,,
2014-06-19,8.131700,28884.000000,22.812500,,,,,8.000000,8.000000,593.400000,,,,,,,,,,,,,
2014-06-20,,,,,,,,8.000000,8.000000,588.020000,,,,,,,,,,,,,
2014-06-21,,,,,,,,8.000000,8.000000,591.290000,,,,,,,,,,,,,
2014-06-22,,,,,,,,8.000000,8.000000,600.340000,,,,,,,,,,,,,
2014-06-23,8.132300,28893.000000,22.437500,,,,,8.000000,8.000000,588.220000,,,,,,,,,,,,,
2014-06-24,8.131200,29025.000000,22.750000,,,,,8.000000,8.000000,572.620000,,,,,,,,,,,,,
2014-06-25,8.130500,29073.000000,22.437500,,,,,8.000000,8.000000,560.400000,,,,,,,,,,,,,
2014-06-26,8.131800,29133.000000,22.750000,,,,,8.000000,8.000000,579.990000,,,,,,,,,,,,,
2014-06-27,8.132000,29255.000000,22.875000,,,,,8.000000,8.000000,599.990000,,,,,,,,,,,,,
2014-06-28,,,,,,,,8.000000,8.000000,589.560000,,,,,,,,,,,,,
2014-06-29,,,,,,,,8.000000,8.000000,599.890000,,,,,,,,,,,,,
2014-06-30,8.132700,29278.000000,22.812500,,,1.300000,21.800000,8.000000,8.000000,641.110000,,,,,,,,,,,,,
2014-07-01,8.134500,29339.000000,22.375000,,,,,8.000000,8.000000,638.250000,,,,,,,,,,,,,
2014-07-02,8.138000,29352.000000,22.562500,,,,,8.000000,8.000000,650.500000,,,,,,,,,,,,,
2014-07-03,8.139300,29478.000000,22.750000,,,,,8.000000,8.000000,645.990000,,,,,,,,,,,,,
2014-07-04,8.143700,29478.000000,22.187500,,,,,8.000000,8.000000,629.000000,,,,,,,,,,,,,
2014-07-05,,,,,,,,8.000000,8.000000,630.000000,,,,,,,,,,,,,
2014-07-06,,,,,,,,8.000000,8.000000,630.570000,,,,,,,,,,,,,
2014-07-07,8.141500,29537.000000,22.437500,,,,,8.000000,8.000000,622.090000,,,,,,,,,,,,,
2014-07-08,8.141800,29545.000000,22.500000,,,,,8.000000,8.000000,623.980000,,,,,,,,,,,,,
2014-07-09,,,,,,,,8.000000,8.000000,621.970000,,,,,,,,,,,,,
2014-07-10,8.146300,29621.000000,22.250000,,,,,8.000000,8.000000,616.870000,,,,,,,,,,,,,
2014-07-11,8.150200,29632.000000,22.312500,,,,,8.000000,8.000000,635.000000,,,,,,,,,,,,,
2014-07-12,,,,,,,,8.000000,8.000000,638.100000,,,,,,,,,,,,,
2014-07-13,,,,,,,,8.000000,8.000000,630.880000,,,,,,,,,,,,,
2014-07-14,8.153800,29626.000000,22.062500,,,,,8.000000,8.000000,621.170000,,,,,,,,,,,,,
2014-07-15,8.153000,29633.000000,22.187500,,,,,8.000000,8.000000,622.900000,,,,,,,,,,,,,
2014-07-16,8.152500,29637.000000,22.000000,,,,,8.000000,8.000000,616.860000,,,,,,,,,,,,,
2014-07-17,8.155500,29672.000000,21.937500,,,,,8.000000,8.000000,622.200000,,,,,,,,,,,,,
2014-07-18,8.157700,29676.000000,21.812500,,,,,8.000000,8.000000,632.600000,,,,,,,,,,,,,
2014-07-19,,,,,,,,8.000000,8.000000,628.630000,,,,,,,,,,,,,
2014-07-20,,,,,,,,8.000000,8.000000,627.000000,,,,,,,,,,,,,
2014-07-21,8.162800,29692.000000,21.750000,,,,,8.000000,8.000000,622.730000,,,,,,,,,,,,,
2014-07-22,8.164000,29694.000000,22.000000,,,,,8.000000,8.000000,618.260000,,,,,,,,,,,,,
2014-07-23,8.168500,29700.000000,21.812500,,,,,8.000000,8.000000,621.000000,,,,,,,,,,,,,
2014-07-24,8.173000,29713.000000,21.812500,,,,,8.000000,8.000000,601.660000,,,,,,,,,,,,,
2014-07-25,8.176800,29704.000000,21.625000,,,,,8.000000,8.000000,602.930000,,,,,,,,,,,,,
2014-07-26,,,,,,,,8.000000,8.000000,596.230000,,,,,,,,,,,,,
2014-07-27,,,,,,,,8.000000,8.000000,590.300000,,,,,,,,,,,,,
2014-07-28,8.183500,29018.000000,21.625000,,,,,8.000000,8.000000,586.530000,,,,,,,,,,,,,
2014-07-29,8.188300,29018.000000,21.562500,,,,,8.000000,8.000000,585.950000,,,,,,,,,,,,,
2014-07-30,8.198000,28801.000000,21.375000,,,,,8.000000,8.000000,563.840000,,,,,,,,,,,,,
2014-07-31,8.210200,29003.000000,21.375000,,,1.400000,22.400000,8.000000,8.000000,582.040000,,,,,,,,,,,,,
2014-08-01,8.224300,28997.000000,21.125000,,,,,8.000000,8.000000,598.200000,,,,,,,,,,,,,
2014-08-02,,,,,,,,8.000000,8.000000,589.590000,,,,,,,,,,,,,
2014-08-03,,,,,,,,8.000000,8.000000,588.910000,,,,,,,,,,,,,
2014-08-04,8.249200,28893.000000,21.375000,,,,,8.000000,8.000000,588.500000,,,,,,,,,,,,,
2014-08-05,8.266300,28928.000000,21.687500,,,,,8.000000,8.000000,581.760000,,,,,,,,,,,,,
2014-08-06,8.270500,28932.000000,21.500000,,,,,8.000000,8.000000,581.160000,,,,,,,,,,,,,
2014-08-07,8.272700,28957.000000,21.375000,,,,,8.000000,8.000000,585.840000,,,,,,,,,,,,,
2014-08-08,8.271300,28962.000000,21.250000,,,,,8.000000,8.000000,588.020000,,,,,,,,,,,,,
2014-08-09,,,,,,,,8.000000,8.000000,587.970000,,,,,,,,,,,,,
2014-08-10,,,,,,,,8.000000,8.000000,590.960000,,,,,,,,,,,,,
2014-08-11,8.273800,28961.000000,21.437500,,,,,8.000000,8.000000,573.980000,,,,,,,,,,,,,
2014-08-12,8.271800,28962.000000,21.250000,,,,,8.000000,8.000000,566.690000,,,,,,,,,,,,,
2014-08-13,8.273200,28970.000000,21.250000,,,,,8.000000,8.000000,548.810000,,,,,,,,,,,,,
2014-08-14,8.276200,28971.000000,21.125000,,,,,8.000000,8.000000,507.990000,,,,,,,,,,,,,
2014-08-15,8.280300,28953.000000,21.125000,,,,,8.000000,8.000000,500.250000,,,,,,,,,,,,,
2014-08-16,,,,,,,,8.000000,8.000000,521.970000,,,,,,,,,,,,,
2014-08-17,,,,,,,,8.000000,8.000000,496.860000,,,,,,,,,,,,,
2014-08-18,,,,,,,,8.000000,8.000000,475.220000,,,,,,,,,,,,,
2014-08-19,8.284500,28952.000000,21.187500,,,,,8.000000,8.000000,491.980000,,,,,,,,,,,,,
2014-08-20,8.295200,28923.000000,21.187500,,,,,8.000000,8.000000,516.390000,,,,,,,,,,,,,
2014-08-21,8.353000,28859.000000,21.187500,,,,,8.000000,8.000000,519.280000,,,,,,,,,,,,,
2014-08-22,8.424500,28781.000000,21.125000,,,,,8.000000,8.000000,514.650000,,,,,,,,,,,,,
2014-08-23,,,,,,,,8.000000,8.000000,497.000000,,,,,,,,,,,,,
2014-08-24,,,,,,,,8.000000,8.000000,507.850000,,,,,,,,,,,,,
2014-08-25,8.412500,28675.000000,20.937500,,,,,8.000000,8.000000,503.820000,,,,,,,,,,,,,
2014-08-26,8.411000,28587.000000,21.000000,,,,,8.000000,8.000000,512.180000,,,,,,,,,,,,,
2014-08-27,8.407700,28606.000000,21.000000,,,,,8.000000,8.000000,511.870000,,,,,,,,,,,,,
2014-08-28,8.405200,28635.000000,21.000000,,,,,8.000000,8.000000,506.000000,,,,,,,,,,,,,
2014-08-29,8.404000,28620.000000,20.750000,,,,,8.000000,8.000000,509.300000,,,,,,,,,,,,,
2014-08-30,,,,,,,,8.000000,8.000000,500.850000,,,,,,,,,,,,,
2014-08-31,,,,,,1.300000,22.900000,8.000000,8.000000,479.040000,,,,,,,,,,,,,
2014-09-01,8.408700,28614.000000,21.062500,,,,,8.000000,8.000000,474.540000,,,,,,,,,,,,,
2014-09-02,8.410300,28551.000000,20.875000,,,,,8.000000,8.000000,474.500000,,,,,,,,,,,,,
2014-09-03,8.413500,28507.000000,20.500000,,,,,8.000000,8.000000,474.890000,,,,,,,,,,,,,
2014-09-04,8.401800,28471.000000,21.000000,,,,,8.000000,8.000000,487.430000,,,,,,,,,,,,,
2014-09-05,8.412000,28385.000000,20.562500,,,,,8.000000,8.000000,477.650000,,,,,,,,,,,,,
2014-09-06,,,,,,,,8.000000,8.000000,479.780000,,,,,,,,,,,,,
2014-09-07,,,,,,,,8.000000,8.000000,475.430000,,,,,,,,,,,,,
2014-09-08,8.420000,28337.000000,20.375000,,,,,8.000000,8.000000,468.330000,,,,,,,,,,,,,
2014-09-09,8.408700,28432.000000,20.500000,,,,,8.000000,8.000000,473.200000,,,,,,,,,,,,,
2014-09-10,8.404500,28414.000000,20.437500,,,,,8.000000,8.000000,476.570000,,,,,,,,,,,,,
2014-09-11,8.402300,28412.000000,20.562500,,,,,8.000000,8.000000,475.900000,,,,,,,,,,,,,
2014-09-12,8.402200,28394.000000,20.125000,,,,,8.000000,8.000000,474.620000,,,,,,,,,,,,,
2014-09-13,,,,,,,,8.000000,8.000000,477.980000,,,,,,,,,,,,,
2014-09-14,,,,,,,,8.000000,8.000000,475.490000,,,,,,,,,,,,,
2014-09-15,8.403500,28228.000000,20.375000,,,,,8.000000,8.000000,469.470000,,,,,,,,,,,,,
2014-09-16,8.403200,28283.000000,20.312500,,,,,8.000000,8.000000,462.020000,,,,,,,,,,,,,
2014-09-17,8.408200,28272.000000,20.250000,,,,,8.000000,8.000000,452.090000,,,,,,,,,,,,,
2014-09-18,8.423700,28275.000000,20.062500,,,,,8.000000,8.000000,425.000000,,,,,,,,,,,,,
2014-09-19,8.423500,28224.000000,20.125000,,,,,8.000000,8.000000,395.860000,,,,,,,,,,,,,
2014-09-20,,,,,,,,8.000000,8.000000,408.760000,,,,,,,,,,,,,
2014-09-21,,,,,,,,8.000000,8.000000,399.550000,,,,,,,,,,,,,
2014-09-22,8.428800,28221.000000,19.937500,,,,,8.000000,8.000000,400.070000,,,,,,,,,,,,,
2014-09-23,8.432000,28222.000000,20.125000,,,,,8.000000,8.000000,438.970000,,,,,,,,,,,,,
2014-09-24,8.427200,28215.000000,19.937500,,,,,8.000000,8.000000,423.680000,,,,,,,,,,,,,
2014-09-25,8.425500,28183.000000,19.812500,,,,,8.000000,8.000000,408.760000,,,,,,,,,,,,,
2014-09-26,8.440200,28008.000000,20.000000,,,,,8.000000,8.000000,403.570000,,,,,,,,,,,,,
2014-09-27,,,,,,,,8.000000,8.000000,401.770000,,,,,,,,,,,,,
2014-09-28,,,,,,,,8.000000,8.000000,375.350000,,,,,,,,,,,,,
2014-09-29,8.460000,27881.000000,19.875000,,,,,8.000000,8.000000,374.200000,,,,,,,,,,,,,
2014-09-30,8.464300,27866.000000,19.875000,,,1.400000,23.600000,8.000000,8.000000,391.090000,,,,,,,,,,,,,
2014-10-01,8.447500,27921.000000,20.125000,,,,,8.000000,8.000000,384.860000,,,,,,,,,,,,,
2014-10-02,8.447800,27948.000000,19.812500,,,,,8.000000,8.000000,374.680000,,,,,,,,,,,,,
2014-10-03,8.459000,27785.000000,19.750000,,,,,8.000000,8.000000,358.740000,,,,,,,,,,,,,
2014-10-04,,,,,,,,8.000000,8.000000,326.210000,,,,,,,,,,,,,
2014-10-05,,,,,,,,8.000000,8.000000,323.520000,,,,,,,,,,,,,
2014-10-06,8.464500,27762.000000,19.875000,,,,,8.000000,8.000000,328.590000,,,,,,,,,,,,,
2014-10-07,8.467000,27734.000000,19.937500,,,,,8.000000,8.000000,334.800000,,,,,,,,,,,,,
2014-10-08,8.464300,27676.000000,20.000000,,,,,8.000000,8.000000,355.730000,,,,,,,,,,,,,
2014-10-09,8.474000,27620.000000,20.187500,,,,,8.000000,8.000000,364.010000,,,,,,,,,,,,,
2014-10-10,8.478200,27591.000000,20.187500,,,,,8.000000,8.000000,360.890000,,,,,,,,,,,,,
2014-10-11,,,,,,,,8.000000,8.000000,362.000000,,,,,,,,,,,,,
2014-10-12,,,,,,,,8.000000,8.000000,378.110000,,,,,,,,,,,,,
2014-10-13,,,,,,,,8.000000,8.000000,392.600000,,,,,,,,,,,,,
2014-10-14,8.475200,27589.000000,20.312500,,,,,8.000000,8.000000,403.380000,,,,,,,,,,,,,
2014-10-15,8.478000,27437.000000,20.062500,,,,,8.000000,8.000000,394.520000,,,,,,,,,,,,,
2014-10-16,8.478500,27446.000000,20.125000,,,,,8.000000,8.000000,383.950000,,,,,,,,,,,,,
2014-10-17,8.476500,27299.000000,20.312500,,,,,8.000000,8.000000,383.650000,,,,,,,,,,,,,
2014-10-18,,,,,,,,8.000000,8.000000,390.580000,,,,,,,,,,,,,
2014-10-19,,,,,,,,8.000000,8.000000,387.530000,,,,,,,,,,,,,
2014-10-20,8.483700,27282.000000,20.000000,,,,,8.000000,8.000000,381.210000,,,,,,,,,,,,,
2014-10-21,8.495300,27359.000000,19.875000,,,,,8.000000,8.000000,385.810000,,,,,,,,,,,,,
2014-10-22,8.491500,27377.000000,19.812500,,,,,8.000000,8.000000,382.040000,,,,,,,,,,,,,
2014-10-23,8.489500,27402.000000,20.062500,,,,,8.000000,8.000000,357.180000,,,,,,,,,,,,,
2014-10-24,8.491700,27412.000000,20.312500,,,,,8.000000,8.000000,358.860000,,,,,,,,,,,,,
2014-10-25,,,,,,,,8.000000,9.000000,348.690000,,,,,,,,,,,,,
2014-10-26,,,,,,,,8.000000,9.000000,355.180000,,,,,,,,,,,,,
2014-10-27,8.496000,27338.000000,20.062500,,,,,8.000000,9.000000,350.000000,,,,,,,,,,,,,
2014-10-28,8.501000,27356.000000,20.000000,,,,,8.000000,9.000000,356.960000,,,,,,,,,,,,,
2014-10-29,8.502700,27346.000000,19.875000,,,,,8.000000,9.000000,335.700000,,,,,,,,,,,,,
2014-10-30,8.502700,28109.000000,19.250000,,,,,8.000000,9.000000,346.140000,,,,,,,,,,,,,
2014-10-31,8.502300,28111.000000,20.250000,,,1.200000,24.000000,8.000000,9.000000,337.990000,,,,,,,,,,,,,
2014-11-01,,,,,,,,8.000000,9.000000,324.700000,,,,,,,,,,,,,
2014-11-02,,,,,,,,8.000000,9.000000,324.360000,,,,,,,,,,,,,
2014-11-03,8.507000,28077.000000,19.500000,,,,,8.000000,9.000000,325.500000,,,,,,,,,,,,,
2014-11-04,8.506500,28068.000000,20.187500,,,,,8.000000,9.000000,330.220000,,,,,,,,,,,,,
2014-11-05,8.508700,28075.000000,19.500000,,,,,8.000000,9.000000,338.380000,,,,,,,,,,,,,
2014-11-06,,,,,,,,8.000000,9.000000,349.990000,,,,,,,,,,,,,
2014-11-07,8.509000,28108.000000,19.812500,,,,,8.000000,9.000000,342.160000,,,,,,,,,,,,,
2014-11-08,,,,,,,,8.000000,9.000000,345.390000,,,,,,,,,,,,,
2014-11-09,,,,,,,,8.000000,9.000000,364.770000,,,,,,,,,,,,,
2014-11-10,8.512700,28170.000000,19.687500,,,,,8.000000,9.000000,366.430000,,,,,,,,,,,,,
2014-11-11,8.512200,28172.000000,20.000000,,,,,8.000000,9.000000,370.650000,,,,,,,,,,,,,
2014-11-12,8.511500,28176.000000,19.750000,,,,,8.000000,9.000000,426.630000,,,,,,,,,,,,,
2014-11-13,8.510200,28207.000000,20.000000,,,,,8.000000,9.000000,420.930000,,,,,,,,,,,,,
2014-11-14,8.511500,28288.000000,19.812500,,,,,8.000000,9.000000,399.980000,,,,,,,,,,,,,
2014-11-15,,,,,,,,8.000000,9.000000,376.990000,,,,,,,,,,,,,
2014-11-16,,,,,,,,8.000000,9.000000,389.860000,,,,,,,,,,,,,
2014-11-17,8.511500,28793.000000,19.250000,,,,,8.000000,9.000000,387.690000,,,,,,,,,,,,,
2014-11-18,8.513000,28816.000000,19.875000,,,,,8.000000,9.000000,374.880000,,,,,,,,,,,,,
2014-11-19,8.513700,28817.000000,19.875000,,,,,8.000000,9.000000,379.030000,,,,,,,,,,,,,
2014-11-20,8.514700,28816.000000,19.937500,,,,,8.000000,9.000000,356.470000,,,,,,,,,,,,,
2014-11-21,8.515800,28812.000000,19.687500,,,,,8.000000,9.000000,351.200000,,,,,,,,,,,,,
2014-11-22,,,,,,,,8.000000,9.000000,353.120000,,,,,,,,,,,,,
2014-11-23,,,,,,,,8.000000,9.000000,367.170000,,,,,,,,,,,,,
2014-11-24,,,,,,,,8.000000,9.000000,375.990000,,,,,,,,,,,,,
2014-11-25,8.519700,28889.000000,19.625000,,,,,8.000000,9.000000,377.370000,,,,,,,,,,,,,
2014-11-26,8.523200,28895.000000,19.750000,,,,,8.000000,9.000000,368.500000,,,,,,,,,,,,,
2014-11-27,8.526000,28872.000000,20.187500,,,,,8.000000,9.000000,369.980000,,,,,,,,,,,,,
2014-11-28,8.525500,28911.000000,20.000000,,,,,8.000000,9.000000,376.860000,,,,,,,,,,,,,
2014-11-29,,,,,,,,8.000000,9.000000,375.490000,,,,,,,,,,,,,
2014-11-30,,,,,,1.100000,24.200000,8.000000,9.000000,377.010000,,,,,,,,,,,,,
2014-12-01,8.526300,28941.000000,20.437500,,,,,8.000000,9.000000,376.530000,,,,,,,,,,,,,
2014-12-02,8.536200,28897.000000,19.687500,,,,,8.000000,9.000000,379.520000,,,,,,,,,,,,,
2014-12-03,8.541500,28909.000000,19.812500,,,,,9.000000,9.000000,375.330000,,,,,,,,,,,,,
2014-12-04,8.544500,28905.000000,19.625000,,,,,9.000000,9.000000,369.160000,,,,,,,,,,,,,
2014-12-05,8.552200,28931.000000,19.500000,,,,,9.000000,9.000000,376.000000,,,,,,,,,,,,,
2014-12-06,,,,,,,,9.000000,9.000000,374.380000,,,,,,,,,,,,,
2014-12-07,,,,,,,,9.000000,9.000000,377.260000,,,,,,,,,,,,,
2014-12-08,,,,,,,,9.000000,9.000000,361.300000,,,,,,,,,,,,,
2014-12-09,8.555500,29189.000000,19.625000,,,,,9.000000,9.000000,352.030000,,,,,,,,,,,,,
2014-12-10,8.553800,29212.000000,19.937500,,,,,9.000000,9.000000,345.210000,,,,,,,,,,,,,
2014-12-11,8.553500,30185.000000,20.125000,,,,,9.000000,9.000000,348.900000,,,,,,,,,,,,,
2014-12-12,8.552700,30269.000000,20.125000,,,,,9.000000,9.000000,352.240000,,,,,,,,,,,,,
2014-12-13,,,,,,,,9.000000,9.000000,351.670000,,,,,,,,,,,,,
2014-12-14,,,,,,,,9.000000,9.000000,356.520000,,,,,,,,,,,,,
2014-12-15,8.553300,30271.000000,19.875000,,,,,9.000000,9.000000,349.000000,,,,,,,,,,,,,
2014-12-16,8.551700,30442.000000,19.875000,,,,,9.000000,9.000000,329.050000,,,,,,,,,,,,,
2014-12-17,8.551700,30715.000000,20.125000,,,,,9.000000,9.000000,322.000000,,,,,,,,,,,,,
2014-12-18,8.551800,30823.000000,20.187500,,,,,9.000000,9.000000,312.670000,,,,,,,,,,,,,
2014-12-19,8.551800,30855.000000,20.125000,,,,,9.000000,9.000000,318.330000,,,,,,,,,,,,,
2014-12-20,,,,,,,,9.000000,9.000000,331.790000,,,,,,,,,,,,,
2014-12-21,,,,,,,,9.000000,9.000000,320.010000,,,,,,,,,,,,,
2014-12-22,8.552300,30930.000000,19.875000,,,,,9.000000,9.000000,331.560000,,,,,,,,,,,,,
2014-12-23,8.551800,31076.000000,20.312500,,,,,9.000000,9.000000,336.920000,,,,,,,,,,,,,
2014-12-24,8.554000,31116.000000,20.625000,,,,,9.000000,9.000000,323.060000,,,,,,,,,,,,,
2014-12-25,,,,,,,,9.000000,9.000000,319.860000,,,,,,,,,,,,,
2014-12-26,,,,,,,,9.000000,9.000000,328.270000,,,,,,,,,,,,,
2014-12-27,,,,,,,,9.000000,9.000000,316.470000,,,,,,,,,,,,,
2014-12-28,,,,,,,,9.000000,9.000000,317.640000,,,,,,,,,,,,,
2014-12-29,8.554000,31159.000000,19.937500,,,,,9.000000,9.000000,313.010000,,,,,,,,,,,,,
2014-12-30,8.552000,31407.000000,20.375000,,,,,9.000000,9.000000,311.070000,,,,,,,,,,,,,
2014-12-31,,,,,,1.000000,23.700000,9.000000,9.000000,321.000000,,,,,,,,,,,,,
2015-01-01,,,,,,,,9.000000,9.000000,313.810000,,,,,,,,,,,,,
2015-01-02,8.553700,31337.000000,20.312500,,,,,9.000000,9.000000,315.420000,,,,,,,,,,,,,
2015-01-03,,,,,,,,9.000000,9.000000,282.000000,,,,,,,,,,,,,
2015-01-04,,,,,,,,9.000000,9.000000,264.000000,,,,,,,,,,,,,
2015-01-05,8.557300,31313.000000,19.812500,,,,,9.000000,9.000000,276.800000,,,,,,,,,,,,,
2015-01-06,8.566800,31315.000000,20.125000,,,,,9.000000,9.000000,276.800000,,,,,,,,,,,,,
2015-01-07,8.578800,31248.000000,20.312500,,,,,9.000000,9.000000,276.800000,,,,,,,,,,,,,
2015-01-08,8.590000,31073.000000,20.000000,,,,,9.000000,9.000000,276.800000,,,,,,,,,,,,,
2015-01-09,8.592700,31076.000000,20.312500,,,,,9.000000,9.000000,293.970000,,,,,,,,,,,,,
2015-01-10,,,,,,,,9.000000,9.000000,275.590000,,,,,,,,,,,,,
2015-01-11,,,,,,,,9.000000,9.000000,266.390000,,,,,,,,,,,,,
2015-01-12,8.593300,31103.000000,19.937500,,,,,9.000000,9.000000,267.420000,,,,,,,,,,,,,
2015-01-13,8.593700,31281.000000,20.125000,,,,,9.000000,9.000000,227.000000,,,,,,,,,,,,,
2015-01-14,8.595500,31298.000000,20.062500,,,,,9.000000,9.000000,171.410000,,,,,,,,,,,,,
2015-01-15,8.597200,31318.000000,19.687500,,,,,9.000000,9.000000,210.980000,,,,,,,,,,,,,
2015-01-16,8.599000,31311.000000,19.875000,,,,,9.000000,9.000000,208.030000,,,,,,,,,,,,,
2015-01-17,,,,,,,,9.000000,9.000000,199.690000,,,,,,,,,,,,,
2015-01-18,,,,,,,,9.000000,9.000000,211.850000,,,,,,,,,,,,,
2015-01-19,8.604000,31315.000000,20.437500,,,,,9.000000,9.000000,216.340000,,,,,,,,,,,,,
2015-01-20,8.608200,31276.000000,19.625000,,,,,9.000000,9.000000,210.650000,,,,,,,,,,,,,
2015-01-21,8.612000,31262.000000,20.437500,,,,,9.000000,9.000000,227.160000,,,,,,,,,,,,,
2015-01-22,8.620500,31265.000000,20.312500,,,,,9.000000,9.000000,234.080000,,,,,,,,,,,,,
2015-01-23,8.626000,31229.000000,20.687500,,,,,9.000000,9.000000,233.640000,,,,,,,,,,,,,
2015-01-24,,,,,,,,9.000000,9.000000,249.190000,,,,,,,,,,,,,
2015-01-25,,,,,,,,9.000000,9.000000,255.310000,,,,,,,,,,,,,
2015-01-26,8.628700,31287.000000,20.687500,,,,,9.000000,9.000000,274.800000,,,,,,,,,,,,,
2015-01-27,8.628800,31300.000000,20.812500,,,,,9.000000,9.000000,263.980000,,,,,,,,,,,,,
2015-01-28,8.631300,31304.000000,20.437500,,,,,9.000000,9.000000,236.070000,,,,,,,,,,,,,
2015-01-29,8.633000,31350.000000,20.312500,,,,,9.000000,9.000000,235.790000,,,,,,,,,,,,,
2015-01-30,8.639500,31452.000000,20.562500,,,,,9.000000,9.000000,228.980000,,,,,,,,,,,,,
2015-01-31,,,,,,1.100000,20.700000,9.000000,9.000000,216.900000,,,,,,,,,,,,,
2015-02-01,,,,,,,,9.000000,9.000000,226.930000,,,,,,,,,,,,,
2015-02-02,8.648800,31403.000000,20.500000,,,,,9.000000,9.000000,238.470000,,,,,,,,,,,,,
2015-02-03,8.660300,31240.000000,21.062500,,,,,9.000000,9.000000,227.990000,,,,,,,,,,,,,
2015-02-04,8.662300,31239.000000,20.500000,,,,,9.000000,9.000000,227.000000,,,,,,,,,,,,,
2015-02-05,8.662500,31269.000000,20.312500,,,,,9.000000,9.000000,216.810000,,,,,,,,,,,,,
2015-02-06,8.661500,31284.000000,20.750000,,,,,9.000000,9.000000,223.370000,,,,,,,,,,,,,
2015-02-07,,,,,,,,9.000000,9.000000,228.300000,,,,,,,,,,,,,
2015-02-08,,,,,,,,9.000000,9.000000,223.880000,,,,,,,,,,,,,
2015-02-09,8.664700,31291.000000,20.437500,,,,,9.000000,9.000000,220.900000,,,,,,,,,,,,,
2015-02-10,8.670200,31315.000000,21.187500,,,,,9.000000,9.000000,220.420000,,,,,,,,,,,,,
2015-02-11,8.675300,31316.000000,20.500000,,,,,9.000000,9.000000,219.550000,,,,,,,,,,,,,
2015-02-12,8.678800,31353.000000,20.625000,,,,,9.000000,9.000000,223.000000,,,,,,,,,,,,,
2015-02-13,8.682500,31354.000000,20.562500,,,,,9.000000,9.000000,237.000000,,,,,,,,,,,,,
2015-02-14,,,,,,,,9.000000,9.000000,256.990000,,,,,,,,,,,,,
2015-02-15,,,,,,,,9.000000,9.000000,235.630000,,,,,,,,,,,,,
2015-02-16,,,,,,,,9.000000,9.000000,234.700000,,,,,,,,,,,,,
2015-02-17,,,,,,,,9.000000,9.000000,244.700000,,,,,,,,,,,,,
2015-02-18,8.689800,31333.000000,20.500000,,,,,9.000000,9.000000,237.370000,,,,,,,,,,,,,
2015-02-19,8.693300,31344.000000,19.937500,,,,,9.000000,9.000000,240.590000,,,,,,,,,,,,,
2015-02-20,8.700800,31360.000000,20.937500,,,,,9.000000,9.000000,245.480000,,,,,,,,,,,,,
2015-02-21,,,,,,,,9.000000,9.000000,245.410000,,,,,,,,,,,,,
2015-02-22,,,,,,,,9.000000,9.000000,236.500000,,,,,,,,,,,,,
2015-02-23,8.707200,31381.000000,21.125000,,,,,9.000000,9.000000,239.650000,,,,,,,,,,,,,
2015-02-24,8.715300,31403.000000,20.562500,,,,,9.000000,9.000000,239.550000,,,,,,,,,,,,,
2015-02-25,8.721800,31406.000000,20.750000,,,,,9.000000,9.000000,237.970000,,,,,,,,,,,,,
2015-02-26,8.726000,31412.000000,21.062500,,,,,9.000000,9.000000,236.840000,,,,,,,,,,,,,
2015-02-27,8.724300,31470.000000,20.625000,,,,,9.000000,9.000000,252.780000,,,,,,,,,,,,,
2015-02-28,,,,,,0.900000,17.900000,9.000000,9.000000,253.470000,,,,,,,,,,,,,
2015-03-01,,,,,,,,9.000000,9.000000,258.340000,,,,,,,,,,,,,
2015-03-02,8.731000,31467.000000,20.000000,,,,,9.000000,9.000000,274.930000,,,,,,,,,,,,,
2015-03-03,8.736000,31458.000000,21.000000,,,,,9.000000,9.000000,281.000000,,,,,,,,,,,,,
2015-03-04,8.743000,31449.000000,20.812500,,,,,9.000000,9.000000,270.780000,,,,,,,,,,,,,
2015-03-05,8.747300,31440.000000,21.062500,,,,,9.000000,9.000000,273.090000,,,,,,,,,,,,,
2015-03-06,8.755700,31405.000000,20.937500,,,,,9.000000,9.000000,272.680000,,,,,,,,,,,,,
2015-03-07,,,,,,,,9.000000,9.000000,276.710000,,,,,,,,,,,,,
2015-03-08,,,,,,,,9.000000,9.000000,275.000000,,,,,,,,,,,,,
2015-03-09,8.761200,31395.000000,20.250000,,,,,9.000000,9.000000,287.120000,,,,,,,,,,,,,
2015-03-10,8.768200,31393.000000,21.250000,,,,,9.000000,9.000000,290.000000,,,,,,,,,,,,,
2015-03-11,8.774800,31368.000000,20.687500,,,,,9.000000,9.000000,296.540000,,,,,,,,,,,,,
2015-03-12,8.778700,31380.000000,21.375000,,,,,9.000000,9.000000,295.310000,,,,,,,,,,,,,
2015-03-13,8.783000,31391.000000,20.687500,,,,,9.000000,9.000000,283.250000,,,,,,,,,,,,,
2015-03-14,,,,,,,,9.000000,9.000000,282.010000,,,,,,,,,,,,,
2015-03-15,,,,,,,,9.000000,9.000000,286.750000,,,,,,,,,,,,,
2015-03-16,8.783300,31428.000000,20.500000,,,,,9.000000,9.000000,289.270000,,,,,,,,,,,,,
2015-03-17,8.785500,31419.000000,21.125000,,,,,9.000000,9.000000,282.800000,,,,,,,,,,,,,
2015-03-18,8.791300,31423.000000,21.312500,,,,,9.000000,9.000000,256.450000,,,,,,,,,,,,,
2015-03-19,8.793300,31431.000000,21.625000,,,,,9.000000,9.000000,261.810000,,,,,,,,,,,,,
2015-03-20,8.796300,31441.000000,20.625000,,,,,9.000000,9.000000,261.960000,,,,,,,,,,,,,
2015-03-21,,,,,,,,9.000000,9.000000,260.000000,,,,,,,,,,,,,
2015-03-22,,,,,,,,9.000000,9.000000,267.740000,,,,,,,,,,,,,
2015-03-23,,,,,,,,9.000000,9.000000,265.940000,,,,,,,,,,,,,
2015-03-24,,,,,,,,9.000000,9.000000,245.000000,,,,,,,,,,,,,
2015-03-25,8.802300,31457.000000,20.812500,,,,,9.000000,9.000000,246.940000,,,,,,,,,,,,,
2015-03-26,8.804000,31465.000000,20.625000,,,,,9.000000,9.000000,249.230000,,,,,,,,,,,,,
2015-03-27,8.809000,31464.000000,20.750000,,,,,9.000000,9.000000,247.940000,,,,,,,,,,,,,
2015-03-28,,,,,,,,9.000000,9.000000,252.870000,,,,,,,,,,,,,
2015-03-29,,,,,,,,9.000000,9.000000,242.000000,,,,,,,,,,,,,
2015-03-30,8.815800,31460.000000,20.750000,,,,,9.000000,9.000000,247.950000,,,,,,,,,,,,,
2015-03-31,8.819700,31490.000000,21.875000,,,1.300000,16.400000,9.000000,9.000000,244.240000,,,,,,,,,,,,,
2015-04-01,8.826000,31505.000000,20.562500,,,,,9.000000,9.000000,246.690000,,,,,,,,,,,,,
2015-04-02,,,,,,,,9.000000,9.000000,253.280000,,,,,,,,,,,,,
2015-04-03,,,,,,,,9.000000,9.000000,254.190000,,,,,,,,,,,,,
2015-04-04,,,,,,,,9.000000,9.000000,253.700000,,,,,,,,,,,,,
2015-04-05,,,,,,,,9.000000,9.000000,260.540000,,,,,,,,,,,,,
2015-04-06,8.829500,31510.000000,20.625000,,,,,9.000000,9.000000,255.580000,,,,,,,,,,,,,
2015-04-07,8.834300,31513.000000,21.437500,,,,,9.000000,9.000000,253.720000,,,,,,,,,,,,,
2015-04-08,8.838800,31516.000000,20.375000,,,,,9.000000,9.000000,244.580000,,,,,,,,,,,,,
2015-04-09,8.843500,31516.000000,21.375000,,,,,9.000000,9.000000,243.430000,,,,,,,,,,,,,
2015-04-10,8.848200,31524.000000,20.750000,,,,,9.000000,9.000000,235.990000,,,,,,,,,,,,,
2015-04-11,,,,,,,,9.000000,9.000000,236.150000,,,,,,,,,,,,,
2015-04-12,,,,,,,,9.000000,9.000000,236.500000,,,,,,,,,,,,,
2015-04-13,8.854300,31524.000000,20.187500,,,,,9.000000,9.000000,223.150000,,,,,,,,,,,,,
2015-04-14,8.857800,31523.000000,21.312500,,,,,9.000000,9.000000,215.800000,,,,,,,,,,,,,
2015-04-15,8.863800,31507.000000,20.625000,,,,,9.000000,9.000000,222.880000,,,,,,,,,,,,,
2015-04-16,8.867300,31515.000000,20.937500,,,,,9.000000,9.000000,227.500000,,,,,,,,,,,,,
2015-04-17,8.866800,31419.000000,21.562500,,,,,9.000000,9.000000,222.600000,,,,,,,,,,,,,
2015-04-18,,,,,,,,9.000000,9.000000,223.400000,,,,,,,,,,,,,
2015-04-19,,,,,,,,9.000000,9.000000,222.540000,,,,,,,,,,,,,
2015-04-20,8.869200,31424.000000,20.625000,,,,,9.000000,9.000000,224.300000,,,,,,,,,,,,,
2015-04-21,8.872800,31440.000000,21.187500,,,,,9.000000,9.000000,235.740000,,,,,,,,,,,,,
2015-04-22,8.877200,31438.000000,21.250000,,,,,9.000000,9.000000,233.450000,,,,,,,,,,,,,
2015-04-23,8.882300,32688.000000,20.625000,,,,,9.000000,9.000000,235.980000,,,,,,,,,,,,,
2015-04-24,8.887800,32687.000000,20.875000,,,,,9.000000,9.000000,230.240000,,,,,,,,,,,,,
2015-04-25,,,,,,,,9.000000,9.000000,226.120000,,,,,,,,,,,,,
2015-04-26,,,,,,,,9.000000,9.000000,219.520000,,,,,,,,,,,,,
2015-04-27,8.893500,32687.000000,19.875000,,,,,9.000000,9.000000,227.230000,,,,,,,,,,,,,
2015-04-28,8.897500,33221.000000,20.937500,,,,,9.000000,9.000000,225.160000,,,,,,,,,,,,,
2015-04-29,8.899500,33910.000000,20.625000,,,,,9.000000,9.000000,225.480000,,,,,,,,,,,,,
2015-04-30,8.904700,33909.000000,20.562500,,,1.100000,15.600000,9.000000,9.000000,236.200000,,,,,,,,,,,,,
2015-05-01,,,,,,,,9.000000,9.000000,231.000000,,,,,,,,,,,,,
2015-05-02,,,,,,,,9.000000,9.000000,233.830000,,,,,,,,,,,,,
2015-05-03,,,,,,,,9.000000,9.000000,239.000000,,,,,,,,,,,,,
2015-05-04,8.910300,33910.000000,20.125000,,,,,9.000000,9.000000,238.340000,,,,,,,,,,,,,
2015-05-05,8.914200,33901.000000,20.500000,,,,,9.000000,9.000000,235.120000,,,,,,,,,,,,,
2015-05-06,8.919000,33905.000000,20.062500,,,,,9.000000,9.000000,228.490000,,,,,,,,,,,,,
2015-05-07,8.923200,33874.000000,20.375000,,,,,9.000000,9.000000,236.870000,,,,,,,,,,,,,
2015-05-08,8.927000,33852.000000,20.000000,,,,,9.000000,9.000000,243.200000,,,,,,,,,,,,,
2015-05-09,,,,,,,,9.000000,9.000000,241.960000,,,,,,,,,,,,,
2015-05-10,,,,,,,,9.000000,9.000000,239.130000,,,,,,,,,,,,,
2015-05-11,8.931800,33856.000000,20.187500,,,,,9.000000,9.000000,241.300000,,,,,,,,,,,,,
2015-05-12,8.935700,33866.000000,19.937500,,,,,9.000000,9.000000,241.030000,,,,,,,,,,,,,
2015-05-13,8.938800,33860.000000,20.187500,,,,,9.000000,9.000000,235.970000,,,,,,,,,,,,,
2015-05-14,8.944000,33861.000000,20.125000,,,,,9.000000,9.000000,237.130000,,,,,,,,,,,,,
2015-05-15,8.947500,33866.000000,20.437500,,,,,9.000000,9.000000,237.370000,,,,,,,,,,,,,
2015-05-16,,,,,,,,9.000000,9.000000,235.660000,,,,,,,,,,,,,
2015-05-17,,,,,,,,9.000000,9.000000,235.970000,,,,,,,,,,,,,
2015-05-18,8.951000,33871.000000,20.000000,,,,,9.000000,9.000000,232.870000,,,,,,,,,,,,,
2015-05-19,8.956800,33868.000000,20.375000,,,,,9.000000,9.000000,231.400000,,,,,,,,,,,,,
2015-05-20,8.960700,33873.000000,20.000000,,,,,9.000000,9.000000,234.430000,,,,,,,,,,,,,
2015-05-21,8.965700,33875.000000,20.375000,,,,,9.000000,9.000000,235.000000,,,,,,,,,,,,,
2015-05-22,8.969800,33881.000000,20.562500,,,,,9.000000,9.000000,238.990000,,,,,,,,,,,,,
2015-05-23,,,,,,,,9.000000,9.000000,237.760000,,,,,,,,,,,,,
2015-05-24,,,,,,,,9.000000,9.000000,239.220000,,,,,,,,,,,,,
2015-05-25,,,,,,,,9.000000,9.000000,235.590000,,,,,,,,,,,,,
2015-05-26,8.974500,33818.000000,20.500000,,,,,9.000000,9.000000,235.710000,,,,,,,,,,,,,
2015-05-27,8.981000,33817.000000,20.437500,,,,,9.000000,9.000000,235.170000,,,,,,,,,,,,,
2015-05-28,8.984800,33272.000000,20.312500,,,,,9.000000,9.000000,236.460000,,,,,,,,,,,,,
2015-05-29,8.989300,33283.000000,20.437500,,,,,9.000000,9.000000,236.030000,,,,,,,,,,,,,
2015-05-30,,,,,,,,9.000000,9.000000,232.110000,,,,,,,,,,,,,
2015-05-31,,,,,,1.000000,15.200000,9.000000,9.000000,228.910000,,,,,,,,,,,,,
2015-06-01,8.996500,33283.000000,20.750000,,,,,9.000000,9.000000,223.510000,,,,,,,,,,,,,
2015-06-02,9.000800,33288.000000,20.812500,,,,,9.000000,9.000000,225.180000,,,,,,,,,,,,,
2015-06-03,9.005000,33280.000000,20.250000,,,,,9.000000,9.000000,224.270000,,,,,,,,,,,,,
2015-06-04,9.009500,33306.000000,20.812500,,,,,9.000000,9.000000,222.990000,,,,,,,,,,,,,
2015-06-05,9.014300,33285.000000,20.562500,,,,,9.000000,9.000000,224.400000,,,,,,,,,,,,,
2015-06-06,,,,,,,,9.000000,9.000000,224.990000,,,,,,,,,,,,,
2015-06-07,,,,,,,,9.000000,9.000000,222.700000,,,,,,,,,,,,,
2015-06-08,9.018000,33288.000000,20.125000,,,,,9.000000,9.000000,228.170000,,,,,,,,,,,,,
2015-06-09,9.022300,33795.000000,21.125000,,,,,9.000000,9.000000,228.700000,,,,,,,,,,,,,
2015-06-10,9.028200,33807.000000,20.375000,,,,,9.000000,9.000000,227.800000,,,,,,,,,,,,,
2015-06-11,9.032500,33813.000000,20.687500,,,,,9.000000,9.000000,229.030000,,,,,,,,,,,,,
2015-06-12,9.036000,33813.000000,20.500000,,,,,9.000000,9.000000,229.400000,,,,,,,,,,,,,
2015-06-13,,,,,,,,9.000000,9.000000,231.640000,,,,,,,,,,,,,
2015-06-14,,,,,,,,9.000000,9.000000,232.090000,,,,,,,,,,,,,
2015-06-15,9.040300,33817.000000,20.250000,,,,,9.000000,9.000000,235.920000,,,,,,,,,,,,,
2015-06-16,9.045000,33816.000000,20.062500,,,,,9.000000,9.000000,250.090000,,,,,,,,,,,,,
2015-06-17,9.047700,33818.000000,20.375000,,,,,9.000000,9.000000,247.760000,,,,,,,,,,,,,
2015-06-18,9.052200,33824.000000,20.062500,,,,,9.000000,9.000000,248.400000,,,,,,,,,,,,,
2015-06-19,9.056500,33829.000000,20.250000,,,,,9.000000,9.000000,243.700000,,,,,,,,,,,,,
2015-06-20,,,,,,,,9.000000,9.000000,244.760000,,,,,,,,,,,,,
2015-06-21,,,,,,,,9.000000,9.000000,243.640000,,,,,,,,,,,,,
2015-06-22,9.060500,33821.000000,20.625000,,,,,9.000000,9.000000,246.000000,,,,,,,,,,,,,
2015-06-23,9.064500,33816.000000,20.812500,,,,,9.000000,9.000000,243.740000,,,,,,,,,,,,,
2015-06-24,9.069000,33821.000000,20.875000,,,,,9.000000,9.000000,240.190000,,,,,,,,,,,,,
2015-06-25,9.072300,33835.000000,20.125000,,,,,9.000000,9.000000,241.980000,,,,,,,,,,,,,
2015-06-26,9.076700,33833.000000,20.625000,,,,,9.000000,9.000000,242.980000,,,,,,,,,,,,,
2015-06-27,,,,,,,,9.000000,9.000000,251.210000,,,,,,,,,,,,,
2015-06-28,,,,,,,,9.000000,9.000000,248.620000,,,,,,,,,,,,,
2015-06-29,9.081800,33842.000000,19.625000,,,,,9.000000,9.000000,256.040000,,,,,,,,,,,,,
2015-06-30,9.086500,33851.000000,20.812500,,,1.000000,14.800000,9.000000,9.000000,262.500000,,,,,,,,,,,,,
2015-07-01,9.092000,33847.000000,20.000000,,,,,9.000000,9.000000,257.620000,,,,,,,,,,,,,
2015-07-02,9.097300,33850.000000,20.937500,,,,,9.000000,9.000000,254.540000,,,,,,,,,,,,,
2015-07-03,9.102200,33849.000000,20.062500,,,,,9.000000,9.000000,255.920000,,,,,,,,,,,,,
2015-07-04,,,,,,,,9.000000,9.000000,260.200000,,,,,,,,,,,,,
2015-07-05,,,,,,,,9.000000,9.000000,271.500000,,,,,,,,,,,,,
2015-07-06,9.107200,33834.000000,20.312500,,,,,9.000000,9.000000,268.510000,,,,,,,,,,,,,
2015-07-07,9.112700,33829.000000,20.375000,,,,,9.000000,9.000000,265.510000,,,,,,,,,,,,,
2015-07-08,9.117000,33829.000000,19.875000,,,,,9.000000,9.000000,270.630000,,,,,,,,,,,,,
2015-07-09,,,,,,,,9.000000,9.000000,268.920000,,,,,,,,,,,,,
2015-07-10,9.122000,33834.000000,20.750000,,,,,9.000000,9.000000,285.230000,,,,,,,,,,,,,
2015-07-11,,,,,,,,9.000000,9.000000,291.640000,,,,,,,,,,,,,
2015-07-12,,,,,,,,9.000000,9.000000,310.550000,,,,,,,,,,,,,
2015-07-13,9.127300,33841.000000,20.500000,,,,,9.000000,9.000000,292.680000,,,,,,,,,,,,,
2015-07-14,9.132000,33837.000000,20.750000,,,,,9.000000,9.000000,287.550000,,,,,,,,,,,,,
2015-07-15,9.136200,33843.000000,20.250000,,,,,9.000000,9.000000,285.670000,,,,,,,,,,,,,
2015-07-16,9.141500,33843.000000,20.562500,,,,,9.000000,9.000000,277.890000,,,,,,,,,,,,,
2015-07-17,9.146200,33853.000000,20.562500,,,,,9.000000,9.000000,279.430000,,,,,,,,,,,,,
2015-07-18,,,,,,,,9.000000,9.000000,276.790000,,,,,,,,,,,,,
2015-07-19,,,,,,,,9.000000,9.000000,275.470000,,,,,,,,,,,,,
2015-07-20,9.150300,33845.000000,20.437500,,,,,9.000000,9.000000,278.960000,,,,,,,,,,,,,
2015-07-21,9.154800,33861.000000,20.937500,,,,,9.000000,9.000000,276.760000,,,,,,,,,,,,,
2015-07-22,9.160000,33928.000000,20.875000,,,,,9.000000,9.000000,277.680000,,,,,,,,,,,,,
2015-07-23,9.164300,33929.000000,21.062500,,,,,9.000000,9.000000,276.610000,,,,,,,,,,,,,
2015-07-24,9.168300,33933.000000,21.625000,,,,,9.000000,9.000000,289.010000,,,,,,,,,,,,,
2015-07-25,,,,,,,,9.000000,9.000000,288.780000,,,,,,,,,,,,,
2015-07-26,,,,,,,,9.000000,9.000000,293.190000,,,,,,,,,,,,,
2015-07-27,9.172700,33931.000000,21.187500,,,,,9.000000,9.000000,294.290000,,,,,,,,,,,,,
2015-07-28,9.177800,33933.000000,21.625000,,,,,9.000000,9.000000,294.010000,,,,,,,,,,,,,
2015-07-29,9.181500,33931.000000,20.937500,,,,,9.000000,9.000000,289.850000,,,,,,,,,,,,,
2015-07-30,9.184300,33927.000000,21.562500,,,,,9.000000,9.000000,288.010000,,,,,,,,,,,,,
2015-07-31,9.187300,33943.000000,21.187500,,,1.300000,14.800000,9.000000,9.000000,284.330000,,,,,,,,,,,,,
2015-08-01,,,,,,,,9.000000,9.000000,280.190000,,,,,,,,,,,,,
2015-08-02,,,,,,,,9.000000,9.000000,282.320000,,,,,,,,,,,,,
2015-08-03,9.193700,33915.000000,20.937500,,,,,9.000000,9.000000,280.430000,,,,,,,,,,,,,
2015-08-04,9.198700,33888.000000,20.937500,,,,,9.000000,9.000000,285.000000,,,,,,,,,,,,,
2015-08-05,9.203500,33849.000000,20.812500,,,,,9.000000,9.000000,281.130000,,,,,,,,,,,,,
2015-08-06,9.208800,33837.000000,20.500000,,,,,9.000000,9.000000,277.480000,,,,,,,,,,,,,
2015-08-07,9.213500,33837.000000,20.750000,,,,,9.000000,9.000000,279.630000,,,,,,,,,,,,,
2015-08-08,,,,,,,,9.000000,9.000000,262.190000,,,,,,,,,,,,,
2015-08-09,,,,,,,,9.000000,9.000000,265.050000,,,,,,,,,,,,,
2015-08-10,9.218300,33842.000000,21.187500,,,,,9.000000,9.000000,264.330000,,,,,,,,,,,,,
2015-08-11,9.224300,33712.000000,21.375000,,,,,9.000000,9.000000,271.150000,,,,,,,,,,,,,
2015-08-12,9.231200,33692.000000,20.875000,,,,,9.000000,9.000000,267.730000,,,,,,,,,,,,,
2015-08-13,9.236200,33632.000000,21.000000,,,,,9.000000,9.000000,264.480000,,,,,,,,,,,,,
2015-08-14,9.240800,33653.000000,21.125000,,,,,9.000000,9.000000,265.400000,,,,,,,,,,,,,
2015-08-15,,,,,,,,9.000000,9.000000,261.460000,,,,,,,,,,,,,
2015-08-16,,,,,,,,9.000000,9.000000,256.110000,,,,,,,,,,,,,
2015-08-17,,,,,,,,9.000000,9.000000,256.470000,,,,,,,,,,,,,
2015-08-18,9.245500,33663.000000,20.875000,,,,,9.000000,9.000000,224.800000,,,,,,,,,,,,,
2015-08-19,9.250500,33664.000000,20.375000,,,,,9.000000,9.000000,226.920000,,,,,,,,,,,,,
2015-08-20,9.255000,33674.000000,21.000000,,,,,9.000000,9.000000,235.540000,,,,,,,,,,,,,
2015-08-21,9.259800,33684.000000,21.187500,,,,,9.000000,9.000000,233.490000,,,,,,,,,,,,,
2015-08-22,,,,,,,,9.000000,9.000000,231.000000,,,,,,,,,,,,,
2015-08-23,,,,,,,,9.000000,9.000000,228.890000,,,,,,,,,,,,,
2015-08-24,9.266200,33674.000000,21.062500,,,,,9.000000,9.000000,209.720000,,,,,,,,,,,,,
2015-08-25,9.272000,33634.000000,21.062500,,,,,9.000000,9.000000,222.380000,,,,,,,,,,,,,
2015-08-26,9.278000,33606.000000,21.062500,,,,,9.000000,9.000000,225.800000,,,,,,,,,,,,,
2015-08-27,9.284000,33599.000000,21.250000,,,,,9.000000,9.000000,225.090000,,,,,,,,,,,,,
2015-08-28,9.289800,33598.000000,21.062500,,,,,9.000000,9.000000,231.650000,,,,,,,,,,,,,
2015-08-29,,,,,,,,9.000000,9.000000,230.540000,,,,,,,,,,,,,
2015-08-30,,,,,,,,9.000000,9.000000,229.000000,,,,,,,,,,,,,
2015-08-31,9.295500,33606.000000,21.125000,,,1.200000,14.600000,9.000000,9.000000,229.860000,,,,,,,,,,,,,
2015-09-01,9.302000,33582.000000,21.250000,,,,,9.000000,9.000000,227.960000,,,,,,,,,,,,,
2015-09-02,9.308800,33569.000000,20.875000,,,,,9.000000,9.000000,229.180000,,,,,,,,,,,,,
2015-09-03,9.315000,33542.000000,21.250000,,,,,9.000000,9.000000,227.280000,,,,,,,,,,,,,
2015-09-04,9.323700,33552.000000,20.937500,,,,,9.000000,9.000000,230.520000,,,,,,,,,,,,,
2015-09-05,,,,,,,,9.000000,9.000000,235.600000,,,,,,,,,,,,,
2015-09-06,,,,,,,,9.000000,9.000000,240.280000,,,,,,,,,,,,,
2015-09-07,9.333800,33546.000000,20.750000,,,,,9.000000,9.000000,240.190000,,,,,,,,,,,,,
2015-09-08,9.334700,33521.000000,21.250000,,,,,9.000000,9.000000,244.210000,,,,,,,,,,,,,
2015-09-09,9.343000,33500.000000,21.062500,,,,,9.000000,9.000000,238.350000,,,,,,,,,,,,,
2015-09-10,9.349000,33499.000000,21.500000,,,,,9.000000,9.000000,238.660000,,,,,,,,,,,,,
2015-09-11,9.353300,33505.000000,21.500000,,,,,9.000000,9.000000,240.000000,,,,,,,,,,,,,
2015-09-12,,,,,,,,9.000000,9.000000,234.790000,,,,,,,,,,,,,
2015-09-13,,,,,,,,9.000000,9.000000,229.660000,,,,,,,,,,,,,
2015-09-14,9.357200,33492.000000,21.187500,,,,,9.000000,9.000000,229.710000,,,,,,,,,,,,,
2015-09-15,9.363800,33453.000000,21.437500,,,,,9.000000,9.000000,230.030000,,,,,,,,,,,,,
2015-09-16,9.369300,33445.000000,20.500000,,,,,9.000000,9.000000,228.340000,,,,,,,,,,,,,
2015-09-17,9.375000,33452.000000,21.125000,,,,,9.000000,9.000000,232.170000,,,,,,,,,,,,,
2015-09-18,9.380300,33425.000000,21.125000,,,,,9.000000,9.000000,233.120000,,,,,,,,,,,,,
2015-09-19,,,,,,,,9.000000,9.000000,230.000000,,,,,,,,,,,,,
2015-09-20,,,,,,,,9.000000,9.000000,230.160000,,,,,,,,,,,,,
2015-09-21,9.385800,33396.000000,21.187500,,,,,9.000000,9.000000,226.150000,,,,,,,,,,,,,
2015-09-22,9.391700,33401.000000,21.687500,,,,,9.000000,9.000000,230.420000,,,,,,,,,,,,,
2015-09-23,9.397800,33338.000000,20.937500,,,,,9.000000,9.000000,229.420000,,,,,,,,,,,,,
2015-09-24,9.402300,33343.000000,21.437500,,,,,9.000000,9.000000,233.860000,,,,,,,,,,,,,
2015-09-25,9.405300,33104.000000,21.250000,,,,,9.000000,9.000000,235.220000,,,,,,,,,,,,,
2015-09-26,,,,,,,,9.000000,9.000000,233.810000,,,,,,,,,,,,,
2015-09-27,,,,,,,,9.000000,9.000000,232.410000,,,,,,,,,,,,,
2015-09-28,9.409500,33318.000000,21.000000,,,,,9.000000,9.000000,239.140000,,,,,,,,,,,,,
2015-09-29,9.414700,33288.000000,21.687500,,,,,9.000000,9.000000,236.940000,,,,,,,,,,,,,
2015-09-30,9.419200,33257.000000,21.125000,,,1.200000,14.400000,9.000000,9.000000,236.200000,,,,,,,,,,,,,
2015-10-01,9.427300,32471.000000,21.437500,,,,,9.000000,9.000000,237.150000,,,,,,,,,,,,,
2015-10-02,9.435500,32462.000000,21.125000,,,,,9.000000,9.000000,237.770000,,,,,,,,,,,,,
2015-10-03,,,,,,,,9.000000,9.000000,238.950000,,,,,,,,,,,,,
2015-10-04,,,,,,,,9.000000,9.000000,238.600000,,,,,,,,,,,,,
2015-10-05,9.440800,27713.000000,21.375000,,,,,9.000000,9.000000,240.840000,,,,,,,,,,,,,
2015-10-06,9.449200,27722.000000,21.625000,,,,,9.000000,9.000000,246.570000,,,,,,,,,,,,,
2015-10-07,9.453700,27691.000000,20.437500,,,,,9.000000,9.000000,243.200000,,,,,,,,,,,,,
2015-10-08,9.460800,27747.000000,21.625000,,,,,9.000000,9.000000,242.900000,,,,,,,,,,,,,
2015-10-09,9.465500,27758.000000,21.437500,,,,,9.000000,9.000000,244.480000,,,,,,,,,,,,,
2015-10-10,,,,,,,,9.000000,9.000000,245.710000,,,,,,,,,,,,,
2015-10-11,,,,,,,,9.000000,9.000000,248.050000,,,,,,,,,,,,,
2015-10-12,,,,,,,,9.000000,9.000000,245.810000,,,,,,,,,,,,,
2015-10-13,9.471200,27753.000000,21.687500,,,,,9.000000,9.000000,249.730000,,,,,,,,,,,,,
2015-10-14,9.480200,27755.000000,21.312500,,,,,9.000000,9.000000,252.470000,,,,,,,,,,,,,
2015-10-15,9.483000,27636.000000,21.875000,,,,,9.000000,9.000000,254.490000,,,,,,,,,,,,,
2015-10-16,9.488800,27635.000000,22.000000,,,,,9.000000,10.000000,263.090000,,,,,,,,,,,,,
2015-10-17,,,,,,,,9.000000,10.000000,270.070000,,,,,,,,,,,,,
2015-10-18,,,,,,,,9.000000,10.000000,261.050000,,,,,,,,,,,,,
2015-10-19,9.496200,27389.000000,21.062500,,,,,9.000000,10.000000,263.660000,,,,,,,,,,,,,
2015-10-20,9.502000,27389.000000,21.875000,,,,,9.000000,10.000000,270.640000,,,,,,,,,,,,,
2015-10-21,9.508700,27335.000000,21.750000,,,,,9.000000,10.000000,267.890000,,,,,,,,,,,,,
2015-10-22,9.513200,27300.000000,21.250000,,,,,9.000000,10.000000,275.210000,,,,,,,,,,,,,
2015-10-23,9.519800,27305.000000,21.625000,,,,,9.000000,10.000000,278.600000,,,,,,,,,,,,,
2015-10-24,,,,,,,,9.000000,10.000000,282.840000,,,,,,,,,,,,,
2015-10-25,,,,,,,,9.000000,10.000000,283.960000,,,,,,,,,,,,,
2015-10-26,9.526800,27162.000000,21.562500,,,,,9.000000,10.000000,286.900000,,,,,,,,,,,,,
2015-10-27,9.532200,27060.000000,21.562500,,,,,9.000000,10.000000,295.540000,,,,,,,,,,,,,
2015-10-28,9.538000,27037.000000,21.812500,,,,,10.000000,10.000000,305.670000,,,,,,,,,,,,,
2015-10-29,9.542000,26965.000000,22.562500,,,,,10.000000,10.000000,314.820000,,,,,,,,,,,,,
2015-10-30,9.546000,26970.000000,22.625000,,,,,10.000000,10.000000,328.650000,,,,,,,,,,,,,
2015-10-31,,,,,,1.100000,14.300000,10.000000,10.000000,310.180000,,,,,,,,,,,,,
2015-11-01,,,,,,,,10.000000,10.000000,325.780000,,,,,,,,,,,,,
2015-11-02,9.554000,26938.000000,22.375000,,,,,10.000000,10.000000,361.260000,,,,,,,,,,,,,
2015-11-03,9.562000,26877.000000,23.750000,,,,,10.000000,10.000000,404.060000,,,,,,,,,,,,,
2015-11-04,9.569700,26807.000000,22.875000,,,,,10.000000,10.000000,408.000000,,,,,,,,,,,,,
2015-11-05,9.578500,26710.000000,22.937500,,,,,10.000000,10.000000,385.500000,,,,,,,,,,,,,
2015-11-06,,,,,,,,10.000000,10.000000,374.470000,,,,,,,,,,,,,
2015-11-07,,,,,,,,10.000000,10.000000,383.530000,,,,,,,,,,,,,
2015-11-08,,,,,,,,10.000000,10.000000,372.650000,,,,,,,,,,,,,
2015-11-09,9.586000,26440.000000,22.625000,,,,,10.000000,10.000000,377.900000,,,,,,,,,,,,,
2015-11-10,9.594000,26391.000000,23.562500,,,,,10.000000,10.000000,336.800000,,,,,,,,,,,,,
2015-11-11,9.602300,26278.000000,22.875000,,,,,10.000000,10.000000,309.910000,,,,,,,,,,,,,
2015-11-12,9.613800,26246.000000,23.562500,,,,,10.000000,10.000000,337.170000,,,,,,,,,,,,,
2015-11-13,9.622300,26203.000000,23.437500,,,,,10.000000,10.000000,336.990000,,,,,,,,,,,,,
2015-11-14,,,,,,,,10.000000,10.000000,333.000000,,,,,,,,,,,,,
2015-11-15,,,,,,,,10.000000,10.000000,319.280000,,,,,,,,,,,,,
2015-11-16,9.629800,26111.000000,23.750000,,,,,10.000000,10.000000,330.830000,,,,,,,,,,,,,
2015-11-17,9.640000,25924.000000,24.187500,,,,,10.000000,10.000000,336.080000,,,,,,,,,,,,,
2015-11-18,9.647800,25933.000000,22.812500,,,,,10.000000,10.000000,335.650000,,,,,,,,,,,,,
2015-11-19,9.656000,25889.000000,23.375000,,,,,10.000000,10.000000,326.020000,,,,,,,,,,,,,
2015-11-20,9.666200,25841.000000,23.437500,,,,,10.000000,10.000000,322.040000,,,,,,,,,,,,,
2015-11-21,,,,,,,,10.000000,10.000000,326.500000,,,,,,,,,,,,,
2015-11-22,,,,,,,,10.000000,10.000000,324.200000,,,,,,,,,,,,,
2015-11-23,9.671000,25812.000000,24.062500,,,,,10.000000,10.000000,323.480000,,,,,,,,,,,,,
2015-11-24,9.673200,25782.000000,23.687500,,,,,10.000000,10.000000,319.700000,,,,,,,,,,,,,
2015-11-25,9.678000,25768.000000,24.000000,,,,,10.000000,10.000000,328.900000,,,,,,,,,,,,,
2015-11-26,9.684700,25761.000000,23.937500,,,,,10.000000,10.000000,353.210000,,,,,,,,,,,,,
2015-11-27,,,,,,,,10.000000,10.000000,357.140000,,,,,,,,,,,,,
2015-11-28,,,,,,,,10.000000,10.000000,356.950000,,,,,,,,,,,,,
2015-11-29,,,,,,,,10.000000,10.000000,371.480000,,,,,,,,,,,,,
2015-11-30,9.688000,25615.000000,23.875000,,,2.000000,15.200000,10.000000,10.000000,376.710000,,,,,,,,,,,,,
2015-12-01,9.697500,25410.000000,24.750000,,,,,10.000000,10.000000,363.060000,,,,,,,,,,,,,
2015-12-02,9.707000,25184.000000,23.750000,,,,,10.000000,10.000000,358.890000,,,,,,,,,,,,,
2015-12-03,9.717800,25046.000000,24.562500,,,,,10.000000,10.000000,361.420000,,,,,,,,,,,,,
2015-12-04,9.727300,25030.000000,23.937500,,,,,10.000000,10.000000,363.620000,,,,,,,,,,,,,
2015-12-05,,,,,,,,10.000000,10.000000,388.000000,,,,,,,,,,,,,
2015-12-06,,,,,,,,10.000000,10.000000,388.240000,,,,,,,,,,,,,
2015-12-07,,,,,,,,10.000000,10.000000,395.570000,,,,,,,,,,,,,
2015-12-08,,,,,,,,10.000000,10.000000,417.890000,,,,,,,,,,,,,
2015-12-09,9.736700,25092.000000,23.812500,,,,,10.000000,10.000000,416.980000,,,,,,,,,,,,,
2015-12-10,9.748800,24862.000000,25.187500,,,,,10.000000,10.000000,415.570000,,,,,,,,,,,,,
2015-12-11,9.772800,24661.000000,25.125000,,,,,10.000000,10.000000,453.040000,,,,,,,,,,,,,
2015-12-12,,,,,,,,10.000000,10.000000,436.190000,,,,,,,,,,,,,
2015-12-13,,,,,,,,10.000000,10.000000,433.070000,,,,,,,,,,,,,
2015-12-14,9.787500,24473.000000,24.562500,,,,,10.000000,10.000000,443.360000,,,,,,,,,,,,,
2015-12-15,9.806000,24290.000000,25.812500,,,,,10.000000,10.000000,464.530000,,,,,,,,,,,,,
2015-12-16,9.826800,24164.000000,27.437500,,,,,10.000000,10.000000,455.870000,,,,,,,,,,,,,
2015-12-17,13.763300,24141.000000,31.562500,,,,,13.000000,13.000000,456.170000,,,,,,,,,,,,,
2015-12-18,13.421700,24396.000000,29.500000,,,,,14.000000,14.000000,462.460000,,,,,,,,,,,,,
2015-12-19,,,,,,,,13.000000,14.000000,461.800000,,,,,,,,,,,,,
2015-12-20,,,,,,,,13.000000,14.000000,442.540000,,,,,,,,,,,,,
2015-12-21,12.808300,24417.000000,29.562500,,,,,13.000000,13.000000,438.070000,,,,,,,,,,,,,
2015-12-22,12.937500,24441.000000,31.000000,,,,,13.000000,13.000000,435.480000,,,,,,,,,,,,,
2015-12-23,13.044200,24720.000000,30.562500,,,,,13.000000,13.000000,442.560000,,,,,,,,,,,,,
2015-12-24,13.050000,24858.000000,30.375000,,,,,13.000000,13.000000,455.000000,,,,,,,,,,,,,
2015-12-25,,,,,,,,13.000000,13.000000,455.510000,,,,,,,,,,,,,
2015-12-26,,,,,,,,13.000000,13.000000,417.390000,,,,,,,,,,,,,
2015-12-27,,,,,,,,13.000000,13.000000,421.760000,,,,,,,,,,,,,
2015-12-28,13.055800,25077.000000,29.250000,,,,,13.000000,13.000000,421.460000,,,,,,,,,,,,,
2015-12-29,12.965800,25267.000000,29.875000,,,,,13.000000,13.000000,431.820000,,,,,,,,,,,,,
2015-12-30,12.975700,25385.000000,29.000000,,,,,13.000000,13.000000,425.840000,,,,,,,,,,,,,
2015-12-31,13.005000,25563.000000,27.250000,,,3.900000,18.500000,13.000000,13.000000,430.890000,,,,,,,,,,,,,
2016-01-01,,,,,,,,13.000000,13.000000,433.820000,,,,,,,,,,,,,
2016-01-02,,,,,,,,13.000000,13.000000,433.550000,,,,,,,,,,,,,
2016-01-03,,,,,,,,13.000000,13.000000,431.040000,,,,,,,,,,,,,
2016-01-04,13.069200,25515.000000,27.125000,,,,,13.000000,13.000000,434.170000,,,,,,,,,,,,,
2016-01-05,13.455000,25512.000000,27.125000,,,,,13.000000,14.000000,432.430000,,,,,,,,,,,,,
2016-01-06,13.835000,25668.000000,25.375000,,,,,14.000000,14.000000,429.560000,,,,,,,,,,,,,
2016-01-07,13.941300,25671.000000,26.625000,,,,,14.000000,14.000000,457.000000,,,,,,,,,,,,,
2016-01-08,13.865000,25559.000000,25.750000,,,,,14.000000,14.000000,452.700000,,,,,,,,,,,,,
2016-01-09,,,,,,,,14.000000,14.000000,448.840000,,,,,,,,,,,,,
2016-01-10,,,,,,,,14.000000,14.000000,448.790000,,,,,,,,,,,,,
2016-01-11,13.872500,25710.000000,25.812500,,,,,14.000000,14.000000,448.000000,,,,,,,,,,,,,
2016-01-12,13.583300,25610.000000,26.562500,,,,,14.000000,14.000000,434.850000,,,,,,,,,,,,,
2016-01-13,13.560000,25591.000000,25.000000,,,,,13.000000,14.000000,432.640000,,,,,,,,,,,,,
2016-01-14,13.460000,25543.000000,25.750000,,,,,13.000000,14.000000,429.550000,,,,,,,,,,,,,
2016-01-15,13.436700,25645.000000,26.375000,,,,,13.000000,14.000000,360.000000,,,,,,,,,,,,,
2016-01-16,,,,,,,,13.000000,14.000000,386.910000,,,,,,,,,,,,,
2016-01-17,,,,,,,,13.000000,14.000000,380.160000,,,,,,,,,,,,,
2016-01-18,13.511700,25665.000000,25.500000,,,,,13.000000,14.000000,385.490000,,,,,,,,,,,,,
2016-01-19,13.486700,25587.000000,26.812500,,,,,13.000000,14.000000,376.760000,,,,,,,,,,,,,
2016-01-20,13.446700,25546.000000,25.625000,,,,,13.000000,14.000000,416.320000,,,,,,,,,,,,,
2016-01-21,13.553300,25369.000000,27.000000,,,,,13.000000,14.000000,409.590000,,,,,,,,,,,,,
2016-01-22,13.715000,25375.000000,26.312500,,,,,13.000000,14.000000,382.550000,,,,,,,,,,,,,
2016-01-23,,,,,,,,14.000000,14.000000,386.400000,,,,,,,,,,,,,
2016-01-24,,,,,,,,14.000000,14.000000,402.160000,,,,,,,,,,,,,
2016-01-25,13.783200,25389.000000,27.000000,,,,,14.000000,14.000000,390.900000,,,,,,,,,,,,,
2016-01-26,13.837800,25414.000000,26.875000,,,,,14.000000,14.000000,391.770000,,,,,,,,,,,,,
2016-01-27,13.891200,25322.000000,26.625000,,,,,14.000000,14.000000,394.950000,,,,,,,,,,,,,
2016-01-28,13.889200,25243.000000,26.687500,,,,,14.000000,14.000000,379.750000,,,,,,,,,,,,,
2016-01-29,13.904000,30074.000000,26.312500,,,,,14.000000,14.000000,378.220000,,,,,,,,,,,,,
2016-01-30,,,,,,,,14.000000,14.000000,375.640000,,,,,,,,,,,,,
2016-01-31,,,,,,4.100000,22.000000,14.000000,14.000000,368.490000,,,,,,,,,,,,,
2016-02-01,14.088300,29985.000000,26.687500,,,,,14.000000,14.000000,371.810000,,,,,,,,,,,,,
2016-02-02,14.136700,29928.000000,26.812500,,,,,14.000000,14.000000,373.050000,,,,,,,,,,,,,
2016-02-03,14.143300,29892.000000,25.937500,,,,,14.000000,14.000000,368.380000,,,,,,,,,,,,,
2016-02-04,14.186200,29835.000000,26.250000,,,,,14.000000,14.000000,387.820000,,,,,,,,,,,,,
2016-02-05,14.314200,29674.000000,26.562500,,,,,14.000000,14.000000,385.000000,,,,,,,,,,,,,
2016-02-06,,,,,,,,14.000000,15.000000,375.390000,,,,,,,,,,,,,
2016-02-07,,,,,,,,14.000000,15.000000,375.000000,,,,,,,,,,,,,
2016-02-08,,,,,,,,14.000000,15.000000,370.910000,,,,,,,,,,,,,
2016-02-09,,,,,,,,14.000000,15.000000,373.200000,,,,,,,,,,,,,
2016-02-10,14.471700,29732.000000,25.625000,,,,,14.000000,15.000000,379.660000,,,,,,,,,,,,,
2016-02-11,14.559200,29833.000000,26.312500,,,,,14.000000,15.000000,377.980000,,,,,,,,,,,,,
2016-02-12,14.729800,29656.000000,26.062500,,,,,14.000000,15.000000,383.270000,,,,,,,,,,,,,
2016-02-13,,,,,,,,15.000000,15.000000,390.990000,,,,,,,,,,,,,
2016-02-14,,,,,,,,15.000000,15.000000,405.000000,,,,,,,,,,,,,
2016-02-15,14.773300,29676.000000,25.750000,,,,,15.000000,15.000000,399.280000,,,,,,,,,,,,,
2016-02-16,14.849800,29437.000000,26.562500,,,,,15.000000,15.000000,407.510000,,,,,,,,,,,,,
2016-02-17,14.914200,29317.000000,25.437500,,,,,15.000000,15.000000,415.540000,,,,,,,,,,,,,
2016-02-18,15.033300,29273.000000,26.812500,,,,,15.000000,15.000000,421.180000,,,,,,,,,,,,,
2016-02-19,15.028300,29178.000000,26.000000,,,,,15.000000,15.000000,419.540000,,,,,,,,,,,,,
2016-02-20,,,,,,,,15.000000,15.000000,434.630000,,,,,,,,,,,,,
2016-02-21,,,,,,,,15.000000,15.000000,438.500000,,,,,,,,,,,,,
2016-02-22,15.090000,29068.000000,25.750000,,,,,15.000000,15.000000,438.270000,,,,,,,,,,,,,
2016-02-23,15.420000,28890.000000,26.812500,,,,,15.000000,15.000000,419.100000,,,,,,,,,,,,,
2016-02-24,15.348300,28860.000000,26.125000,,,,,15.000000,16.000000,423.780000,,,,,,,,,,,,,
2016-02-25,15.370800,28767.000000,26.500000,,,,,15.000000,16.000000,423.510000,,,,,,,,,,,,,
2016-02-26,15.435000,28551.000000,26.000000,,,,,15.000000,16.000000,432.000000,,,,,,,,,,,,,
2016-02-27,,,,,,,,15.000000,16.000000,431.070000,,,,,,,,,,,,,
2016-02-28,,,,,,,,15.000000,16.000000,431.680000,,,,,,,,,,,,,
2016-02-29,15.584200,28399.000000,26.250000,,,2.700000,24.200000,15.000000,16.000000,435.230000,,,,,,,,,,,,,
2016-03-01,15.919200,28195.000000,26.750000,,,,,16.000000,16.000000,432.500000,,,,,,,,,,,,,
2016-03-02,15.685200,28124.000000,27.750000,,,,,16.000000,16.000000,423.450000,,,,,,,,,,,,,
2016-03-03,15.445000,28121.000000,30.500000,,,,,15.000000,16.000000,420.290000,,,,,,,,,,,,,
2016-03-04,15.195000,28215.000000,28.500000,,,,,15.000000,16.000000,408.010000,,,,,,,,,,,,,
2016-03-05,,,,,,,,15.000000,15.000000,399.830000,,,,,,,,,,,,,
2016-03-06,,,,,,,,15.000000,15.000000,406.230000,,,,,,,,,,,,,
2016-03-07,15.344200,28167.000000,29.687500,,,,,15.000000,16.000000,414.010000,,,,,,,,,,,,,
2016-03-08,15.439200,28164.000000,29.687500,,,,,15.000000,16.000000,411.750000,,,,,,,,,,,,,
2016-03-09,15.363300,28113.000000,30.437500,,,,,15.000000,16.000000,413.000000,,,,,,,,,,,,,
2016-03-10,15.340300,28130.000000,30.375000,,,,,15.000000,16.000000,416.000000,,,,,,,,,,,,,
2016-03-11,15.118300,28145.000000,28.625000,,,,,15.000000,15.000000,419.130000,,,,,,,,,,,,,
2016-03-12,,,,,,,,15.000000,15.000000,410.900000,,,,,,,,,,,,,
2016-03-13,,,,,,,,15.000000,15.000000,413.040000,,,,,,,,,,,,,
2016-03-14,14.801700,28029.000000,29.500000,,,,,15.000000,15.000000,414.990000,,,,,,,,,,,,,
2016-03-15,14.608300,27849.000000,31.062500,,,,,15.000000,15.000000,415.850000,,,,,,,,,,,,,
2016-03-16,14.509300,29080.000000,29.312500,,,,,14.000000,15.000000,416.570000,,,,,,,,,,,,,
2016-03-17,14.627300,29238.000000,30.687500,,,,,15.000000,15.000000,418.490000,,,,,,,,,,,,,
2016-03-18,14.821700,29195.000000,29.562500,,,,,15.000000,15.000000,407.910000,,,,,,,,,,,,,
2016-03-19,,,,,,,,15.000000,15.000000,409.040000,,,,,,,,,,,,,
2016-03-20,,,,,,,,15.000000,15.000000,411.280000,,,,,,,,,,,,,
2016-03-21,14.580800,29149.000000,29.562500,,,,,15.000000,15.000000,411.670000,,,,,,,,,,,,,
2016-03-22,14.245800,29117.000000,31.000000,,,,,14.000000,15.000000,416.640000,,,,,,,,,,,,,
2016-03-23,14.426000,29886.000000,29.937500,,,,,14.000000,15.000000,417.620000,,,,,,,,,,,,,
2016-03-24,,,,,,,,14.000000,15.000000,415.170000,,,,,,,,,,,,,
2016-03-25,,,,,,,,14.000000,15.000000,415.700000,,,,,,,,,,,,,
2016-03-26,,,,,,,,14.000000,15.000000,416.960000,,,,,,,,,,,,,
2016-03-27,,,,,,,,14.000000,15.000000,424.770000,,,,,,,,,,,,,
2016-03-28,14.638300,29842.000000,29.750000,,,,,14.000000,15.000000,422.870000,,,,,,,,,,,,,
2016-03-29,14.884000,29881.000000,31.187500,,,,,15.000000,15.000000,415.950000,,,,,,,,,,,,,
2016-03-30,14.616700,29852.000000,29.812500,,,,,14.000000,15.000000,413.740000,,,,,,,,,,,,,
2016-03-31,14.581700,29572.000000,30.750000,,14.050000,3.000000,26.200000,14.000000,15.000000,414.660000,,,,,,,,,,,,,
2016-04-01,14.703300,29407.000000,29.812500,,14.050000,,,15.000000,15.000000,416.310000,,,,,,,,,,,,,
2016-04-02,,,,,14.060000,,,15.000000,15.000000,419.000000,,,,,,,,,,,,,
2016-04-03,,,,,14.060000,,,15.000000,15.000000,419.110000,,,,,,,,,,,,,
2016-04-04,14.779200,29421.000000,29.875000,,14.060000,,,15.000000,15.000000,418.750000,,,,,,,,,,,,,
2016-04-05,14.681700,29544.000000,30.375000,,14.100000,,,15.000000,15.000000,422.710000,,,,,,,,,,,,,
2016-04-06,14.691300,29462.000000,30.375000,,14.110000,,,15.000000,15.000000,421.030000,,,,,,,,,,,,,
2016-04-07,14.525000,29557.000000,30.625000,,14.120000,,,15.000000,15.000000,420.000000,,,,,,,,,,,,,
2016-04-08,14.430000,29512.000000,30.375000,,14.140000,,,14.000000,15.000000,417.750000,,,,,,,,,,,,,
2016-04-09,,,,,14.150000,,,14.000000,15.000000,418.240000,,,,,,,,,,,,,
2016-04-10,,,,,14.150000,,,14.000000,15.000000,420.040000,,,,,,,,,,,,,
2016-04-11,14.510000,29524.000000,29.125000,,14.150000,,,14.000000,15.000000,422.690000,,,,,,,,,,,,,
2016-04-12,14.540000,29528.000000,31.062500,,14.180000,,,14.000000,15.000000,425.540000,,,,,,,,,,,,,
2016-04-13,14.424200,29442.000000,30.062500,,14.200000,,,14.000000,15.000000,423.930000,,,,,,,,,,,,,
2016-04-14,14.368300,29353.000000,31.437500,,14.210000,,,14.000000,15.000000,424.860000,,,,,,,,,,,,,
2016-04-15,14.295000,29239.000000,30.937500,,14.220000,,,14.000000,15.000000,429.450000,,,,,,,,,,,,,
2016-04-16,,,,,14.230000,,,14.000000,15.000000,430.690000,,,,,,,,,,,,,
2016-04-17,,,,,14.230000,,,14.000000,15.000000,427.420000,,,,,,,,,,,,,
2016-04-18,14.140000,29224.000000,31.062500,,14.230000,,,14.000000,15.000000,428.140000,,,,,,,,,,,,,
2016-04-19,14.141800,29295.000000,31.375000,,14.270000,,,14.000000,14.000000,435.630000,,,,,,,,,,,,,
2016-04-20,14.242500,29254.000000,31.062500,,14.280000,,,14.000000,15.000000,442.130000,,,,,,,,,,,,,
2016-04-21,14.360000,29186.000000,31.437500,,14.290000,,,14.000000,15.000000,451.000000,,,,,,,,,,,,,
2016-04-22,14.455800,35043.000000,30.500000,,14.310000,,,14.000000,15.000000,447.700000,,,,,,,,,,,,,
2016-04-23,,,,,14.320000,,,14.000000,15.000000,451.920000,,,,,,,,,,,,,
2016-04-24,,,,,14.320000,,,14.000000,15.000000,460.020000,,,,,,,,,,,,,
2016-04-25,14.330800,35009.000000,30.750000,,14.320000,,,14.000000,15.000000,462.330000,,,,,,,,,,,,,
2016-04-26,14.312200,34906.000000,31.750000,,14.360000,,,14.000000,15.000000,467.420000,,,,,,,,,,,,,
2016-04-27,14.240800,34741.000000,31.375000,,14.370000,,,14.000000,15.000000,445.380000,,,,,,,,,,,,,
2016-04-28,14.170200,34655.000000,30.687500,,14.380000,,,14.000000,15.000000,449.140000,,,,,,,,,,,,,
2016-04-29,14.258200,34380.000000,30.562500,,14.400000,,,14.000000,15.000000,456.530000,,,,,,,,,,,,,
2016-04-30,,,,,14.410000,3.400000,29.000000,14.000000,15.000000,448.370000,,,,,,,,,,,,,
2016-05-01,,,,,14.410000,,,14.000000,15.000000,453.000000,,,,,,,,,,,,,
2016-05-02,14.261700,34314.000000,30.562500,,14.410000,,,14.000000,15.000000,444.060000,,,,,,,,,,,,,
2016-05-03,14.209800,34220.000000,30.687500,,14.460000,,,14.000000,15.000000,450.610000,,,,,,,,,,,,,
2016-05-04,14.213300,31518.000000,30.562500,,14.470000,,,14.000000,15.000000,446.630000,,,,,,,,,,,,,
2016-05-05,14.253500,31392.000000,30.812500,,14.480000,,,14.000000,15.000000,448.500000,,,,,,,,,,,,,
2016-05-06,14.235500,31311.000000,31.125000,,14.500000,,,14.000000,15.000000,458.480000,,,,,,,,,,,,,
2016-05-07,,,,,14.510000,,,14.000000,15.000000,458.070000,,,,,,,,,,,,,
2016-05-08,,,,,14.510000,,,14.000000,15.000000,458.210000,,,,,,,,,,,,,
2016-05-09,14.224200,30986.000000,31.125000,,14.510000,,,14.000000,15.000000,460.820000,,,,,,,,,,,,,
2016-05-10,14.231200,31077.000000,31.375000,,14.550000,,,14.000000,15.000000,451.620000,,,,,,,,,,,,,
2016-05-11,14.222000,31176.000000,30.437500,,14.570000,,,14.000000,15.000000,452.910000,,,,,,,,,,,,,
2016-05-12,14.198700,31079.000000,31.062500,,14.580000,,,14.000000,14.000000,455.200000,,,,,,,,,,,,,
2016-05-13,14.162200,31348.000000,30.250000,,14.600000,,,14.000000,14.000000,455.910000,,,,,,,,,,,,,
2016-05-14,,,,,14.610000,,,14.000000,14.000000,455.570000,,,,,,,,,,,,,
2016-05-15,,,,,14.610000,,,14.000000,14.000000,457.560000,,,,,,,,,,,,,
2016-05-16,14.149800,31356.000000,30.937500,,14.610000,,,14.000000,14.000000,454.000000,,,,,,,,,,,,,
2016-05-17,14.131800,31632.000000,31.500000,,14.650000,,,14.000000,14.000000,453.080000,,,,,,,,,,,,,
2016-05-18,14.110800,31645.000000,31.062500,,14.670000,,,14.000000,14.000000,452.920000,,,,,,,,,,,,,
2016-05-19,14.122200,32088.000000,31.187500,,14.680000,,,14.000000,14.000000,436.300000,,,,,,,,,,,,,
2016-05-20,14.080300,32033.000000,31.125000,,14.700000,,,14.000000,14.000000,442.720000,,,,,,,,,,,,,
2016-05-21,,,,,14.710000,,,14.000000,14.000000,443.310000,,,,,,,,,,,,,
2016-05-22,,,,,14.710000,,,14.000000,14.000000,438.800000,,,,,,,,,,,,,
2016-05-23,14.011700,32268.000000,31.125000,,14.710000,,,14.000000,14.000000,442.990000,,,,,,,,,,,,,
2016-05-24,14.023300,31643.000000,31.437500,,14.750000,,,14.000000,14.000000,443.970000,,,,,,,,,,,,,
2016-05-25,,,,,14.770000,,,14.000000,14.000000,448.700000,,,,,,,,,,,,,
2016-05-26,14.087500,30829.000000,31.187500,,14.770000,,,14.000000,14.000000,452.070000,,,,,,,,,,,,,
2016-05-27,13.986700,30391.000000,31.062500,,14.800000,,,14.000000,14.000000,472.050000,,,,,,,,,,,,,
2016-05-28,,,,,14.820000,,,14.000000,14.000000,519.410000,,,,,,,,,,,,,
2016-05-29,,,,,14.820000,,,14.000000,14.000000,517.840000,,,,,,,,,,,,,
2016-05-30,13.963300,30348.000000,30.375000,,14.820000,,,14.000000,14.000000,527.640000,,,,,,,,,,,,,
2016-05-31,14.012700,30171.000000,31.250000,,14.860000,4.200000,33.100000,14.000000,14.000000,531.840000,,,,,,,,,,,,,
2016-06-01,13.953700,30742.000000,30.625000,,14.880000,,,14.000000,14.000000,536.950000,,,,,,,,,,,,,
2016-06-02,13.934300,30757.000000,31.312500,,14.900000,,,14.000000,14.000000,538.000000,,,,,,,,,,,,,
2016-06-03,13.878300,31033.000000,29.875000,,14.910000,,,14.000000,14.000000,569.940000,,,,,,,,,,,,,
2016-06-04,,,,,14.930000,,,14.000000,14.000000,573.800000,,,,,,,,,,,,,
2016-06-05,,,,,14.930000,,,14.000000,14.000000,573.910000,,,,,,,,,,,,,
2016-06-06,13.777300,30936.000000,30.187500,,14.930000,,,14.000000,14.000000,584.500000,,,,,,,,,,,,,
2016-06-07,13.804200,30849.000000,30.562500,,14.980000,,,14.000000,14.000000,577.540000,,,,,,,,,,,,,
2016-06-08,13.835000,30987.000000,29.875000,,14.990000,,,14.000000,14.000000,583.030000,,,,,,,,,,,,,
2016-06-09,13.849800,30981.000000,29.625000,,15.010000,,,14.000000,14.000000,575.010000,,,,,,,,,,,,,
2016-06-10,13.819700,31354.000000,29.562500,,15.020000,,,14.000000,14.000000,578.010000,,,,,,,,,,,,,
2016-06-11,,,,,15.040000,,,14.000000,14.000000,610.000000,,,,,,,,,,,,,
2016-06-12,,,,,15.040000,,,14.000000,14.000000,672.130000,,,,,,,,,,,,,
2016-06-13,13.798300,31263.000000,29.125000,,15.040000,,,14.000000,14.000000,704.490000,,,,,,,,,,,,,
2016-06-14,13.772500,31219.000000,29.125000,,15.090000,,,14.000000,14.000000,685.250000,,,,,,,,,,,,,
2016-06-15,13.756800,32190.000000,29.250000,,15.110000,,,14.000000,14.000000,695.000000,,,,,,,,,,,,,
2016-06-16,13.793500,32137.000000,29.312500,,15.120000,,,14.000000,14.000000,766.620000,,,,,,,,,,,,,
2016-06-17,,,,,15.140000,,,14.000000,14.000000,745.220000,,,,,,,,,,,,,
2016-06-18,,,,,15.140000,,,14.000000,14.000000,754.830000,,,,,,,,,,,,,
2016-06-19,,,,,15.140000,,,14.000000,14.000000,761.440000,,,,,,,,,,,,,
2016-06-20,,,,,15.140000,,,14.000000,14.000000,730.850000,,,,,,,,,,,,,
2016-06-21,13.878300,32095.000000,28.750000,,15.140000,,,14.000000,14.000000,667.540000,,,,,,,,,,,,,
2016-06-22,14.025300,32045.000000,28.375000,,15.220000,,,14.000000,14.000000,601.300000,,,,,,,,,,,,,
2016-06-23,14.190800,32024.000000,28.125000,,15.240000,,,14.000000,14.000000,624.910000,,,,,,,,,,,,,
2016-06-24,14.836500,31858.000000,26.187500,,15.250000,,,14.000000,15.000000,661.710000,,,,,,,,,,,,,
2016-06-25,,,,,15.270000,,,15.000000,15.000000,659.860000,,,,,,,,,,,,,
2016-06-26,,,,,15.270000,,,15.000000,15.000000,630.160000,,,,,,,,,,,,,
2016-06-27,15.030200,31708.000000,27.750000,,15.270000,,,15.000000,15.000000,657.500000,,,,,,,,,,,,,
2016-06-28,15.056300,31707.000000,27.500000,,15.330000,,,15.000000,15.000000,646.080000,,,,,,,,,,,,,
2016-06-29,14.904200,31112.000000,27.187500,,15.350000,,,15.000000,15.000000,634.110000,,,,,,,,,,,,,
2016-06-30,14.920000,30507.000000,26.625000,,15.370000,3.100000,35.800000,15.000000,15.000000,667.950000,,,,,,,,,,,,,
2016-07-01,15.119000,30749.000000,26.687500,,15.390000,,,15.000000,15.000000,674.860000,,,,,,,,,,,,,
2016-07-02,,,,,15.410000,,,15.000000,15.000000,702.480000,,,,,,,,,,,,,
2016-07-03,,,,,15.410000,,,15.000000,15.000000,658.270000,,,,,,,,,,,,,
2016-07-04,15.067500,30768.000000,26.375000,,15.410000,,,15.000000,15.000000,680.350000,,,,,,,,,,,,,
2016-07-05,15.018700,30737.000000,26.500000,,15.480000,,,15.000000,15.000000,668.940000,,,,,,,,,,,,,
2016-07-06,14.755000,33425.000000,26.375000,,15.500000,,,15.000000,15.000000,674.700000,,,,,,,,,,,,,
2016-07-07,14.692500,33673.000000,26.187500,,15.520000,,,15.000000,15.000000,638.190000,,,,,,,,,,,,,
2016-07-08,,,,,15.540000,,,15.000000,15.000000,663.000000,,,,,,,,,,,,,
2016-07-09,,,,,15.540000,,,15.000000,15.000000,647.780000,,,,,,,,,,,,,
2016-07-10,,,,,15.540000,,,15.000000,15.000000,648.760000,,,,,,,,,,,,,
2016-07-11,14.710000,33647.000000,26.125000,,15.540000,,,15.000000,15.000000,649.320000,,,,,,,,,,,,,
2016-07-12,14.599200,33886.000000,26.312500,,15.620000,,,15.000000,15.000000,663.520000,,,,,,,,,,,,,
2016-07-13,14.571800,33986.000000,25.687500,,15.650000,,,14.000000,15.000000,655.060000,,,,,,,,,,,,,
2016-07-14,14.620300,33977.000000,25.937500,,15.670000,,,15.000000,15.000000,659.100000,,,,,,,,,,,,,
2016-07-15,14.858300,33927.000000,26.062500,,15.690000,,,15.000000,15.000000,664.600000,,,,,,,,,,,,,
2016-07-16,,,,,15.710000,,,15.000000,15.000000,662.450000,,,,,,,,,,,,,
2016-07-17,,,,,15.710000,,,15.000000,15.000000,679.540000,,,,,,,,,,,,,
2016-07-18,15.055700,33845.000000,25.937500,,15.710000,,,15.000000,15.000000,672.100000,,,,,,,,,,,,,
2016-07-19,15.193300,34039.000000,26.312500,,15.760000,,,15.000000,15.000000,673.480000,,,,,,,,,,,,,
2016-07-20,14.996700,33900.000000,26.125000,,15.770000,,,15.000000,15.000000,667.030000,,,,,,,,,,,,,
2016-07-21,15.042500,33849.000000,25.687500,,15.790000,,,15.000000,15.000000,663.990000,,,,,,,,,,,,,
2016-07-22,14.951700,33784.000000,25.750000,,15.800000,,,15.000000,15.000000,649.950000,,,,,,,,,,,,,
2016-07-23,,,,,15.820000,,,15.000000,15.000000,655.520000,,,,,,,,,,,,,
2016-07-24,,,,,15.820000,,,15.000000,15.000000,661.470000,,,,,,,,,,,,,
2016-07-25,14.926700,33691.000000,25.750000,,15.820000,,,15.000000,15.000000,654.960000,,,,,,,,,,,,,
2016-07-26,14.958300,34290.000000,25.562500,,15.860000,,,15.000000,15.000000,651.240000,,,,,,,,,,,,,
2016-07-27,14.978300,34274.000000,25.625000,,15.880000,,,15.000000,15.000000,653.480000,,,,,,,,,,,,,
2016-07-28,15.027500,34244.000000,25.750000,,15.900000,,,15.000000,15.000000,653.070000,,,,,,,,,,,,,
2016-07-29,15.044700,32511.000000,25.625000,,15.910000,,,15.000000,15.000000,654.610000,,,,,,,,,,,,,
2016-07-30,,,,,15.930000,,,15.000000,15.000000,654.670000,,,,,,,,,,,,,
2016-07-31,,,,,15.930000,2.000000,36.800000,15.000000,15.000000,623.830000,,,,,,,,,,,,,
2016-08-01,14.985800,32628.000000,25.500000,,15.930000,,,15.000000,15.000000,606.350000,,,,,,,,,,,,,
2016-08-02,14.854200,32618.000000,25.500000,,15.970000,,,15.000000,15.000000,540.000000,,,,,,,,,,,,,
2016-08-03,14.867500,32497.000000,24.937500,,15.990000,,,15.000000,15.000000,563.420000,,,,,,,,,,,,,
2016-08-04,14.881200,32479.000000,25.312500,,16.000000,,,15.000000,15.000000,576.130000,,,,,,,,,,,,,
2016-08-05,14.848300,32453.000000,25.187500,,16.020000,,,15.000000,15.000000,572.500000,,,,,,,,,,,,,
2016-08-06,,,,,16.040000,,,15.000000,15.000000,589.480000,,,,,,,,,,,,,
2016-08-07,,,,,16.040000,,,15.000000,15.000000,592.470000,,,,,,,,,,,,,
2016-08-08,14.790800,32488.000000,24.937500,,16.040000,,,15.000000,15.000000,591.880000,,,,,,,,,,,,,
2016-08-09,14.767500,32535.000000,25.250000,,16.080000,,,15.000000,15.000000,582.750000,,,,,,,,,,,,,
2016-08-10,14.747200,32566.000000,24.875000,,16.100000,,,15.000000,15.000000,590.270000,,,,,,,,,,,,,
2016-08-11,14.658300,32425.000000,25.250000,,16.110000,,,15.000000,15.000000,585.220000,,,,,,,,,,,,,
2016-08-12,14.652500,32251.000000,24.750000,,16.130000,,,15.000000,15.000000,585.910000,,,,,,,,,,,,,
2016-08-13,,,,,16.150000,,,15.000000,15.000000,583.520000,,,,,,,,,,,,,
2016-08-14,,,,,16.150000,,,15.000000,15.000000,568.760000,,,,,,,,,,,,,
2016-08-15,,,,,16.150000,,,15.000000,15.000000,565.550000,,,,,,,,,,,,,
2016-08-16,14.670200,32239.000000,25.000000,,16.150000,,,15.000000,15.000000,574.990000,,,,,,,,,,,,,
2016-08-17,14.697500,32087.000000,25.125000,,16.200000,,,15.000000,15.000000,570.910000,,,,,,,,,,,,,
2016-08-18,14.852500,32338.000000,25.062500,,16.210000,,,15.000000,15.000000,571.490000,,,,,,,,,,,,,
2016-08-19,14.942500,31963.000000,24.750000,,16.220000,,,15.000000,15.000000,572.910000,,,,,,,,,,,,,
2016-08-20,,,,,16.230000,,,15.000000,15.000000,577.880000,,,,,,,,,,,,,
2016-08-21,,,,,16.230000,,,15.000000,15.000000,577.550000,,,,,,,,,,,,,
2016-08-22,14.899500,31965.000000,24.812500,,16.230000,,,15.000000,15.000000,582.780000,,,,,,,,,,,,,
2016-08-23,14.832500,31931.000000,24.562500,,16.260000,,,15.000000,15.000000,580.230000,,,,,,,,,,,,,
2016-08-24,14.874700,31847.000000,24.500000,,16.270000,,,15.000000,15.000000,577.580000,,,,,,,,,,,,,
2016-08-25,14.883700,31924.000000,24.437500,,16.280000,,,15.000000,15.000000,575.710000,,,,,,,,,,,,,
2016-08-26,14.929000,31809.000000,24.437500,,16.290000,,,15.000000,15.000000,578.780000,,,,,,,,,,,,,
2016-08-27,,,,,16.300000,,,15.000000,15.000000,568.310000,,,,,,,,,,,,,
2016-08-28,,,,,16.300000,,,15.000000,15.000000,573.200000,,,,,,,,,,,,,
2016-08-29,15.060800,31557.000000,24.062500,,16.300000,,,15.000000,15.000000,571.500000,,,,,,,,,,,,,
2016-08-30,15.098800,31432.000000,24.312500,,16.340000,,,15.000000,15.000000,575.910000,,,,,,,,,,,,,
2016-08-31,14.900800,31150.000000,24.000000,,16.350000,0.200000,35.500000,15.000000,15.000000,570.750000,,,,,,,,,,,,,
2016-09-01,14.884300,31102.000000,23.875000,,16.360000,,,15.000000,15.000000,571.050000,,,,,,,,,,,,,
2016-09-02,14.900000,31070.000000,23.562500,,16.370000,,,15.000000,15.000000,572.000000,,,,,,,,,,,,,
2016-09-03,,,,,16.380000,,,15.000000,15.000000,595.010000,,,,,,,,,,,,,
2016-09-04,,,,,16.380000,,,15.000000,15.000000,603.720000,,,,,,,,,,,,,
2016-09-05,14.995000,31126.000000,23.625000,,16.380000,,,15.000000,15.000000,603.480000,,,,,,,,,,,,,
2016-09-06,15.006700,31324.000000,23.875000,,16.410000,,,15.000000,15.000000,608.160000,,,,,,,,,,,,,
2016-09-07,15.025000,31330.000000,23.562500,,16.420000,,,15.000000,15.000000,615.160000,,,,,,,,,,,,,
2016-09-08,15.066500,31265.000000,23.250000,,16.430000,,,15.000000,15.000000,625.670000,,,,,,,,,,,,,
2016-09-09,15.057700,31274.000000,23.125000,,16.440000,,,15.000000,15.000000,622.010000,,,,,,,,,,,,,
2016-09-10,,,,,16.450000,,,15.000000,15.000000,621.650000,,,,,,,,,,,,,
2016-09-11,,,,,16.450000,,,15.000000,15.000000,606.320000,,,,,,,,,,,,,
2016-09-12,14.988700,31250.000000,23.312500,,16.450000,,,15.000000,15.000000,608.040000,,,,,,,,,,,,,
2016-09-13,14.912500,31084.000000,23.312500,,16.480000,,,15.000000,15.000000,607.460000,,,,,,,,,,,,,
2016-09-14,15.027500,31028.000000,23.187500,,16.490000,,,15.000000,15.000000,608.500000,,,,,,,,,,,,,
2016-09-15,15.040200,30873.000000,23.125000,,16.500000,,,15.000000,15.000000,606.710000,,,,,,,,,,,,,
2016-09-16,15.089200,30813.000000,23.062500,,16.510000,,,15.000000,15.000000,605.690000,,,,,,,,,,,,,
2016-09-17,,,,,16.510000,,,15.000000,15.000000,604.100000,,,,,,,,,,,,,
2016-09-18,,,,,16.510000,,,15.000000,15.000000,608.000000,,,,,,,,,,,,,
2016-09-19,15.150800,30743.000000,23.000000,,16.510000,,,15.000000,15.000000,608.720000,,,,,,,,,,,,,
2016-09-20,15.161700,30697.000000,23.062500,,16.510000,,,15.000000,15.000000,600.940000,,,,,,,,,,,,,
2016-09-21,15.136500,30710.000000,22.875000,,16.510000,,,15.000000,15.000000,595.460000,,,,,,,,,,,,,
2016-09-22,15.168200,30736.000000,22.750000,,16.520000,,,15.000000,15.000000,595.410000,,,,,,,,,,,,,
2016-09-23,15.160700,30748.000000,22.562500,,16.520000,,,15.000000,15.000000,601.420000,,,,,,,,,,,,,
2016-09-24,,,,,16.520000,,,15.000000,15.000000,599.330000,,,,,,,,,,,,,
2016-09-25,,,,,16.520000,,,15.000000,15.000000,598.980000,,,,,,,,,,,,,
2016-09-26,15.206700,30708.000000,22.437500,,16.520000,,,15.000000,15.000000,606.470000,,,,,,,,,,,,,
2016-09-27,15.267700,30596.000000,22.625000,,16.520000,,,15.000000,15.000000,604.260000,,,,,,,,,,,,,
2016-09-28,15.305000,30389.000000,22.375000,,16.520000,,,15.000000,16.000000,603.950000,,,,,,,,,,,,,
2016-09-29,15.402300,30009.000000,22.437500,,16.520000,,,15.000000,16.000000,605.600000,,,,,,,,,,,,,
2016-09-30,15.263300,29902.000000,22.187500,,16.520000,1.100000,35.500000,15.000000,16.000000,608.230000,,,,,,,,,,,,,
2016-10-01,,,,,16.520000,,,15.000000,16.000000,612.980000,,,,,,,,,,,,,
2016-10-02,,,,,16.520000,,,15.000000,16.000000,608.600000,,,,,,,,,,,,,
2016-10-03,15.225000,32296.000000,22.125000,,16.520000,,,15.000000,16.000000,611.160000,,,,,,,,,,,,,
2016-10-04,15.180000,32469.000000,22.375000,,16.530000,,,15.000000,15.000000,607.190000,,,,,,,,,,,,,
2016-10-05,15.182500,32510.000000,22.375000,,16.530000,,,15.000000,15.000000,608.490000,,,,,,,,,,,,,
2016-10-06,15.223200,32469.000000,22.437500,,16.530000,,,15.000000,15.000000,610.250000,,,,,,,,,,,,,
2016-10-07,15.209200,32533.000000,22.187500,,16.530000,,,15.000000,15.000000,614.880000,,,,,,,,,,,,,
2016-10-08,,,,,16.530000,,,15.000000,15.000000,614.340000,,,,,,,,,,,,,
2016-10-09,,,,,16.530000,,,15.000000,15.000000,613.060000,,,,,,,,,,,,,
2016-10-10,,,,,16.530000,,,15.000000,15.000000,616.000000,,,,,,,,,,,,,
2016-10-11,15.186200,32457.000000,22.000000,,16.530000,,,15.000000,15.000000,639.000000,,,,,,,,,,,,,
2016-10-12,15.152200,35553.000000,22.250000,,16.540000,,,15.000000,15.000000,634.500000,,,,,,,,,,,,,
2016-10-13,15.115200,35482.000000,22.187500,,16.540000,,,15.000000,15.000000,634.020000,,,,,,,,,,,,,
2016-10-14,15.121700,35545.000000,22.125000,,16.540000,,,15.000000,15.000000,638.200000,,,,,,,,,,,,,
2016-10-15,,,,,16.540000,,,15.000000,15.000000,635.960000,,,,,,,,,,,,,
2016-10-16,,,,,16.540000,,,15.000000,15.000000,638.970000,,,,,,,,,,,,,
2016-10-17,15.210000,39331.000000,22.062500,,16.540000,,,15.000000,15.000000,636.910000,,,,,,,,,,,,,
2016-10-18,15.201500,39715.000000,22.062500,,16.550000,,,15.000000,15.000000,635.950000,,,,,,,,,,,,,
2016-10-19,15.206500,39651.000000,22.250000,,16.560000,,,15.000000,15.000000,627.980000,,,,,,,,,,,,,
2016-10-20,15.181700,40632.000000,22.000000,,16.560000,,,15.000000,15.000000,628.890000,,,,,,,,,,,,,
2016-10-21,15.150300,40264.000000,22.062500,,16.570000,,,15.000000,15.000000,629.000000,,,,,,,,,,,,,
2016-10-22,,,,,16.570000,,,15.000000,15.000000,654.520000,,,,,,,,,,,,,
2016-10-23,,,,,16.570000,,,15.000000,15.000000,648.740000,,,,,,,,,,,,,
2016-10-24,15.118300,40572.000000,21.875000,,16.570000,,,15.000000,15.000000,648.600000,,,,,,,,,,,,,
2016-10-25,15.192200,40840.000000,22.062500,,16.590000,,,15.000000,15.000000,651.970000,,,,,,,,,,,,,
2016-10-26,15.224200,40885.000000,21.750000,,16.600000,,,15.000000,15.000000,675.110000,,,,,,,,,,,,,
2016-10-27,15.179700,39841.000000,21.937500,,16.600000,,,15.000000,15.000000,684.710000,,,,,,,,,,,,,
2016-10-28,15.185800,40020.000000,21.937500,,16.610000,,,15.000000,15.000000,685.910000,,,,,,,,,,,,,
2016-10-29,,,,,16.620000,,,15.000000,15.000000,711.130000,,,,,,,,,,,,,
2016-10-30,,,,,16.620000,,,15.000000,15.000000,697.230000,,,,,,,,,,,,,
2016-10-31,15.174500,37210.000000,21.750000,,16.620000,2.400000,37.100000,15.000000,15.000000,697.010000,,,,,,,,,,,,,
2016-11-01,15.125200,37533.000000,21.687500,,16.630000,,,15.000000,15.000000,726.600000,,,,,,,,,,,,,
2016-11-02,15.084200,37622.000000,21.750000,,16.640000,,,15.000000,15.000000,742.000000,,,,,,,,,,,,,
2016-11-03,15.125000,37616.000000,21.500000,,16.640000,,,15.000000,15.000000,685.220000,,,,,,,,,,,,,
2016-11-04,15.074500,37940.000000,21.625000,,16.650000,,,15.000000,15.000000,702.700000,,,,,,,,,,,,,
2016-11-05,,,,,16.660000,,,15.000000,15.000000,703.460000,,,,,,,,,,,,,
2016-11-06,,,,,16.660000,,,15.000000,15.000000,709.930000,,,,,,,,,,,,,
2016-11-07,15.036700,37691.000000,21.500000,,16.660000,,,15.000000,15.000000,702.860000,,,,,,,,,,,,,
2016-11-08,15.039300,38070.000000,21.312500,,16.670000,,,15.000000,15.000000,709.310000,,,,,,,,,,,,,
2016-11-09,15.020000,38058.000000,21.625000,,16.680000,,,15.000000,15.000000,721.500000,,,,,,,,,,,,,
2016-11-10,15.018300,38016.000000,21.000000,,16.690000,,,15.000000,15.000000,714.470000,,,,,,,,,,,,,
2016-11-11,15.221700,37958.000000,21.062500,,16.690000,,,15.000000,15.000000,716.390000,,,,,,,,,,,,,
2016-11-12,,,,,16.700000,,,15.000000,15.000000,702.280000,,,,,,,,,,,,,
2016-11-13,,,,,16.700000,,,15.000000,15.000000,700.380000,,,,,,,,,,,,,
2016-11-14,15.530800,37938.000000,21.000000,,16.700000,,,15.000000,16.000000,703.820000,,,,,,,,,,,,,
2016-11-15,15.541700,37901.000000,21.000000,,16.720000,,,15.000000,16.000000,711.060000,,,,,,,,,,,,,
2016-11-16,15.550000,37875.000000,21.125000,,16.720000,,,15.000000,16.000000,739.710000,,,,,,,,,,,,,
2016-11-17,15.473500,37426.000000,21.000000,,16.730000,,,15.000000,16.000000,735.240000,,,,,,,,,,,,,
2016-11-18,15.481700,37283.000000,21.187500,,16.750000,,,15.000000,16.000000,748.980000,,,,,,,,,,,,,
2016-11-19,,,,,16.760000,,,15.000000,16.000000,750.750000,,,,,,,,,,,,,
2016-11-20,,,,,16.760000,,,15.000000,16.000000,727.090000,,,,,,,,,,,,,
2016-11-21,15.399000,37461.000000,21.000000,,16.760000,,,15.000000,16.000000,736.760000,,,,,,,,,,,,,
2016-11-22,15.406000,37610.000000,20.812500,,16.800000,,,15.000000,16.000000,749.220000,,,,,,,,,,,,,
2016-11-23,15.531000,37554.000000,20.750000,,16.820000,,,15.000000,16.000000,740.180000,,,,,,,,,,,,,
2016-11-24,15.530000,37575.000000,20.312500,,16.830000,,,15.000000,16.000000,735.630000,,,,,,,,,,,,,
2016-11-25,15.535000,37682.000000,20.625000,,16.840000,,,15.000000,16.000000,737.070000,,,,,,,,,,,,,
2016-11-26,,,,,16.860000,,,15.000000,16.000000,729.910000,,,,,,,,,,,,,
2016-11-27,,,,,16.860000,,,15.000000,16.000000,727.320000,,,,,,,,,,,,,
2016-11-28,,,,,16.860000,,,15.000000,16.000000,729.540000,,,,,,,,,,,,,
2016-11-29,15.570200,37561.000000,20.812500,,16.860000,,,15.000000,16.000000,730.760000,,,,,,,,,,,,,
2016-11-30,15.844200,37378.000000,20.375000,,16.910000,1.600000,36.700000,16.000000,16.000000,742.060000,,,,,,,,,,,,,
2016-12-01,15.874000,37275.000000,20.250000,,16.920000,,,16.000000,16.000000,751.540000,,,,,,,,,,,,,
2016-12-02,15.877000,37536.000000,20.312500,,16.940000,,,16.000000,16.000000,769.990000,,,,,,,,,,,,,
2016-12-03,,,,,16.950000,,,16.000000,16.000000,760.750000,,,,,,,,,,,,,
2016-12-04,,,,,16.950000,,,16.000000,16.000000,762.000000,,,,,,,,,,,,,
2016-12-05,15.939700,37537.000000,20.437500,,16.950000,,,16.000000,16.000000,750.240000,,,,,,,,,,,,,
2016-12-06,15.868300,37592.000000,20.500000,,16.990000,,,16.000000,16.000000,758.980000,,,,,,,,,,,,,
2016-12-07,15.958000,37811.000000,20.375000,,17.000000,,,16.000000,16.000000,763.990000,,,,,,,,,,,,,
2016-12-08,,,,,17.020000,,,16.000000,16.000000,766.840000,,,,,,,,,,,,,
2016-12-09,,,,,17.020000,,,16.000000,16.000000,769.570000,,,,,,,,,,,,,
2016-12-10,,,,,17.020000,,,16.000000,16.000000,772.280000,,,,,,,,,,,,,
2016-12-11,,,,,17.020000,,,16.000000,16.000000,768.970000,,,,,,,,,,,,,
2016-12-12,16.039200,36776.000000,19.937500,,17.020000,,,16.000000,16.000000,776.900000,,,,,,,,,,,,,
2016-12-13,16.018300,36869.000000,19.812500,,17.090000,,,16.000000,16.000000,775.350000,,,,,,,,,,,,,
2016-12-14,15.913300,37007.000000,20.062500,,17.100000,,,16.000000,16.000000,777.090000,,,,,,,,,,,,,
2016-12-15,15.999200,36878.000000,20.125000,,17.110000,,,16.000000,16.000000,775.890000,,,,,,,,,,,,,
2016-12-16,15.952300,37086.000000,19.937500,,17.130000,,,16.000000,16.000000,781.320000,,,,,,,,,,,,,
2016-12-17,,,,,17.140000,,,16.000000,16.000000,788.520000,,,,,,,,,,,,,
2016-12-18,,,,,17.140000,,,16.000000,16.000000,788.670000,,,,,,,,,,,,,
2016-12-19,15.856700,37203.000000,20.000000,,17.140000,,,16.000000,16.000000,791.000000,,,,,,,,,,,,,
2016-12-20,15.827300,37930.000000,19.812500,,17.160000,,,16.000000,16.000000,798.650000,,,,,,,,,,,,,
2016-12-21,15.864800,38189.000000,19.750000,,17.170000,,,16.000000,16.000000,832.750000,,,,,,,,,,,,,
2016-12-22,15.773300,38173.000000,19.875000,,17.180000,,,16.000000,16.000000,859.960000,,,,,,,,,,,,,
2016-12-23,15.599300,38511.000000,19.937500,,17.190000,,,16.000000,16.000000,914.000000,,,,,,,,,,,,,
2016-12-24,,,,,17.200000,,,15.000000,16.000000,892.610000,,,,,,,,,,,,,
2016-12-25,,,,,17.200000,,,15.000000,16.000000,890.670000,,,,,,,,,,,,,
2016-12-26,15.552500,38509.000000,19.750000,,17.200000,,,15.000000,16.000000,897.100000,,,,,,,,,,,,,
2016-12-27,15.522500,38956.000000,19.812500,,17.220000,,,15.000000,16.000000,930.340000,,,,,,,,,,,,,
2016-12-28,15.572500,39204.000000,20.125000,,17.230000,,,15.000000,16.000000,976.470000,,,,,,,,,,,,,
2016-12-29,15.733300,39362.000000,19.875000,,17.240000,,,16.000000,16.000000,969.580000,,,,,,,,,,,,,
2016-12-30,15.850200,39308.000000,19.875000,,17.250000,,,16.000000,16.000000,959.540000,,,,,,,,,,,,,
2016-12-31,,,,,17.260000,1.200000,33.100000,16.000000,16.000000,966.300000,,,,,,,,,,,,,
2017-01-01,,,,,17.260000,,,16.000000,16.000000,997.750000,,,,,,,,,,,,,
2017-01-02,15.919200,39296.000000,19.812500,,17.260000,,,16.000000,16.000000,1012.540000,,,,,,,,,,,,,
2017-01-03,15.895500,39486.000000,20.125000,,17.290000,,,16.000000,16.000000,1035.240000,,,,,,,,,,,,,
2017-01-04,16.053300,39580.000000,19.875000,,17.290000,,,16.000000,16.000000,1114.920000,,,,,,,,,,,,,
2017-01-05,15.994200,39856.000000,19.750000,,17.300000,,,16.000000,16.000000,1004.740000,,,,,,,,,,,,,
2017-01-06,15.853500,39802.000000,19.875000,,17.310000,,,16.000000,16.000000,893.890000,,,,,,,,,,,,,
2017-01-07,,,,,17.320000,,,16.000000,16.000000,906.200000,,,,,,,,,,,,,
2017-01-08,,,,,17.320000,,,16.000000,16.000000,909.750000,,,,,,,,,,,,,
2017-01-09,15.808300,39661.000000,19.875000,,17.320000,,,16.000000,16.000000,896.230000,,,,,,,,,,,,,
2017-01-10,15.867700,39702.000000,20.062500,,17.350000,,,16.000000,16.000000,905.050000,,,,,,,,,,,,,
2017-01-11,15.857500,39665.000000,19.625000,,17.360000,,,16.000000,16.000000,778.620000,,,,,,,,,,,,,
2017-01-12,15.820800,39890.000000,19.625000,,17.360000,,,16.000000,16.000000,807.470000,,,,,,,,,,,,,
2017-01-13,15.843000,40114.000000,19.750000,,17.370000,,,16.000000,16.000000,825.860000,,,,,,,,,,,,,
2017-01-14,,,,,17.380000,,,16.000000,16.000000,818.270000,,,,,,,,,,,,,
2017-01-15,,,,,17.380000,,,16.000000,16.000000,821.860000,,,,,,,,,,,,,
2017-01-16,15.869500,40135.000000,19.750000,,17.380000,,,16.000000,16.000000,831.810000,,,,,,,,,,,,,
2017-01-17,15.882700,40202.000000,19.875000,,17.410000,,,16.000000,16.000000,905.990000,,,,,,,,,,,,,
2017-01-18,15.951700,40184.000000,19.750000,,17.410000,,,16.000000,16.000000,887.700000,,,,,,,,,,,,,
2017-01-19,15.978300,40051.000000,19.625000,,17.420000,,,16.000000,16.000000,901.010000,,,,,,,,,,,,,
2017-01-20,15.856700,40003.000000,19.500000,,17.430000,,,16.000000,16.000000,895.800000,,,,,,,,,,,,,
2017-01-21,,,,,17.430000,,,16.000000,16.000000,921.980000,,,,,,,,,,,,,
2017-01-22,,,,,17.430000,,,16.000000,16.000000,923.760000,,,,,,,,,,,,,
2017-01-23,15.921800,40002.000000,19.500000,,17.430000,,,16.000000,16.000000,913.520000,,,,,,,,,,,,,
2017-01-24,15.955800,39915.000000,19.625000,,17.450000,,,16.000000,16.000000,885.470000,,,,,,,,,,,,,
2017-01-25,15.931200,39884.000000,19.687500,,17.460000,,,16.000000,16.000000,893.430000,,,,,,,,,,,,,
2017-01-26,15.944800,46634.000000,19.937500,,17.470000,,,16.000000,16.000000,914.830000,,,,,,,,,,,,,
2017-01-27,15.890800,46651.000000,19.937500,,17.470000,,,16.000000,16.000000,918.020000,,,,,,,,,,,,,
2017-01-28,,,,,17.480000,,,16.000000,16.000000,918.600000,,,,,,,,,,,,,
2017-01-29,,,,,17.480000,,,16.000000,16.000000,912.010000,,,,,,,,,,,,,
2017-01-30,15.935000,46847.000000,19.937500,,17.480000,,,16.000000,16.000000,919.990000,,,,,,,,,,,,,
2017-01-31,15.911700,46887.000000,19.375000,,17.500000,1.300000,29.900000,16.000000,16.000000,963.990000,,,,,,,,,,,,,
2017-02-01,15.835000,46750.000000,20.187500,,17.510000,,,16.000000,16.000000,983.670000,,,,,,,,,,,,,
2017-02-02,15.723500,46647.000000,20.250000,,17.510000,,,16.000000,16.000000,1009.170000,,,,,,,,,,,,,
2017-02-03,15.654200,46653.000000,20.000000,,17.520000,,,16.000000,16.000000,1016.990000,,,,,,,,,,,,,
2017-02-04,,,,,17.530000,,,16.000000,16.000000,1033.180000,,,,,,,,,,,,,
2017-02-05,,,,,17.530000,,,16.000000,16.000000,1011.070000,,,,,,,,,,,,,
2017-02-06,15.617500,46705.000000,19.625000,,17.530000,,,16.000000,16.000000,1023.990000,,,,,,,,,,,,,
2017-02-07,15.721200,46743.000000,20.062500,,17.550000,,,16.000000,16.000000,1052.480000,,,,,,,,,,,,,
2017-02-08,15.685000,47178.000000,20.312500,,17.560000,,,16.000000,16.000000,1050.400000,,,,,,,,,,,,,
2017-02-09,15.632500,47178.000000,20.250000,,17.560000,,,16.000000,16.000000,986.000000,,,,,,,,,,,,,
2017-02-10,15.548300,47431.000000,19.625000,,17.570000,,,16.000000,16.000000,996.080000,,,,,,,,,,,,,
2017-02-11,,,,,17.580000,,,15.000000,16.000000,1012.400000,,,,,,,,,,,,,
2017-02-12,,,,,17.580000,,,15.000000,16.000000,1000.730000,,,,,,,,,,,,,
2017-02-13,15.526200,47360.000000,19.687500,,17.580000,,,15.000000,16.000000,1000.790000,,,,,,,,,,,,,
2017-02-14,15.484500,47188.000000,20.312500,,17.600000,,,15.000000,16.000000,1008.880000,,,,,,,,,,,,,
2017-02-15,15.458700,48624.000000,20.312500,,17.600000,,,15.000000,16.000000,1011.530000,,,,,,,,,,,,,
2017-02-16,15.367500,48702.000000,20.250000,,17.610000,,,15.000000,16.000000,1032.700000,,,,,,,,,,,,,
2017-02-17,15.575000,49085.000000,19.750000,,17.620000,,,15.000000,16.000000,1055.460000,,,,,,,,,,,,,
2017-02-18,,,,,17.630000,,,16.000000,16.000000,1056.400000,,,,,,,,,,,,,
2017-02-19,,,,,17.630000,,,16.000000,16.000000,1051.800000,,,,,,,,,,,,,
2017-02-20,15.715000,49052.000000,19.750000,,17.630000,,,16.000000,16.000000,1084.000000,,,,,,,,,,,,,
2017-02-21,15.664200,50751.000000,20.000000,,17.650000,,,16.000000,16.000000,1124.620000,,,,,,,,,,,,,
2017-02-22,15.535800,50768.000000,20.312500,,17.660000,,,16.000000,16.000000,1130.010000,,,,,,,,,,,,,
2017-02-23,15.569800,50801.000000,20.250000,,17.670000,,,15.000000,16.000000,1188.110000,,,,,,,,,,,,,
2017-02-24,15.455000,50608.000000,20.187500,,17.670000,,,15.000000,16.000000,1180.140000,,,,,,,,,,,,,
2017-02-25,,,,,17.680000,,,15.000000,16.000000,1152.200000,,,,,,,,,,,,,
2017-02-26,,,,,17.680000,,,15.000000,16.000000,1179.050000,,,,,,,,,,,,,
2017-02-27,,,,,17.680000,,,15.000000,16.000000,1194.640000,,,,,,,,,,,,,
2017-02-28,,,,,17.680000,2.500000,29.100000,15.000000,16.000000,1191.210000,,,,,,,,,,,,,
2017-03-01,15.477000,50551.000000,20.125000,,17.680000,,,15.000000,16.000000,1226.390000,,,,,,,,,,,,,
2017-03-02,15.387500,51114.000000,19.750000,,17.720000,,,15.000000,16.000000,1257.600000,,,,,,,,,,,,,
2017-03-03,15.450000,51010.000000,19.687500,,17.730000,,,15.000000,16.000000,1285.330000,,,,,,,,,,,,,
2017-03-04,,,,,17.740000,,,15.000000,16.000000,1260.000000,,,,,,,,,,,,,
2017-03-05,,,,,17.740000,,,15.000000,16.000000,1273.000000,,,,,,,,,,,,,
2017-03-06,15.437500,51495.000000,19.875000,,17.740000,,,15.000000,16.000000,1278.490000,,,,,,,,,,,,,
2017-03-07,15.500800,51457.000000,19.687500,,17.760000,,,15.000000,16.000000,1233.050000,,,,,,,,,,,,,
2017-03-08,15.593300,51494.000000,19.562500,,17.770000,,,15.000000,16.000000,1150.050000,,,,,,,,,,,,,
2017-03-09,15.625000,51599.000000,19.687500,,17.780000,,,16.000000,16.000000,1190.890000,,,,,,,,,,,,,
2017-03-10,15.476700,51651.000000,19.625000,,17.790000,,,15.000000,16.000000,1116.970000,,,,,,,,,,,,,
2017-03-11,,,,,17.800000,,,15.000000,16.000000,1176.550000,,,,,,,,,,,,,
2017-03-12,,,,,17.800000,,,15.000000,16.000000,1226.620000,,,,,,,,,,,,,
2017-03-13,15.516300,51816.000000,19.375000,,17.800000,,,15.000000,16.000000,1242.460000,,,,,,,,,,,,,
2017-03-14,15.535800,51772.000000,19.875000,,17.820000,,,15.000000,16.000000,1245.860000,,,,,,,,,,,,,
2017-03-15,15.546700,51618.000000,19.500000,,17.830000,,,15.000000,16.000000,1257.320000,,,,,,,,,,,,,
2017-03-16,15.528300,51649.000000,19.625000,,17.840000,,,15.000000,16.000000,1172.620000,,,,,,,,,,,,,
2017-03-17,15.534200,51667.000000,19.625000,,17.850000,,,15.000000,16.000000,1071.020000,,,,,,,,,,,,,
2017-03-18,,,,,17.870000,,,15.000000,16.000000,969.400000,,,,,,,,,,,,,
2017-03-19,,,,,17.870000,,,15.000000,16.000000,1017.970000,,,,,,,,,,,,,
2017-03-20,15.668700,51929.000000,19.437500,,17.870000,,,15.000000,16.000000,1035.960000,,,,,,,,,,,,,
2017-03-21,15.635300,51950.000000,19.375000,,17.910000,,,16.000000,16.000000,1114.390000,,,,,,,,,,,,,
2017-03-22,15.581500,51926.000000,19.250000,,17.920000,,,16.000000,16.000000,1037.560000,,,,,,,,,,,,,
2017-03-23,15.626000,51745.000000,19.312500,,17.940000,,,16.000000,16.000000,1029.650000,,,,,,,,,,,,,
2017-03-24,,,,,17.950000,,,16.000000,16.000000,929.060000,,,,,,,,,,,,,
2017-03-25,,,,,17.950000,,,16.000000,16.000000,956.020000,,,,,,,,,,,,,
2017-03-26,,,,,17.950000,,,16.000000,16.000000,960.000000,,,,,,,,,,,,,
2017-03-27,15.607500,51661.000000,19.062500,,17.950000,,,16.000000,16.000000,1039.920000,,,,,,,,,,,,,
2017-03-28,15.543300,51515.000000,19.312500,,18.010000,,,15.000000,16.000000,1043.990000,,,,,,,,,,,,,
2017-03-29,15.467800,51190.000000,19.187500,,18.020000,,,15.000000,16.000000,1035.960000,,,,,,,,,,,,,
2017-03-30,15.399800,50907.000000,19.000000,,18.040000,,,15.000000,16.000000,1033.700000,,,,,,,,,,,,,
2017-03-31,15.381800,50522.000000,19.062500,,18.050000,2.400000,28.300000,15.000000,16.000000,1070.310000,,,,,,,,,,,,,
2017-04-01,,,,,18.070000,,,15.000000,16.000000,1083.940000,,,,,,,,,,,,,
2017-04-02,,,,,18.070000,,,15.000000,16.000000,1078.010000,,,,,,,,,,,,,
2017-04-03,15.417500,51851.000000,18.687500,,18.070000,,,15.000000,16.000000,1144.770000,,,,,,,,,,,,,
2017-04-04,15.379000,51885.000000,19.062500,,18.110000,,,15.000000,16.000000,1143.000000,,,,,,,,,,,,,
2017-04-05,15.352000,51926.000000,18.812500,,18.130000,,,15.000000,16.000000,1134.580000,,,,,,,,,,,,,
2017-04-06,15.407500,52008.000000,18.937500,,18.140000,,,15.000000,16.000000,1190.850000,,,,,,,,,,,,,
2017-04-07,15.374500,52091.000000,18.750000,,18.160000,,,15.000000,16.000000,1190.660000,,,,,,,,,,,,,
2017-04-08,,,,,18.170000,,,15.000000,16.000000,1184.030000,,,,,,,,,,,,,
2017-04-09,,,,,18.170000,,,15.000000,16.000000,1206.200000,,,,,,,,,,,,,
2017-04-10,15.329300,52088.000000,19.000000,,18.170000,,,15.000000,16.000000,1209.250000,,,,,,,,,,,,,
2017-04-11,15.239300,52246.000000,18.937500,,18.220000,,,15.000000,16.000000,1218.990000,,,,,,,,,,,,,
2017-04-12,15.174200,52696.000000,18.875000,,18.230000,,,15.000000,16.000000,1212.170000,,,,,,,,,,,,,
2017-04-13,,,,,18.240000,,,15.000000,15.000000,1172.910000,,,,,,,,,,,,,
2017-04-14,,,,,18.240000,,,15.000000,15.000000,1170.340000,,,,,,,,,,,,,
2017-04-15,,,,,18.240000,,,15.000000,15.000000,1173.450000,,,,,,,,,,,,,
2017-04-16,,,,,18.240000,,,15.000000,15.000000,1162.310000,,,,,,,,,,,,,
2017-04-17,15.209800,48579.000000,19.312500,,18.240000,,,15.000000,16.000000,1176.540000,,,,,,,,,,,,,
2017-04-18,15.225500,49095.000000,19.500000,,18.320000,,,15.000000,16.000000,1202.580000,,,,,,,,,,,,,
2017-04-19,15.416700,48944.000000,19.437500,,18.330000,,,15.000000,16.000000,1203.980000,,,,,,,,,,,,,
2017-04-20,15.404200,48892.000000,19.312500,,18.350000,,,15.000000,16.000000,1234.190000,,,,,,,,,,,,,
2017-04-21,15.393000,48314.000000,19.437500,,18.360000,,,15.000000,16.000000,1243.610000,,,,,,,,,,,,,
2017-04-22,,,,,18.380000,,,15.000000,16.000000,1233.200000,,,,,,,,,,,,,
2017-04-23,,,,,18.380000,,,15.000000,16.000000,1241.990000,,,,,,,,,,,,,
2017-04-24,15.419200,48349.000000,19.500000,,18.380000,,,15.000000,16.000000,1253.580000,,,,,,,,,,,,,
2017-04-25,15.414200,48260.000000,19.687500,,18.420000,,,15.000000,16.000000,1269.000000,,,,,,,,,,,,,
2017-04-26,15.443200,48176.000000,19.500000,,18.430000,,,15.000000,16.000000,1287.990000,,,,,,,,,,,,,
2017-04-27,15.453200,48460.000000,19.687500,,18.450000,,,15.000000,16.000000,1331.530000,,,,,,,,,,,,,
2017-04-28,15.426800,48217.000000,20.000000,,18.460000,,,15.000000,16.000000,1330.700000,,,,,,,,,,,,,
2017-04-29,,,,,18.480000,,,15.000000,16.000000,1333.000000,,,,,,,,,,,,,
2017-04-30,,,,,18.480000,2.600000,27.400000,15.000000,16.000000,1350.210000,,,,,,,,,,,,,
2017-05-01,,,,,18.480000,,,15.000000,16.000000,1390.860000,,,,,,,,,,,,,
2017-05-02,15.325800,48227.000000,19.312500,,18.480000,,,15.000000,16.000000,1447.750000,,,,,,,,,,,,,
2017-05-03,15.268700,48361.000000,19.562500,,18.540000,,,15.000000,16.000000,1503.220000,,,,,,,,,,,,,
2017-05-04,15.372200,48336.000000,19.687500,,18.550000,,,15.000000,16.000000,1537.230000,,,,,,,,,,,,,
2017-05-05,15.335000,48360.000000,19.437500,,18.560000,,,15.000000,16.000000,1514.900000,,,,,,,,,,,,,
2017-05-06,,,,,18.580000,,,15.000000,16.000000,1558.020000,,,,,,,,,,,,,
2017-05-07,,,,,18.580000,,,15.000000,16.000000,1554.010000,,,,,,,,,,,,,
2017-05-08,15.390800,48032.000000,19.500000,,18.580000,,,15.000000,16.000000,1649.540000,,,,,,,,,,,,,
2017-05-09,15.546700,48040.000000,19.625000,,18.620000,,,15.000000,16.000000,1720.280000,,,,,,,,,,,,,
2017-05-10,15.534700,48056.000000,19.687500,,18.640000,,,15.000000,16.000000,1772.580000,,,,,,,,,,,,,
2017-05-11,15.457500,48075.000000,19.250000,,18.650000,,,15.000000,16.000000,1828.450000,,,,,,,,,,,,,
2017-05-12,15.412700,48628.000000,19.500000,,18.670000,,,15.000000,16.000000,1691.510000,,,,,,,,,,,,,
2017-05-13,,,,,18.680000,,,15.000000,16.000000,1776.890000,,,,,,,,,,,,,
2017-05-14,,,,,18.680000,,,15.000000,16.000000,1784.000000,,,,,,,,,,,,,
2017-05-15,15.484800,48566.000000,19.687500,,18.680000,,,15.000000,16.000000,1705.480000,,,,,,,,,,,,,
2017-05-16,15.592800,48659.000000,19.875000,,18.730000,,,15.000000,16.000000,1700.010000,,,,,,,,,,,,,
2017-05-17,15.624800,48627.000000,19.562500,,18.740000,,,16.000000,16.000000,1782.990000,,,,,,,,,,,,,
2017-05-18,15.910800,48400.000000,19.875000,,18.760000,,,16.000000,16.000000,1878.990000,,,,,,,,,,,,,
2017-05-19,15.885800,48027.000000,19.562500,,18.770000,,,16.000000,16.000000,1958.000000,,,,,,,,,,,,,
2017-05-20,,,,,18.790000,,,16.000000,16.000000,2013.990000,,,,,,,,,,,,,
2017-05-21,,,,,18.790000,,,16.000000,16.000000,2017.550000,,,,,,,,,,,,,
2017-05-22,16.070000,47855.000000,19.562500,,18.790000,,,16.000000,16.000000,2099.970000,,,,,,,,,,,,,
2017-05-23,16.096700,47468.000000,19.812500,,18.830000,,,16.000000,16.000000,2264.230000,,,,,,,,,,,,,
2017-05-24,16.097500,46767.000000,19.500000,,18.850000,,,16.000000,16.000000,2420.290000,,,,,,,,,,,,,
2017-05-25,,,,,18.870000,,,16.000000,16.000000,2292.530000,,,,,,,,,,,,,
2017-05-26,16.038300,45872.000000,19.437500,,18.870000,,,16.000000,16.000000,2279.820000,,,,,,,,,,,,,
2017-05-27,,,,,18.900000,,,16.000000,16.000000,2042.000000,,,,,,,,,,,,,
2017-05-28,,,,,18.900000,,,16.000000,16.000000,2178.810000,,,,,,,,,,,,,
2017-05-29,16.007500,45851.000000,19.937500,,18.900000,,,16.000000,16.000000,2292.100000,,,,,,,,,,,,,
2017-05-30,16.065800,45814.000000,19.875000,,18.940000,,,16.000000,16.000000,2203.510000,,,,,,,,,,,,,
2017-05-31,16.142000,46146.000000,20.062500,,18.960000,1.300000,24.000000,16.000000,16.000000,2298.010000,,,,,,,,,,,,,
2017-06-01,16.057700,45082.000000,19.437500,,18.970000,,,16.000000,16.000000,2413.630000,,,,,,,,,,,,,
2017-06-02,16.031300,45070.000000,19.562500,,18.990000,,,16.000000,16.000000,2488.940000,,,,,,,,,,,,,
2017-06-03,,,,,19.000000,,,16.000000,16.000000,2540.940000,,,,,,,,,,,,,
2017-06-04,,,,,19.000000,,,16.000000,16.000000,2530.270000,,,,,,,,,,,,,
2017-06-05,16.031000,45142.000000,19.625000,,19.000000,,,16.000000,16.000000,2698.000000,,,,,,,,,,,,,
2017-06-06,16.007500,45093.000000,19.750000,,19.050000,,,16.000000,16.000000,2880.740000,,,,,,,,,,,,,
2017-06-07,16.005500,45080.000000,19.625000,,19.070000,,,16.000000,16.000000,2683.030000,,,,,,,,,,,,,
2017-06-08,15.989200,44922.000000,19.812500,,19.080000,,,16.000000,16.000000,2806.000000,,,,,,,,,,,,,
2017-06-09,15.900000,44899.000000,19.812500,,19.100000,,,16.000000,16.000000,2822.320000,,,,,,,,,,,,,
2017-06-10,,,,,19.110000,,,16.000000,16.000000,2899.990000,,,,,,,,,,,,,
2017-06-11,,,,,19.110000,,,16.000000,16.000000,2954.220000,,,,,,,,,,,,,
2017-06-12,15.931700,44775.000000,19.562500,,19.110000,,,16.000000,16.000000,2667.060000,,,,,,,,,,,,,
2017-06-13,15.892000,44641.000000,19.812500,,19.160000,,,16.000000,16.000000,2703.020000,,,,,,,,,,,,,
2017-06-14,15.851000,44733.000000,19.937500,,19.180000,,,16.000000,16.000000,2450.000000,,,,,,,,,,,,,
2017-06-15,15.924300,44632.000000,19.750000,,19.190000,,,16.000000,16.000000,2424.910000,,,,,,,,,,,,,
2017-06-16,16.009700,44780.000000,19.750000,,19.210000,,,16.000000,16.000000,2484.680000,,,,,,,,,,,,,
2017-06-17,,,,,19.220000,,,16.000000,16.000000,2630.000000,,,,,,,,,,,,,
2017-06-18,,,,,19.220000,,,16.000000,16.000000,2516.980000,,,,,,,,,,,,,
2017-06-19,16.066200,44758.000000,19.625000,,19.220000,,,16.000000,16.000000,2598.000000,,,,,,,,,,,,,
2017-06-20,,,,,19.240000,,,16.000000,16.000000,2740.000000,,,,,,,,,,,,,
2017-06-21,16.357500,45872.000000,19.750000,,19.240000,,,16.000000,16.000000,2657.040000,,,,,,,,,,,,,
2017-06-22,16.187500,45917.000000,19.812500,,19.260000,,,16.000000,16.000000,2713.480000,,,,,,,,,,,,,
2017-06-23,16.130000,45897.000000,20.062500,,19.270000,,,16.000000,16.000000,2685.050000,,,,,,,,,,,,,
2017-06-24,,,,,19.280000,,,16.000000,16.000000,2557.660000,,,,,,,,,,,,,
2017-06-25,,,,,19.280000,,,16.000000,16.000000,2502.030000,,,,,,,,,,,,,
2017-06-26,16.238800,45687.000000,19.875000,,19.280000,,,16.000000,16.000000,2421.220000,,,,,,,,,,,,,
2017-06-27,16.390000,45546.000000,20.125000,,19.300000,,,16.000000,17.000000,2565.000000,,,,,,,,,,,,,
2017-06-28,16.369000,47703.000000,19.937500,,19.310000,,,16.000000,17.000000,2559.900000,,,,,,,,,,,,,
2017-06-29,16.481000,46997.000000,20.250000,,19.320000,,,16.000000,17.000000,2541.590000,,,,,,,,,,,,,
2017-06-30,16.598500,47995.000000,20.125000,,19.330000,1.200000,21.800000,16.000000,17.000000,2465.490000,,,,,,,,,,,,,
2017-07-01,,,,,19.340000,,,16.000000,17.000000,2412.410000,,,,,,,,,,,,,
2017-07-02,,,,,19.340000,,,16.000000,17.000000,2504.370000,,,,,,,,,,,,,
2017-07-03,16.681700,47819.000000,19.687500,,19.340000,,,17.000000,17.000000,2550.470000,,,,,,,,,,,,,
2017-07-04,16.873300,47761.000000,20.187500,,19.360000,,,17.000000,17.000000,2596.120000,,,,,,,,,,,,,
2017-07-05,17.001800,47793.000000,19.875000,,19.370000,,,17.000000,17.000000,2602.900000,,,,,,,,,,,,,
2017-07-06,17.148300,47995.000000,20.062500,,19.380000,,,17.000000,17.000000,2600.390000,,,,,,,,,,,,,
2017-07-07,16.974300,48569.000000,20.000000,,19.390000,,,17.000000,17.000000,2501.460000,,,,,,,,,,,,,
2017-07-08,,,,,19.400000,,,17.000000,17.000000,2550.070000,,,,,,,,,,,,,
2017-07-09,,,,,19.400000,,,17.000000,17.000000,2502.280000,,,,,,,,,,,,,
2017-07-10,16.990000,48512.000000,20.125000,,19.400000,,,17.000000,17.000000,2323.450000,,,,,,,,,,,,,
2017-07-11,16.993000,48455.000000,20.125000,,19.420000,,,17.000000,17.000000,2305.980000,,,,,,,,,,,,,
2017-07-12,16.971700,48327.000000,19.750000,,19.430000,,,17.000000,17.000000,2388.000000,,,,,,,,,,,,,
2017-07-13,16.951700,48273.000000,20.000000,,19.440000,,,17.000000,17.000000,2339.990000,,,,,,,,,,,,,
2017-07-14,16.869700,48246.000000,20.062500,,19.450000,,,17.000000,17.000000,2213.370000,,,,,,,,,,,,,
2017-07-15,,,,,19.460000,,,17.000000,17.000000,1970.510000,,,,,,,,,,,,,
2017-07-16,,,,,19.460000,,,17.000000,17.000000,1917.630000,,,,,,,,,,,,,
2017-07-17,16.875800,47951.000000,20.187500,,19.460000,,,17.000000,17.000000,2226.000000,,,,,,,,,,,,,
2017-07-18,17.026700,47781.000000,20.312500,,19.480000,,,17.000000,17.000000,2303.710000,,,,,,,,,,,,,
2017-07-19,17.311700,47702.000000,20.125000,,19.490000,,,17.000000,17.000000,2265.210000,,,,,,,,,,,,,
2017-07-20,17.125800,48115.000000,20.062500,,19.490000,,,17.000000,17.000000,2875.030000,,,,,,,,,,,,,
2017-07-21,17.338300,48138.000000,20.187500,,19.500000,,,17.000000,18.000000,2670.000000,,,,,,,,,,,,,
2017-07-22,,,,,19.510000,,,17.000000,18.000000,2832.710000,,,,,,,,,,,,,
2017-07-23,,,,,19.510000,,,17.000000,18.000000,2749.020000,,,,,,,,,,,,,
2017-07-24,17.536700,47869.000000,20.375000,,19.510000,,,17.000000,18.000000,2759.980000,,,,,,,,,,,,,
2017-07-25,17.409200,47513.000000,20.625000,,19.530000,,,17.000000,18.000000,2564.820000,,,,,,,,,,,,,
2017-07-26,17.474300,47391.000000,20.125000,,19.540000,,,17.000000,18.000000,2524.990000,,,,,,,,,,,,,
2017-07-27,17.561700,47471.000000,20.375000,,19.550000,,,17.000000,18.000000,2666.330000,,,,,,,,,,,,,
2017-07-28,17.764200,47098.000000,20.437500,,19.550000,,,18.000000,18.000000,2777.010000,,,,,,,,,,,,,
2017-07-29,,,,,19.560000,,,18.000000,18.000000,2680.560000,,,,,,,,,,,,,
2017-07-30,,,,,19.560000,,,18.000000,18.000000,2742.370000,,,,,,,,,,,,,
2017-07-31,17.670000,47014.000000,20.687500,,19.560000,1.700000,21.400000,18.000000,18.000000,2855.810000,,,,,,,,,,,,,
2017-08-01,17.613500,46840.000000,20.812500,,19.580000,,,18.000000,18.000000,2731.000000,,,,,,,,,,,,,
2017-08-02,17.564800,46821.000000,20.125000,,19.590000,,,18.000000,18.000000,2703.510000,,,,,,,,,,,,,
2017-08-03,17.640800,46770.000000,20.687500,,19.600000,,,18.000000,18.000000,2793.370000,,,,,,,,,,,,,
2017-08-04,17.651700,49305.000000,20.375000,,19.600000,,,18.000000,18.000000,2855.000000,,,,,,,,,,,,,
2017-08-05,,,,,19.610000,,,18.000000,18.000000,3263.620000,,,,,,,,,,,,,
2017-08-06,,,,,19.610000,,,18.000000,18.000000,3222.750000,,,,,,,,,,,,,
2017-08-07,17.701700,49081.000000,20.250000,,19.610000,,,18.000000,18.000000,3387.550000,,,,,,,,,,,,,
2017-08-08,17.712800,48982.000000,21.187500,,19.630000,,,18.000000,18.000000,3412.410000,,,,,,,,,,,,,
2017-08-09,17.783300,48641.000000,20.875000,,19.640000,,,18.000000,18.000000,3342.990000,,,,,,,,,,,,,
2017-08-10,17.729800,48366.000000,21.000000,,19.650000,,,18.000000,18.000000,3413.030000,,,,,,,,,,,,,
2017-08-11,17.712000,48216.000000,20.375000,,19.650000,,,18.000000,18.000000,3645.060000,,,,,,,,,,,,,
2017-08-12,,,,,19.660000,,,18.000000,18.000000,3855.100000,,,,,,,,,,,,,
2017-08-13,,,,,19.660000,,,18.000000,18.000000,4053.870000,,,,,,,,,,,,,
2017-08-14,17.153300,47754.000000,20.812500,,19.660000,,,17.000000,18.000000,4306.230000,,,,,,,,,,,,,
2017-08-15,17.058300,47740.000000,20.687500,,19.680000,,,17.000000,17.000000,4155.670000,,,,,,,,,,,,,
2017-08-16,17.111700,47848.000000,20.937500,,19.690000,,,17.000000,17.000000,4378.840000,,,,,,,,,,,,,
2017-08-17,17.266500,48049.000000,21.062500,,19.700000,,,17.000000,18.000000,4276.500000,,,,,,,,,,,,,
2017-08-18,17.282200,47992.000000,20.875000,,19.710000,,,17.000000,18.000000,4100.000000,,,,,,,,,,,,,
2017-08-19,,,,,19.720000,,,17.000000,18.000000,4099.550000,,,,,,,,,,,,,
2017-08-20,,,,,19.720000,,,17.000000,18.000000,4058.680000,,,,,,,,,,,,,
2017-08-21,,,,,19.720000,,,17.000000,18.000000,3987.520000,,,,,,,,,,,,,
2017-08-22,17.228700,47941.000000,20.875000,,19.720000,,,17.000000,18.000000,4085.000000,,,,,,,,,,,,,
2017-08-23,17.224800,47783.000000,20.812500,,19.770000,,,17.000000,18.000000,4108.120000,,,,,,,,,,,,,
2017-08-24,17.176700,47908.000000,20.875000,,19.780000,,,17.000000,17.000000,4300.340000,,,,,,,,,,,,,
2017-08-25,17.222300,49022.000000,20.750000,,19.790000,,,17.000000,18.000000,4355.980000,,,,,,,,,,,,,
2017-08-26,,,,,19.800000,,,17.000000,18.000000,4333.380000,,,,,,,,,,,,,
2017-08-27,,,,,19.800000,,,17.000000,18.000000,4337.680000,,,,,,,,,,,,,
2017-08-28,17.215500,49381.000000,20.812500,,19.800000,,,17.000000,18.000000,4379.990000,,,,,,,,,,,,,
2017-08-29,17.308000,49343.000000,21.187500,,19.830000,,,17.000000,18.000000,4578.820000,,,,,,,,,,,,,
2017-08-30,17.440300,49235.000000,21.187500,,19.840000,,,17.000000,18.000000,4573.200000,,,,,,,,,,,,,
2017-08-31,17.365000,48877.000000,21.187500,,19.850000,1.400000,22.800000,17.000000,18.000000,4734.260000,,,,,,,,,,,,,
2017-09-01,17.236700,49433.000000,20.875000,,19.860000,,,17.000000,18.000000,4921.700000,,,,,,,,,,,,,
2017-09-02,,,,,19.870000,,,17.000000,18.000000,4599.900000,,,,,,,,,,,,,
2017-09-03,,,,,19.870000,,,17.000000,18.000000,4606.260000,,,,,,,,,,,,,
2017-09-04,17.242500,49477.000000,20.750000,,19.870000,,,17.000000,18.000000,4277.000000,,,,,,,,,,,,,
2017-09-05,17.258300,51296.000000,21.250000,,19.900000,,,17.000000,18.000000,4396.520000,,,,,,,,,,,,,
2017-09-06,17.218300,51317.000000,21.000000,,19.920000,,,17.000000,18.000000,4605.800000,,,,,,,,,,,,,
2017-09-07,17.216500,51240.000000,21.250000,,19.930000,,,17.000000,18.000000,4615.000000,,,,,,,,,,,,,
2017-09-08,17.208300,51274.000000,21.250000,,19.940000,,,17.000000,18.000000,4312.000000,,,,,,,,,,,,,
2017-09-09,,,,,19.950000,,,17.000000,18.000000,4308.720000,,,,,,,,,,,,,
2017-09-10,,,,,19.950000,,,17.000000,18.000000,4226.220000,,,,,,,,,,,,,
2017-09-11,17.201200,51078.000000,21.125000,,19.950000,,,17.000000,18.000000,4207.310000,,,,,,,,,,,,,
2017-09-12,17.112500,50890.000000,21.312500,,19.980000,,,17.000000,17.000000,4172.560000,,,,,,,,,,,,,
2017-09-13,17.058300,51043.000000,21.250000,,19.990000,,,17.000000,17.000000,3865.340000,,,,,,,,,,,,,
2017-09-14,17.012300,50975.000000,21.375000,,20.000000,,,17.000000,17.000000,3227.790000,,,,,,,,,,,,,
2017-09-15,16.972000,51024.000000,21.375000,,20.010000,,,17.000000,17.000000,3700.010000,,,,,,,,,,,,,
2017-09-16,,,,,20.020000,,,17.000000,17.000000,3678.930000,,,,,,,,,,,,,
2017-09-17,,,,,20.020000,,,17.000000,17.000000,3662.990000,,,,,,,,,,,,,
2017-09-18,17.055800,50839.000000,21.312500,,20.020000,,,17.000000,17.000000,4101.600000,,,,,,,,,,,,,
2017-09-19,17.198300,51112.000000,21.625000,,20.050000,,,17.000000,17.000000,3888.800000,,,,,,,,,,,,,
2017-09-20,17.148300,51366.000000,21.625000,,20.060000,,,17.000000,17.000000,3874.460000,,,,,,,,,,,,,
2017-09-21,17.275500,51292.000000,21.562500,,20.070000,,,17.000000,18.000000,3617.050000,,,,,,,,,,,,,
2017-09-22,17.300000,51331.000000,21.437500,,20.080000,,,17.000000,18.000000,3612.180000,,,,,,,,,,,,,
2017-09-23,,,,,20.090000,,,17.000000,18.000000,3779.170000,,,,,,,,,,,,,
2017-09-24,,,,,20.090000,,,17.000000,18.000000,3664.220000,,,,,,,,,,,,,
2017-09-25,17.408700,51158.000000,21.187500,,20.090000,,,17.000000,18.000000,3918.000000,,,,,,,,,,,,,
2017-09-26,17.610800,50971.000000,21.500000,,20.120000,,,17.000000,18.000000,3888.030000,,,,,,,,,,,,,
2017-09-27,17.567000,50889.000000,21.562500,,20.130000,,,17.000000,18.000000,4199.290000,,,,,,,,,,,,,
2017-09-28,17.556200,50515.000000,21.500000,,20.140000,,,17.000000,18.000000,4184.840000,,,,,,,,,,,,,
2017-09-29,17.318300,50237.000000,21.750000,,20.150000,,,17.000000,18.000000,4164.820000,,,,,,,,,,,,,
2017-09-30,,,,,20.160000,1.900000,23.800000,17.000000,18.000000,4326.090000,,,,,,,,,,,,,
2017-10-01,,,,,20.160000,,,17.000000,18.000000,4377.220000,,,,,,,,,,,,,
2017-10-02,17.347500,50646.000000,21.125000,,20.160000,,,17.000000,18.000000,4391.480000,,,,,,,,,,,,,
2017-10-03,17.428300,50655.000000,21.875000,,20.180000,,,17.000000,18.000000,4315.830000,,,,,,,,,,,,,
2017-10-04,17.362300,50726.000000,21.250000,,20.190000,,,17.000000,18.000000,4219.530000,,,,,,,,,,,,,
2017-10-05,17.342000,50847.000000,21.187500,,20.200000,,,17.000000,18.000000,4301.090000,,,,,,,,,,,,,
2017-10-06,17.511700,50860.000000,21.187500,,20.210000,,,17.000000,18.000000,4362.950000,,,,,,,,,,,,,
2017-10-07,,,,,20.220000,,,17.000000,18.000000,4423.300000,,,,,,,,,,,,,
2017-10-08,,,,,20.220000,,,17.000000,18.000000,4597.980000,,,,,,,,,,,,,
2017-10-09,17.470000,50892.000000,21.250000,,20.220000,,,17.000000,18.000000,4764.700000,,,,,,,,,,,,,
2017-10-10,17.442500,51077.000000,22.000000,,20.220000,,,17.000000,18.000000,4749.290000,,,,,,,,,,,,,
2017-10-11,17.431200,50943.000000,21.250000,,20.260000,,,17.000000,18.000000,4822.010000,,,,,,,,,,,,,
2017-10-12,17.434200,51913.000000,21.625000,,20.270000,,,17.000000,18.000000,5445.000000,,,,,,,,,,,,,
2017-10-13,17.361000,52852.000000,21.437500,,20.280000,,,17.000000,18.000000,5653.600000,,,,,,,,,,,,,
2017-10-14,,,,,20.290000,,,17.000000,18.000000,5801.290000,,,,,,,,,,,,,
2017-10-15,,,,,20.290000,,,17.000000,18.000000,5679.700000,,,,,,,,,,,,,
2017-10-16,,,,,20.290000,,,17.000000,18.000000,5745.720000,,,,,,,,,,,,,
2017-10-17,17.379300,52591.000000,21.625000,,20.320000,,,17.000000,18.000000,5597.310000,,,,,,,,,,,,,
2017-10-18,17.325000,52456.000000,21.812500,,20.330000,,,17.000000,18.000000,5582.050000,,,,,,,,,,,,,
2017-10-19,17.402500,52501.000000,21.625000,,20.350000,,,17.000000,18.000000,5698.690000,,,,,,,,,,,,,
2017-10-20,17.471000,51942.000000,21.937500,,20.360000,,,17.000000,18.000000,5977.290000,,,,,,,,,,,,,
2017-10-21,,,,,20.370000,,,17.000000,18.000000,6013.460000,,,,,,,,,,,,,
2017-10-22,,,,,20.370000,,,17.000000,18.000000,5969.000000,,,,,,,,,,,,,
2017-10-23,17.321700,51986.000000,21.625000,,20.370000,,,17.000000,18.000000,5871.170000,,,,,,,,,,,,,
2017-10-24,17.495000,51921.000000,22.125000,,20.410000,,,17.000000,18.000000,5523.400000,,,,,,,,,,,,,
2017-10-25,17.445800,51884.000000,21.562500,,20.420000,,,17.000000,18.000000,5735.880000,,,,,,,,,,,,,
2017-10-26,17.530800,51864.000000,21.750000,,20.440000,,,17.000000,18.000000,5890.000000,,,,,,,,,,,,,
2017-10-27,17.677500,51903.000000,22.062500,,20.450000,,,18.000000,18.000000,5771.890000,,,,,,,,,,,,,
2017-10-28,,,,,20.460000,,,18.000000,18.000000,5730.690000,,,,,,,,,,,,,
2017-10-29,,,,,20.460000,,,18.000000,18.000000,6137.370000,,,,,,,,,,,,,
2017-10-30,17.657800,51995.000000,22.000000,,20.460000,,,18.000000,18.000000,6119.990000,,,,,,,,,,,,,
2017-10-31,17.671300,51810.000000,22.250000,,20.500000,1.500000,22.700000,18.000000,18.000000,6434.210000,,,,,,,,,,,,,
2017-11-01,17.649200,52124.000000,21.750000,,20.510000,,,18.000000,18.000000,6741.590000,,,,,,,,,,,,,
2017-11-02,17.573300,52210.000000,22.625000,,20.520000,,,17.000000,18.000000,7030.000000,,,,,,,,,,,,,
2017-11-03,17.564200,52066.000000,22.062500,,20.540000,,,17.000000,18.000000,7146.820000,,,,,,,,,,,,,
2017-11-04,,,,,20.550000,,,17.000000,18.000000,7388.830000,,,,,,,,,,,,,
2017-11-05,,,,,20.550000,,,17.000000,18.000000,7372.720000,,,,,,,,,,,,,
2017-11-06,,,,,20.550000,,,17.000000,18.000000,6967.680000,,,,,,,,,,,,,
2017-11-07,17.670300,51563.000000,22.000000,,20.550000,,,18.000000,18.000000,7130.280000,,,,,,,,,,,,,
2017-11-08,17.557500,51599.000000,22.375000,,20.600000,,,18.000000,18.000000,7450.320000,,,,,,,,,,,,,
2017-11-09,17.537000,54748.000000,22.437500,,20.610000,,,17.000000,18.000000,7148.000000,,,,,,,,,,,,,
2017-11-10,17.515800,54730.000000,22.187500,,20.620000,,,17.000000,18.000000,6588.180000,,,,,,,,,,,,,
2017-11-11,,,,,20.640000,,,17.000000,18.000000,6355.130000,,,,,,,,,,,,,
2017-11-12,,,,,20.640000,,,17.000000,18.000000,5870.370000,,,,,,,,,,,,,
2017-11-13,17.536700,54750.000000,22.562500,,20.640000,,,17.000000,18.000000,6525.170000,,,,,,,,,,,,,
2017-11-14,17.489800,54746.000000,22.625000,,20.680000,,,17.000000,18.000000,6609.000000,,,,,,,,,,,,,
2017-11-15,17.532500,54653.000000,22.812500,,20.690000,,,17.000000,18.000000,7294.000000,,,,,,,,,,,,,
2017-11-16,17.494200,54571.000000,22.687500,,20.700000,,,17.000000,18.000000,7846.960000,,,,,,,,,,,,,
2017-11-17,17.486700,54503.000000,22.937500,,20.710000,,,17.000000,18.000000,7674.990000,,,,,,,,,,,,,
2017-11-18,,,,,20.720000,,,17.000000,18.000000,7771.030000,,,,,,,,,,,,,
2017-11-19,,,,,20.720000,,,17.000000,18.000000,8016.580000,,,,,,,,,,,,,
2017-11-20,,,,,20.720000,,,17.000000,18.000000,8226.170000,,,,,,,,,,,,,
2017-11-21,17.510200,54599.000000,22.812500,,20.720000,,,17.000000,18.000000,8095.230000,,,,,,,,,,,,,
2017-11-22,17.467200,55004.000000,22.875000,,20.760000,,,17.000000,18.000000,8214.690000,,,,,,,,,,,,,
2017-11-23,17.423200,54928.000000,22.937500,,20.770000,,,17.000000,18.000000,7989.000000,,,,,,,,,,,,,
2017-11-24,17.371500,54968.000000,22.500000,,20.790000,,,17.000000,18.000000,8199.190000,,,,,,,,,,,,,
2017-11-25,,,,,20.800000,,,17.000000,18.000000,8717.990000,,,,,,,,,,,,,
2017-11-26,,,,,20.800000,,,17.000000,18.000000,9271.060000,,,,,,,,,,,,,
2017-11-27,17.333800,54919.000000,22.625000,,20.800000,,,17.000000,18.000000,9708.070000,,,,,,,,,,,,,
2017-11-28,17.330700,54764.000000,22.812500,,20.830000,,,17.000000,18.000000,9868.820000,,,,,,,,,,,,,
2017-11-29,17.421700,54662.000000,22.937500,,20.840000,,,17.000000,18.000000,9824.680000,,,,,,,,,,,,,
2017-11-30,17.384500,54563.000000,23.312500,,20.850000,1.400000,22.400000,17.000000,18.000000,9947.670000,,,,,,,,,,,,,
2017-12-01,17.260000,54905.000000,22.437500,,20.860000,,,17.000000,18.000000,10840.450000,,,,,,,,,,,,,
2017-12-02,,,,,20.870000,,,17.000000,18.000000,10872.000000,,,,,,,,,,,,,
2017-12-03,,,,,20.870000,,,17.000000,18.000000,11250.000000,,,,,,,,,,,,,
2017-12-04,17.260800,54849.000000,23.125000,,20.870000,,,17.000000,18.000000,11613.070000,,,,,,,,,,,,,
2017-12-05,17.351300,54749.000000,23.937500,,20.900000,,,17.000000,18.000000,11677.000000,,,,,,,,,,,,,
2017-12-06,17.286200,54816.000000,23.375000,,20.910000,,,17.000000,18.000000,13623.500000,,,,,,,,,,,,,
2017-12-07,17.305800,55163.000000,22.875000,,20.920000,,,17.000000,18.000000,16599.990000,,,,,,,,,,,,,
2017-12-08,,,,,20.930000,,,17.000000,18.000000,15800.000000,,,,,,,,,,,,,
2017-12-09,,,,,20.930000,,,17.000000,18.000000,14607.490000,,,,,,,,,,,,,
2017-12-10,,,,,20.930000,,,17.000000,18.000000,14691.000000,,,,,,,,,,,,,
2017-12-11,17.269700,55300.000000,22.562500,,20.930000,,,17.000000,18.000000,16470.000000,,,,,,,,,,,,,
2017-12-12,17.263500,55308.000000,23.250000,,20.980000,,,17.000000,18.000000,16650.010000,,,,,,,,,,,,,
2017-12-13,17.315000,55417.000000,23.375000,,20.990000,,,17.000000,18.000000,16250.000000,,,,,,,,,,,,,
2017-12-14,17.356700,55502.000000,23.875000,,21.000000,,,17.000000,18.000000,16404.990000,,,,,,,,,,,,,
2017-12-15,17.551700,55997.000000,23.375000,,21.010000,,,17.000000,18.000000,17471.500000,,,,,,,,,,,,,
2017-12-16,,,,,21.020000,,,17.000000,18.000000,19187.780000,,,,,,,,,,,,,
2017-12-17,,,,,21.020000,,,17.000000,18.000000,18953.000000,,,,,,,,,,,,,
2017-12-18,17.564200,55906.000000,23.375000,,21.020000,,,17.000000,18.000000,18940.570000,,,,,,,,,,,,,
2017-12-19,17.565800,55932.000000,23.187500,,21.050000,,,17.000000,18.000000,17700.000000,,,,,,,,,,,,,
2017-12-20,17.780800,56086.000000,24.312500,,21.060000,,,18.000000,18.000000,16466.980000,,,,,,,,,,,,,
2017-12-21,17.870000,56224.000000,23.437500,,21.070000,,,18.000000,18.000000,15600.010000,,,,,,,,,,,,,
2017-12-22,18.010800,56415.000000,23.312500,,21.080000,,,18.000000,18.000000,14009.790000,,,,,,,,,,,,,
2017-12-23,,,,,21.090000,,,18.000000,18.000000,14619.000000,,,,,,,,,,,,,
2017-12-24,,,,,21.090000,,,18.000000,18.000000,14157.870000,,,,,,,,,,,,,
2017-12-25,,,,,21.090000,,,18.000000,18.000000,13911.280000,,,,,,,,,,,,,
2017-12-26,18.249500,56339.000000,23.000000,,21.090000,,,18.000000,18.000000,15764.440000,,,,,,,,,,,,,
2017-12-27,18.435000,56280.000000,23.000000,,21.120000,,,18.000000,19.000000,15364.930000,,,,,,,,,,,,,
2017-12-28,18.830000,56149.000000,23.125000,,21.130000,,,19.000000,19.000000,14470.070000,,,,,,,,,,,,,
2017-12-29,18.774200,55055.000000,23.250000,,21.140000,,,19.000000,19.000000,14340.000000,,,,,,,,,,,,,
2017-12-30,,,,,21.150000,,,19.000000,19.000000,12640.000000,,,,,,,,,,,,,
2017-12-31,,,,,21.150000,3.100000,24.800000,19.000000,19.000000,13880.000000,,,,,,,,,,,,,
2018-01-01,,,,,21.150000,,,19.000000,19.000000,13443.410000,,,,,,,,,,,,,
2018-01-02,18.550000,55731.000000,23.062500,,21.150000,,,18.000000,19.000000,14678.940000,,,,,,,,,,,,,
2018-01-03,18.415800,55706.000000,23.250000,,21.190000,,,18.000000,19.000000,15155.620000,,,,,,,,,,,,,
2018-01-04,18.605000,55623.000000,23.125000,,21.200000,,,18.000000,19.000000,15143.670000,,,,,,,,,,,,,
2018-01-05,18.860800,55459.000000,23.187500,,21.210000,,,19.000000,19.000000,16928.000000,,,,,,,,,,,,,
2018-01-06,,,,,21.220000,,,19.000000,19.000000,17149.670000,,,,,,,,,,,,,
2018-01-07,,,,,21.220000,,,19.000000,19.000000,16124.020000,,,,,,,,,,,,,
2018-01-08,19.072500,55261.000000,22.875000,,21.220000,,,19.000000,19.000000,14999.990000,,,,,,,,,,,,,
2018-01-09,19.045800,55130.000000,23.062500,,21.250000,,,19.000000,19.000000,14403.510000,,,,,,,,,,,,,
2018-01-10,18.721700,55022.000000,22.250000,,21.260000,,,19.000000,19.000000,14890.020000,,,,,,,,,,,,,
2018-01-11,18.651700,63906.000000,22.812500,,21.270000,,,19.000000,19.000000,13243.830000,,,,,,,,,,,,,
2018-01-12,18.715000,63683.000000,22.937500,,21.280000,,,19.000000,19.000000,13781.410000,,,,,,,,,,,,,
2018-01-13,,,,,21.290000,,,19.000000,19.000000,14197.780000,,,,,,,,,,,,,
2018-01-14,,,,,21.290000,,,19.000000,19.000000,13647.990000,,,,,,,,,,,,,
2018-01-15,18.720800,63746.000000,23.000000,,21.290000,,,19.000000,19.000000,13607.040000,,,,,,,,,,,,,
2018-01-16,18.825800,63588.000000,23.125000,,21.320000,,,19.000000,19.000000,11386.340000,,,,,,,,,,,,,
2018-01-17,18.891700,63504.000000,22.937500,,21.340000,,,19.000000,19.000000,11191.350000,,,,,,,,,,,,,
2018-01-18,18.852500,63378.000000,23.250000,,21.360000,,,19.000000,19.000000,11247.570000,,,,,,,,,,,,,
2018-01-19,18.962500,63225.000000,23.125000,,21.380000,,,19.000000,19.000000,11552.000000,,,,,,,,,,,,,
2018-01-20,,,,,21.400000,,,19.000000,19.000000,12775.990000,,,,,,,,,,,,,
2018-01-21,,,,,21.400000,,,19.000000,19.000000,11558.870000,,,,,,,,,,,,,
2018-01-22,19.070000,63148.000000,22.875000,,21.400000,,,19.000000,19.000000,10808.990000,,,,,,,,,,,,,
2018-01-23,19.316700,63122.000000,22.937500,,21.470000,,,19.000000,19.000000,10851.820000,,,,,,,,,,,,,
2018-01-24,19.525800,63167.000000,22.937500,,21.490000,,,19.000000,19.000000,11400.960000,,,,,,,,,,,,,
2018-01-25,19.493300,62943.000000,22.375000,,21.510000,,,19.000000,20.000000,11155.540000,,,,,,,,,,,,,
2018-01-26,19.521700,62533.000000,22.812500,,21.530000,,,19.000000,20.000000,11092.950000,,,,,,,,,,,,,
2018-01-27,,,,,21.550000,,,19.000000,20.000000,11446.540000,,,,,,,,,,,,,
2018-01-28,,,,,21.550000,,,19.000000,20.000000,11685.580000,,,,,,,,,,,,,
2018-01-29,19.571700,62403.000000,23.000000,,21.550000,,,19.000000,20.000000,11162.620000,,,,,,,,,,,,,
2018-01-30,19.595500,62242.000000,23.125000,,21.620000,,,20.000000,20.000000,9971.000000,,,,,,,,,,,,,
2018-01-31,19.652500,62024.000000,23.187500,,21.640000,1.800000,25.000000,20.000000,20.000000,10149.000000,,,,,,,,,,,,,
2018-02-01,19.470000,62174.000000,22.687500,,21.660000,,,19.000000,20.000000,8998.990000,,,,,,,,,,,,,
2018-02-02,19.500000,62216.000000,22.812500,,21.680000,,,19.000000,20.000000,8838.830000,,,,,,,,,,,,,
2018-02-03,,,,,21.700000,,,19.000000,20.000000,9225.860000,,,,,,,,,,,,,
2018-02-04,,,,,21.700000,,,19.000000,20.000000,8191.000000,,,,,,,,,,,,,
2018-02-05,19.533500,62228.000000,22.687500,,21.700000,,,19.000000,20.000000,6874.270000,,,,,,,,,,,,,
2018-02-06,19.690000,62367.000000,22.812500,,21.770000,,,19.000000,20.000000,7737.370000,,,,,,,,,,,,,
2018-02-07,19.624200,62622.000000,22.562500,,21.790000,,,20.000000,20.000000,7588.010000,,,,,,,,,,,,,
2018-02-08,19.840800,62565.000000,23.000000,,21.810000,,,20.000000,20.000000,8259.760000,,,,,,,,,,,,,
2018-02-09,20.125800,62587.000000,22.125000,,21.830000,,,20.000000,20.000000,8693.980000,,,,,,,,,,,,,
2018-02-10,,,,,21.850000,,,20.000000,20.000000,8560.000000,,,,,,,,,,,,,
2018-02-11,,,,,21.850000,,,20.000000,20.000000,8067.000000,,,,,,,,,,,,,
2018-02-12,,,,,21.850000,,,20.000000,20.000000,8899.000000,,,,,,,,,,,,,
2018-02-13,,,,,21.850000,,,20.000000,20.000000,8522.990000,,,,,,,,,,,,,
2018-02-14,20.025000,62665.000000,22.750000,,21.850000,,,20.000000,20.000000,9490.980000,,,,,,,,,,,,,
2018-02-15,19.736700,62460.000000,22.750000,,21.960000,,,20.000000,20.000000,10018.000000,,,,,,,,,,,,,
2018-02-16,19.666700,62313.000000,22.750000,,21.980000,,,20.000000,20.000000,10196.000000,,,,,,,,,,,,,
2018-02-17,,,,,21.990000,,,20.000000,20.000000,11101.000000,,,,,,,,,,,,,
2018-02-18,,,,,21.990000,,,20.000000,20.000000,10421.060000,,,,,,,,,,,,,
2018-02-19,19.837500,62292.000000,23.250000,,21.990000,,,20.000000,20.000000,11173.000000,,,,,,,,,,,,,
2018-02-20,19.937500,62217.000000,23.187500,,22.040000,,,20.000000,20.000000,11233.410000,,,,,,,,,,,,,
2018-02-21,19.920800,62268.000000,22.812500,,22.050000,,,20.000000,20.000000,10449.400000,,,,,,,,,,,,,
2018-02-22,19.940700,62226.000000,22.875000,,22.070000,,,20.000000,20.000000,9843.340000,,,,,,,,,,,,,
2018-02-23,19.968300,62118.000000,22.812500,,22.080000,,,20.000000,20.000000,10166.100000,,,,,,,,,,,,,
2018-02-24,,,,,22.090000,,,20.000000,20.000000,9689.990000,,,,,,,,,,,,,
2018-02-25,,,,,22.090000,,,20.000000,20.000000,9590.040000,,,,,,,,,,,,,
2018-02-26,20.044200,62124.000000,22.437500,,22.090000,,,20.000000,20.000000,10324.700000,,,,,,,,,,,,,
2018-02-27,20.160000,61815.000000,22.937500,,22.140000,,,20.000000,20.000000,10566.300000,,,,,,,,,,,,,
2018-02-28,20.115000,61509.000000,22.812500,,22.150000,2.400000,25.400000,20.000000,20.000000,10314.900000,,,,,,,,,,,,,
2018-03-01,20.162000,61450.000000,22.875000,,22.170000,,,20.000000,20.000000,10903.130000,,,,,,,,,,,,,
2018-03-02,20.230800,61767.000000,22.937500,,22.180000,,,20.000000,20.000000,11029.990000,,,,,,,,,,,,,
2018-03-03,,,,,22.200000,,,20.000000,21.000000,11445.000000,,,,,,,,,,,,,
2018-03-04,,,,,22.200000,,,20.000000,21.000000,11463.270000,,,,,,,,,,,,,
2018-03-05,20.294200,61707.000000,22.750000,,22.200000,,,20.000000,21.000000,11419.240000,,,,,,,,,,,,,
2018-03-06,20.198200,62456.000000,23.062500,,22.240000,,,20.000000,21.000000,10723.760000,,,,,,,,,,,,,
2018-03-07,20.349200,62610.000000,22.625000,,22.250000,,,20.000000,21.000000,9913.030000,,,,,,,,,,,,,
2018-03-08,20.387500,62515.000000,22.812500,,22.270000,,,20.000000,21.000000,9285.320000,,,,,,,,,,,,,
2018-03-09,20.272500,62414.000000,22.750000,,22.280000,,,20.000000,21.000000,9230.000000,,,,,,,,,,,,,
2018-03-10,,,,,22.300000,,,20.000000,21.000000,8791.470000,,,,,,,,,,,,,
2018-03-11,,,,,22.300000,,,20.000000,21.000000,9535.040000,,,,,,,,,,,,,
2018-03-12,20.219200,62364.000000,22.562500,,22.300000,,,20.000000,21.000000,9120.750000,,,,,,,,,,,,,
2018-03-13,20.188700,62390.000000,23.000000,,22.340000,,,20.000000,21.000000,9142.320000,,,,,,,,,,,,,
2018-03-14,20.192700,62235.000000,23.062500,,22.350000,,,20.000000,21.000000,8196.690000,,,,,,,,,,,,,
2018-03-15,20.266500,61951.000000,22.500000,,22.370000,,,20.000000,21.000000,8265.050000,,,,,,,,,,,,,
2018-03-16,20.291800,61689.000000,22.750000,,22.380000,,,20.000000,21.000000,8258.540000,,,,,,,,,,,,,
2018-03-17,,,,,22.400000,,,20.000000,21.000000,7860.830000,,,,,,,,,,,,,
2018-03-18,,,,,22.400000,,,20.000000,21.000000,8188.240000,,,,,,,,,,,,,
2018-03-19,20.252500,61604.000000,22.812500,,22.400000,,,20.000000,21.000000,8596.930000,,,,,,,,,,,,,
2018-03-20,20.239000,61559.000000,22.937500,,22.450000,,,20.000000,21.000000,8904.020000,,,,,,,,,,,,,
2018-03-21,20.280500,61616.000000,23.312500,,22.470000,,,20.000000,21.000000,8893.790000,,,,,,,,,,,,,
2018-03-22,20.246500,61137.000000,23.125000,,22.490000,,,20.000000,21.000000,8704.670000,,,,,,,,,,,,,
2018-03-23,20.214200,60899.000000,22.687500,,22.500000,,,20.000000,21.000000,8920.790000,,,,,,,,,,,,,
2018-03-24,,,,,22.520000,,,20.000000,21.000000,8547.000000,,,,,,,,,,,,,
2018-03-25,,,,,22.520000,,,20.000000,21.000000,8453.900000,,,,,,,,,,,,,
2018-03-26,20.164200,60920.000000,22.687500,,22.520000,,,20.000000,21.000000,8149.660000,,,,,,,,,,,,,
2018-03-27,20.162500,60722.000000,22.437500,,22.570000,,,20.000000,20.000000,7791.700000,,,,,,,,,,,,,
2018-03-28,20.143300,61726.000000,22.562500,,22.590000,,,20.000000,20.000000,7932.410000,,,,,,,,,,,,,
2018-03-29,,,,,22.610000,,,20.000000,20.000000,7088.380000,,,,,,,,,,,,,
2018-03-30,,,,,22.610000,,,20.000000,20.000000,6850.000000,,,,,,,,,,,,,
2018-03-31,,,,,22.610000,2.300000,25.400000,20.000000,20.000000,6928.620000,,,,,,,,,,,,,
2018-04-01,,,,,22.610000,,,20.000000,20.000000,6813.520000,,,,,,,,,,,,,
2018-04-02,,,,,22.610000,,,20.000000,20.000000,7052.760000,,,,,,,,,,,,,
2018-04-03,20.164800,61548.000000,22.750000,,22.610000,,,20.000000,20.000000,7416.270000,,,,,,,,,,,,,
2018-04-04,20.198000,61566.000000,22.812500,,22.710000,,,20.000000,20.000000,6799.950000,,,,,,,,,,,,,
2018-04-05,20.184200,61667.000000,22.875000,,22.730000,,,20.000000,20.000000,6771.690000,,,,,,,,,,,,,
2018-04-06,20.212500,61610.000000,22.625000,,22.750000,,,20.000000,21.000000,6618.330000,,,,,,,,,,,,,
2018-04-07,,,,,22.760000,,,20.000000,21.000000,6904.900000,,,,,,,,,,,,,
2018-04-08,,,,,22.760000,,,20.000000,21.000000,7027.260000,,,,,,,,,,,,,
2018-04-09,20.193700,61668.000000,22.687500,,22.760000,,,20.000000,21.000000,6780.100000,,,,,,,,,,,,,
2018-04-10,20.190800,61769.000000,22.875000,,22.810000,,,20.000000,20.000000,6835.670000,,,,,,,,,,,,,
2018-04-11,20.159800,61840.000000,22.500000,,22.830000,,,20.000000,20.000000,6940.940000,,,,,,,,,,,,,
2018-04-12,20.169300,61832.000000,22.812500,,22.850000,,,20.000000,20.000000,7923.780000,,,,,,,,,,,,,
2018-04-13,20.207700,61648.000000,22.812500,,22.870000,,,20.000000,20.000000,7896.920000,,,,,,,,,,,,,
2018-04-14,,,,,22.880000,,,20.000000,21.000000,8000.410000,,,,,,,,,,,,,
2018-04-15,,,,,22.880000,,,20.000000,21.000000,8354.220000,,,,,,,,,,,,,
2018-04-16,20.216300,61377.000000,22.750000,,22.880000,,,20.000000,21.000000,8048.150000,,,,,,,,,,,,,
2018-04-17,20.181000,61476.000000,23.500000,,22.940000,,,20.000000,21.000000,7890.870000,,,,,,,,,,,,,
2018-04-18,20.145000,61364.000000,23.000000,,22.950000,,,20.000000,20.000000,8172.840000,,,,,,,,,,,,,
2018-04-19,20.155700,62456.000000,22.750000,,22.970000,,,20.000000,20.000000,8271.310000,,,,,,,,,,,,,
2018-04-20,20.186200,61599.000000,23.000000,,22.990000,,,20.000000,20.000000,8861.000000,,,,,,,,,,,,,
2018-04-21,,,,,23.010000,,,20.000000,20.000000,8920.710000,,,,,,,,,,,,,
2018-04-22,,,,,23.010000,,,20.000000,20.000000,8789.960000,,,,,,,,,,,,,
2018-04-23,20.245500,61185.000000,22.687500,,23.010000,,,20.000000,20.000000,8946.950000,,,,,,,,,,,,,
2018-04-24,20.253300,60795.000000,23.062500,,23.060000,,,20.000000,21.000000,9648.000000,,,,,,,,,,,,,
2018-04-25,20.259500,59424.000000,22.750000,,23.080000,,,20.000000,21.000000,8864.990000,,,,,,,,,,,,,
2018-04-26,20.447500,58401.000000,22.437500,,23.090000,,,20.000000,21.000000,9274.480000,,,,,,,,,,,,,
2018-04-27,20.691700,56623.000000,22.812500,,23.110000,,,20.000000,21.000000,8921.430000,,,,,,,,,,,,,
2018-04-28,,,,,23.130000,,,20.000000,21.000000,9345.110000,,,,,,,,,,,,,
2018-04-29,,,,,23.130000,,,20.000000,21.000000,9393.990000,,,,,,,,,,,,,
2018-04-30,,,,,23.130000,2.700000,25.500000,20.000000,21.000000,9242.170000,,,,,,,,,,,,,
2018-05-01,,,,,23.130000,,,20.000000,21.000000,9066.900000,,,,,,,,,,,,,
2018-05-02,20.965800,55998.000000,23.500000,,23.130000,,,21.000000,21.000000,9222.000000,,,,,,,,,,,,,
2018-05-03,21.749200,56147.000000,23.750000,,23.220000,,,22.000000,22.000000,9732.430000,,,,,,,,,,,,,
2018-05-04,21.695800,56015.000000,25.750000,,23.230000,,,22.000000,23.000000,9696.570000,,,,,,,,,,,,,
2018-05-05,,,,,23.250000,,,22.000000,22.000000,9823.280000,,,,,,,,,,,,,
2018-05-06,,,,,23.250000,,,22.000000,22.000000,9623.540000,,,,,,,,,,,,,
2018-05-07,21.825000,55593.000000,26.062500,,23.250000,,,22.000000,22.000000,9359.520000,,,,,,,,,,,,,
2018-05-08,22.763300,55196.000000,28.250000,,23.310000,,,22.000000,23.000000,9167.690000,,,,,,,,,,,,,
2018-05-09,22.568300,57016.000000,28.687500,,23.320000,,,22.000000,23.000000,9308.490000,,,,,,,,,,,,,
2018-05-10,22.630500,56322.000000,29.062500,,23.340000,,,22.000000,23.000000,9020.990000,,,,,,,,,,,,,
2018-05-11,23.233300,54428.000000,28.625000,,23.360000,,,23.000000,24.000000,8411.420000,,,,,,,,,,,,,
2018-05-12,,,,,23.380000,,,23.000000,24.000000,8481.600000,,,,,,,,,,,,,
2018-05-13,,,,,23.380000,,,23.000000,24.000000,8696.580000,,,,,,,,,,,,,
2018-05-14,24.768300,53422.000000,28.687500,,23.380000,,,24.000000,25.000000,8674.360000,,,,,,,,,,,,,
2018-05-15,24.799700,52727.000000,31.125000,,23.430000,,,24.000000,25.000000,8474.990000,,,,,,,,,,,,,
2018-05-16,24.036700,52433.000000,29.250000,,23.450000,,,24.000000,25.000000,8346.590000,,,,,,,,,,,,,
2018-05-17,24.329200,54427.000000,30.125000,,23.470000,,,24.000000,25.000000,8067.030000,,,,,,,,,,,,,
2018-05-18,24.603300,54321.000000,29.250000,,23.490000,,,24.000000,25.000000,8248.870000,,,,,,,,,,,,,
2018-05-19,,,,,23.510000,,,24.000000,25.000000,8231.200000,,,,,,,,,,,,,
2018-05-20,,,,,23.510000,,,24.000000,25.000000,8518.480000,,,,,,,,,,,,,
2018-05-21,24.269200,54274.000000,29.000000,,23.510000,,,24.000000,25.000000,8391.760000,,,,,,,,,,,,,
2018-05-22,24.361700,54262.000000,29.500000,,23.570000,,,24.000000,25.000000,7984.080000,,,,,,,,,,,,,
2018-05-23,24.435200,53598.000000,28.187500,,23.590000,,,24.000000,25.000000,7502.890000,,,,,,,,,,,,,
2018-05-24,24.556700,52102.000000,28.500000,,23.610000,,,24.000000,25.000000,7586.880000,,,,,,,,,,,,,
2018-05-25,,,,,23.630000,,,24.000000,25.000000,7471.180000,,,,,,,,,,,,,
2018-05-26,,,,,23.630000,,,24.000000,25.000000,7335.990000,,,,,,,,,,,,,
2018-05-27,,,,,23.630000,,,24.000000,25.000000,7347.390000,,,,,,,,,,,,,
2018-05-28,24.700000,51930.000000,28.250000,,23.630000,,,24.000000,25.000000,7112.500000,,,,,,,,,,,,,
2018-05-29,24.900000,50922.000000,29.000000,,23.710000,,,25.000000,25.000000,7469.450000,,,,,,,,,,,,,
2018-05-30,24.905000,50590.000000,29.437500,,23.730000,,,25.000000,25.000000,7375.730000,,,,,,,,,,,,,
2018-05-31,24.947500,50098.000000,30.000000,,23.750000,2.100000,26.300000,25.000000,26.000000,7492.280000,,,,,,,,,,,,,
2018-06-01,24.962500,50213.000000,29.250000,,23.770000,,,25.000000,26.000000,7511.600000,,,,,,,,,,,,,
2018-06-02,,,,,23.790000,,,25.000000,26.000000,7642.000000,,,,,,,,,,,,,
2018-06-03,,,,,23.790000,,,25.000000,26.000000,7703.670000,,,,,,,,,,,,,
2018-06-04,24.959200,49928.000000,28.812500,,23.790000,,,25.000000,26.000000,7488.260000,,,,,,,,,,,,,
2018-06-05,24.965300,49958.000000,29.437500,,23.850000,,,25.000000,26.000000,7617.980000,,,,,,,,,,,,,
2018-06-06,24.919500,50040.000000,29.312500,,23.870000,,,25.000000,26.000000,7658.570000,,,,,,,,,,,,,
2018-06-07,24.970300,49851.000000,29.187500,,23.890000,,,25.000000,26.000000,7689.280000,,,,,,,,,,,,,
2018-06-08,25.473300,49650.000000,29.437500,,23.920000,,,25.000000,26.000000,7618.110000,,,,,,,,,,,,,
2018-06-09,,,,,23.940000,,,25.000000,26.000000,7492.700000,,,,,,,,,,,,,
2018-06-10,,,,,23.940000,,,25.000000,26.000000,6781.170000,,,,,,,,,,,,,
2018-06-11,25.429200,49638.000000,28.937500,,23.940000,,,25.000000,26.000000,6880.610000,,,,,,,,,,,,,
2018-06-12,25.861700,49100.000000,29.750000,,24.000000,,,25.000000,26.000000,6557.670000,,,,,,,,,,,,,
2018-06-13,25.728300,48973.000000,29.812500,,24.020000,,,25.000000,26.000000,6307.400000,,,,,,,,,,,,,
2018-06-14,27.061700,49065.000000,29.437500,,24.040000,,,27.000000,28.000000,6646.100000,,,,,,,,,,,,,
2018-06-15,27.876700,48468.000000,29.312500,,24.060000,,,28.000000,29.000000,6390.600000,,,,,,,,,,,,,
2018-06-16,,,,,24.080000,,,28.000000,29.000000,6487.920000,,,,,,,,,,,,,
2018-06-17,,,,,24.080000,,,28.000000,29.000000,6453.410000,,,,,,,,,,,,,
2018-06-18,27.896700,48286.000000,30.687500,,24.080000,,,28.000000,29.000000,6707.500000,,,,,,,,,,,,,
2018-06-19,27.713300,48102.000000,31.750000,,24.130000,,,27.000000,28.000000,6736.520000,,,,,,,,,,,,,
2018-06-20,,,,,24.150000,,,27.000000,28.000000,6756.580000,,,,,,,,,,,,,
2018-06-21,27.553300,48478.000000,32.062500,,24.150000,,,27.000000,28.000000,6718.330000,,,,,,,,,,,,,
2018-06-22,27.204200,63274.000000,31.750000,,24.180000,,,27.000000,28.000000,6050.450000,,,,,,,,,,,,,
2018-06-23,,,,,24.200000,,,27.000000,28.000000,6177.380000,,,,,,,,,,,,,
2018-06-24,,,,,24.200000,,,27.000000,28.000000,6153.400000,,,,,,,,,,,,,
2018-06-25,27.016700,63213.000000,32.875000,,24.200000,,,27.000000,28.000000,6253.610000,,,,,,,,,,,,,
2018-06-26,27.121700,63162.000000,32.375000,,24.250000,,,27.000000,28.000000,6068.000000,,,,,,,,,,,,,
2018-06-27,27.296700,62994.000000,31.875000,,24.260000,,,27.000000,28.000000,6135.640000,,,,,,,,,,,,,
2018-06-28,27.811700,62950.000000,32.562500,,24.280000,,,27.000000,28.000000,5848.330000,,,,,,,,,,,,,
2018-06-29,28.861700,61881.000000,32.687500,,24.300000,,,28.000000,29.000000,6204.240000,,,,,,,,,,,,,
2018-06-30,,,,,24.310000,3.700000,29.500000,29.000000,30.000000,6385.710000,,,,,,,,,,,,,
2018-07-01,,,,,24.310000,,,29.000000,30.000000,6349.990000,,,,,,,,,,,,,
2018-07-02,28.721700,61234.000000,33.000000,,24.310000,,,28.000000,29.000000,6612.980000,,,,,,,,,,,,,
2018-07-03,27.941700,61093.000000,33.750000,,24.370000,,,28.000000,29.000000,6507.990000,,,,,,,,,,,,,
2018-07-04,28.031700,61085.000000,33.375000,,24.380000,,,28.000000,29.000000,6584.250000,,,,,,,,,,,,,
2018-07-05,28.167500,60943.000000,33.937500,,24.400000,,,28.000000,29.000000,6533.690000,,,,,,,,,,,,,
2018-07-06,28.080000,60922.000000,33.812500,,24.420000,,,28.000000,29.000000,6596.530000,,,,,,,,,,,,,
2018-07-07,,,,,24.430000,,,28.000000,29.000000,6759.990000,,,,,,,,,,,,,
2018-07-08,,,,,24.430000,,,28.000000,29.000000,6706.600000,,,,,,,,,,,,,
2018-07-09,,,,,24.430000,,,28.000000,29.000000,6666.750000,,,,,,,,,,,,,
2018-07-10,27.563300,60683.000000,33.375000,,24.430000,,,27.000000,28.000000,6299.460000,,,,,,,,,,,,,
2018-07-11,27.459200,60547.000000,33.500000,,24.500000,,,27.000000,28.000000,6380.000000,,,,,,,,,,,,,
2018-07-12,27.146700,60712.000000,33.750000,,24.520000,,,27.000000,28.000000,6243.880000,,,,,,,,,,,,,
2018-07-13,27.246700,61322.000000,34.812500,,24.530000,,,27.000000,28.000000,6215.590000,,,,,,,,,,,,,
2018-07-14,,,,,24.550000,,,27.000000,28.000000,6243.980000,,,,,,,,,,,,,
2018-07-15,,,,,24.550000,,,27.000000,28.000000,6349.300000,,,,,,,,,,,,,
2018-07-16,27.295800,61308.000000,34.375000,,24.550000,,,27.000000,28.000000,6721.040000,,,,,,,,,,,,,
2018-07-17,27.488300,60950.000000,34.687500,,24.610000,,,27.000000,28.000000,7310.710000,,,,,,,,,,,,,
2018-07-18,27.641700,59921.000000,36.062500,,24.640000,,,27.000000,28.000000,7374.880000,,,,,,,,,,,,,
2018-07-19,27.735000,59711.000000,36.125000,,24.670000,,,27.000000,28.000000,7471.420000,,,,,,,,,,,,,
2018-07-20,27.650000,59738.000000,35.562500,,24.700000,,,27.000000,28.000000,7330.840000,,,,,,,,,,,,,
2018-07-21,,,,,24.730000,,,27.000000,28.000000,7409.920000,,,,,,,,,,,,,
2018-07-22,,,,,24.730000,,,27.000000,28.000000,7396.600000,,,,,,,,,,,,,
2018-07-23,27.628300,59434.000000,34.562500,,24.730000,,,27.000000,28.000000,7719.620000,,,,,,,,,,,,,
2018-07-24,27.489200,59112.000000,35.125000,,24.820000,,,27.000000,28.000000,8403.830000,,,,,,,,,,,,,
2018-07-25,27.359200,58800.000000,35.250000,,24.850000,,,27.000000,28.000000,8174.060000,,,,,,,,,,,,,
2018-07-26,27.440000,58536.000000,35.187500,,24.880000,,,27.000000,28.000000,7926.000000,,,,,,,,,,,,,
2018-07-27,27.351700,58095.000000,34.312500,,24.900000,,,27.000000,28.000000,8183.050000,,,,,,,,,,,,,
2018-07-28,,,,,24.930000,,,27.000000,28.000000,8237.740000,,,,,,,,,,,,,
2018-07-29,,,,,24.930000,,,27.000000,28.000000,8216.740000,,,,,,,,,,,,,
2018-07-30,27.339200,58087.000000,35.187500,,24.930000,,,27.000000,28.000000,8160.210000,,,,,,,,,,,,,
2018-07-31,27.342500,57996.000000,35.187500,,25.020000,3.100000,31.200000,27.000000,28.000000,7725.430000,,,,,,,,,,,,,
2018-08-01,27.511700,57828.000000,35.125000,,25.050000,,,27.000000,28.000000,7602.010000,,,,,,,,,,,,,
2018-08-02,27.600800,57741.000000,34.937500,,25.080000,,,27.000000,28.000000,7536.370000,,,,,,,,,,,,,
2018-08-03,27.381700,57799.000000,34.375000,,25.110000,,,27.000000,28.000000,7416.980000,,,,,,,,,,,,,
2018-08-04,,,,,25.140000,,,27.000000,28.000000,7009.990000,,,,,,,,,,,,,
2018-08-05,,,,,25.140000,,,27.000000,28.000000,7032.610000,,,,,,,,,,,,,
2018-08-06,27.373300,57689.000000,34.562500,,25.140000,,,27.000000,28.000000,6936.110000,,,,,,,,,,,,,
2018-08-07,27.271700,57657.000000,34.812500,,25.230000,,,27.000000,28.000000,6717.680000,,,,,,,,,,,,,
2018-08-08,27.523300,57580.000000,34.000000,,25.260000,,,27.000000,28.000000,6283.590000,,,,,,,,,,,,,
2018-08-09,27.970000,57519.000000,34.562500,,25.290000,,,27.000000,28.000000,6543.760000,,,,,,,,,,,,,
2018-08-10,29.200000,56874.000000,33.750000,,25.320000,,,28.000000,29.000000,6139.990000,,,,,,,,,,,,,
2018-08-11,,,,,25.350000,,,29.000000,30.000000,6239.980000,,,,,,,,,,,,,
2018-08-12,,,,,25.350000,,,29.000000,30.000000,6310.820000,,,,,,,,,,,,,
2018-08-13,30.008300,56623.000000,34.750000,,25.350000,,,29.000000,30.000000,6252.630000,,,,,,,,,,,,,
2018-08-14,29.415000,56258.000000,35.500000,,25.440000,,,29.000000,30.000000,6193.620000,,,,,,,,,,,,,
2018-08-15,30.005000,54648.000000,36.000000,,25.470000,,,30.000000,31.000000,6272.300000,,,,,,,,,,,,,
2018-08-16,29.810000,54655.000000,35.437500,,25.500000,,,30.000000,31.000000,6313.510000,,,,,,,,,,,,,
2018-08-17,29.794200,54796.000000,35.625000,,25.520000,,,29.000000,30.000000,6580.150000,,,,,,,,,,,,,
2018-08-18,,,,,25.550000,,,29.000000,30.000000,6399.280000,,,,,,,,,,,,,
2018-08-19,,,,,25.550000,,,29.000000,30.000000,6481.990000,,,,,,,,,,,,,
2018-08-20,,,,,25.550000,,,29.000000,30.000000,6260.820000,,,,,,,,,,,,,
2018-08-21,29.966700,55032.000000,35.437500,,25.550000,,,30.000000,31.000000,6479.270000,,,,,,,,,,,,,
2018-08-22,30.195000,55076.000000,34.250000,,25.650000,,,30.000000,31.000000,6355.760000,,,,,,,,,,,,,
2018-08-23,30.201700,55083.000000,35.437500,,25.670000,,,30.000000,31.000000,6525.010000,,,,,,,,,,,,,
2018-08-24,30.568300,55340.000000,35.062500,,25.700000,,,30.000000,31.000000,6692.940000,,,,,,,,,,,,,
2018-08-25,,,,,25.720000,,,30.000000,31.000000,6732.400000,,,,,,,,,,,,,
2018-08-26,,,,,25.720000,,,30.000000,31.000000,6700.460000,,,,,,,,,,,,,
2018-08-27,30.915800,55144.000000,34.625000,,25.720000,,,31.000000,32.000000,6904.510000,,,,,,,,,,,,,
2018-08-28,31.351700,54697.000000,34.875000,,25.800000,,,31.000000,32.000000,7080.940000,,,,,,,,,,,,,
2018-08-29,31.941700,54303.000000,35.062500,,25.820000,,,32.000000,33.000000,7032.960000,,,,,,,,,,,,,
2018-08-30,39.608300,53794.000000,36.062500,,25.850000,,,37.000000,38.000000,6984.010000,,,,,,,,,,,,,
2018-08-31,37.125000,52658.000000,39.437500,,25.870000,3.900000,34.400000,37.000000,39.000000,7017.350000,,,,,,,,,,,,,
2018-09-01,,,,,25.900000,,,36.000000,38.000000,7185.010000,,,,,,,,,,,,,
2018-09-02,,,,,25.900000,,,36.000000,38.000000,7290.310000,,,,,,,,,,,,,
2018-09-03,38.033300,52390.000000,39.000000,,25.900000,,,37.000000,39.000000,7258.990000,,,,,,,,,,,,,
2018-09-04,39.225000,51446.000000,40.062500,,25.980000,,,38.000000,39.000000,7361.000000,,,,,,,,,,,,,
2018-09-05,38.811700,51056.000000,40.312500,,26.000000,,,38.000000,40.000000,6679.300000,,,,,,,,,,,,,
2018-09-06,37.691700,51144.000000,40.562500,,26.030000,,,37.000000,39.000000,6493.090000,,,,,,,,,,,,,
2018-09-07,36.985000,51214.000000,40.562500,,26.050000,,,37.000000,38.000000,6400.000000,,,,,,,,,,,,,
2018-09-08,,,,,26.080000,,,36.000000,38.000000,6178.310000,,,,,,,,,,,,,
2018-09-09,,,,,26.080000,,,36.000000,38.000000,6236.040000,,,,,,,,,,,,,
2018-09-10,37.390000,51090.000000,39.937500,,26.080000,,,36.000000,38.000000,6301.990000,,,,,,,,,,,,,
2018-09-11,37.915800,50996.000000,40.500000,,26.160000,,,37.000000,38.000000,6279.990000,,,,,,,,,,,,,
2018-09-12,37.873300,50616.000000,40.500000,,26.180000,,,37.000000,39.000000,6322.450000,,,,,,,,,,,,,
2018-09-13,38.711700,50532.000000,41.000000,,26.210000,,,38.000000,40.000000,6485.700000,,,,,,,,,,,,,
2018-09-14,39.708300,50008.000000,40.812500,,26.230000,,,39.000000,40.000000,6476.510000,,,,,,,,,,,,,
2018-09-15,,,,,26.260000,,,39.000000,41.000000,6520.150000,,,,,,,,,,,,,
2018-09-16,,,,,26.260000,,,39.000000,41.000000,6499.980000,,,,,,,,,,,,,
2018-09-17,39.579200,49614.000000,42.437500,,26.260000,,,39.000000,40.000000,6254.520000,,,,,,,,,,,,,
2018-09-18,39.731700,49220.000000,43.250000,,26.350000,,,39.000000,40.000000,6332.340000,,,,,,,,,,,,,
2018-09-19,39.460000,49029.000000,45.437500,,26.390000,,,39.000000,40.000000,6388.400000,,,,,,,,,,,,,
2018-09-20,38.311700,48982.000000,43.937500,,26.420000,,,38.000000,40.000000,6492.980000,,,,,,,,,,,,,
2018-09-21,37.575000,49569.000000,42.687500,,26.450000,,,37.000000,39.000000,6749.450000,,,,,,,,,,,,,
2018-09-22,,,,,26.490000,,,36.000000,38.000000,6710.010000,,,,,,,,,,,,,
2018-09-23,,,,,26.490000,,,36.000000,38.000000,6702.220000,,,,,,,,,,,,,
2018-09-24,37.300000,49541.000000,43.125000,,26.490000,,,36.000000,38.000000,6581.520000,,,,,,,,,,,,,
2018-09-25,38.400000,49602.000000,44.500000,,26.590000,,,37.000000,39.000000,6428.990000,,,,,,,,,,,,,
2018-09-26,38.690000,49568.000000,42.437500,,26.620000,,,38.000000,39.000000,6461.510000,,,,,,,,,,,,,
2018-09-27,39.510000,49556.000000,42.750000,,26.660000,,,38.000000,40.000000,6681.620000,,,,,,,,,,,,,
2018-09-28,40.896700,49003.000000,43.312500,,26.690000,,,39.000000,41.000000,6610.760000,,,,,,,,,,,,,
2018-09-29,,,,,26.730000,,,40.000000,42.000000,6579.380000,,,,,,,,,,,,,
2018-09-30,,,,,26.730000,6.500000,40.500000,40.000000,42.000000,6597.810000,,,,,,,,,,,,,
2018-10-01,40.341700,48855.000000,45.437500,,26.730000,,,39.000000,41.000000,6571.200000,,,,,,,,,,,,,
2018-10-02,38.163300,48912.000000,47.875000,,26.830000,,,38.000000,40.000000,6500.000000,,,,,,,,,,,,,
2018-10-03,37.608300,48963.000000,47.250000,,26.860000,,,37.000000,39.000000,6456.770000,,,,,,,,,,,,,
2018-10-04,38.518300,49014.000000,48.687500,,26.900000,,,37.000000,39.000000,6547.560000,,,,,,,,,,,,,
2018-10-05,38.016700,49141.000000,48.687500,,26.930000,,,37.000000,39.000000,6582.120000,,,,,,,,,,,,,
2018-10-06,,,,,26.960000,,,37.000000,39.000000,6544.080000,,,,,,,,,,,,,
2018-10-07,,,,,26.960000,,,37.000000,39.000000,6577.630000,,,,,,,,,,,,,
2018-10-08,37.545000,49013.000000,49.000000,,26.960000,,,37.000000,39.000000,6604.750000,,,,,,,,,,,,,
2018-10-09,37.246700,48886.000000,50.187500,,27.070000,,,36.000000,38.000000,6588.800000,,,,,,,,,,,,,
2018-10-10,37.293300,48766.000000,48.812500,,27.100000,,,36.000000,38.000000,6517.550000,,,,,,,,,,,,,
2018-10-11,36.918300,48877.000000,48.687500,,27.140000,,,36.000000,38.000000,6152.760000,,,,,,,,,,,,,
2018-10-12,36.238300,48543.000000,51.375000,,27.170000,,,36.000000,38.000000,6185.150000,,,,,,,,,,,,,
2018-10-13,,,,,27.210000,,,36.000000,38.000000,6199.690000,,,,,,,,,,,,,
2018-10-14,,,,,27.210000,,,36.000000,38.000000,6183.000000,,,,,,,,,,,,,
2018-10-15,,,,,27.210000,,,36.000000,38.000000,6441.740000,,,,,,,,,,,,,
2018-10-16,36.358300,48449.000000,49.812500,,27.210000,,,35.000000,37.000000,6461.200000,,,,,,,,,,,,,
2018-10-17,36.303300,48268.000000,52.812500,,27.370000,,,35.000000,37.000000,6437.290000,,,,,,,,,,,,,
2018-10-18,36.413300,48492.000000,53.437500,,27.420000,,,35.000000,37.000000,6396.180000,,,,,,,,,,,,,
2018-10-19,36.553300,48585.000000,53.250000,,27.480000,,,36.000000,38.000000,6383.460000,,,,,,,,,,,,,
2018-10-20,,,,,27.530000,,,36.000000,38.000000,6412.860000,,,,,,,,,,,,,
2018-10-21,,,,,27.530000,,,36.000000,38.000000,6413.380000,,,,,,,,,,,,,
2018-10-22,36.416700,48496.000000,51.187500,,27.530000,,,36.000000,38.000000,6406.060000,,,,,,,,,,,,,
2018-10-23,36.773300,48564.000000,52.562500,,27.700000,,,36.000000,38.000000,6393.410000,,,,,,,,,,,,,
2018-10-24,36.541700,48477.000000,51.500000,,27.760000,,,36.000000,38.000000,6411.960000,,,,,,,,,,,,,
2018-10-25,36.788300,48285.000000,53.812500,,27.810000,,,36.000000,38.000000,6393.530000,,,,,,,,,,,,,
2018-10-26,36.785000,47993.000000,50.250000,,27.870000,,,36.000000,38.000000,6406.100000,,,,,,,,,,,,,
2018-10-27,,,,,27.930000,,,36.000000,38.000000,6407.660000,,,,,,,,,,,,,
2018-10-28,,,,,27.930000,,,36.000000,38.000000,6405.570000,,,,,,,,,,,,,
2018-10-29,36.793300,47867.000000,51.437500,,27.930000,,,36.000000,38.000000,6266.520000,,,,,,,,,,,,,
2018-10-30,36.831700,54040.000000,53.250000,,28.100000,,,36.000000,38.000000,6269.460000,,,,,,,,,,,,,
2018-10-31,36.196700,53955.000000,51.500000,,28.160000,5.400000,45.900000,35.000000,37.000000,6303.270000,,,,,,,,,,,,,
2018-11-01,35.743300,54220.000000,53.625000,,28.210000,,,35.000000,37.000000,6340.990000,,,,,,,,,,,,,
2018-11-02,35.590000,54255.000000,51.250000,,28.270000,,,35.000000,37.000000,6350.430000,,,,,,,,,,,,,
2018-11-03,,,,,28.330000,,,35.000000,37.000000,6335.000000,,,,,,,,,,,,,
2018-11-04,,,,,28.330000,,,35.000000,37.000000,6421.760000,,,,,,,,,,,,,
2018-11-05,35.547500,54066.000000,51.687500,,28.330000,,,35.000000,37.000000,6403.200000,,,,,,,,,,,,,
2018-11-06,,,,,28.500000,,,35.000000,37.000000,6447.500000,,,,,,,,,,,,,
2018-11-07,35.761700,53376.000000,52.125000,,28.500000,,,35.000000,37.000000,6501.000000,,,,,,,,,,,,,
2018-11-08,35.609200,53242.000000,52.062500,,28.620000,,,35.000000,37.000000,6405.490000,,,,,,,,,,,,,
2018-11-09,35.488300,53063.000000,50.937500,,28.680000,,,34.000000,36.000000,6325.000000,,,,,,,,,,,,,
2018-11-10,,,,,28.730000,,,34.000000,36.000000,6349.320000,,,,,,,,,,,,,
2018-11-11,,,,,28.730000,,,34.000000,36.000000,6357.540000,,,,,,,,,,,,,
2018-11-12,35.505000,52988.000000,51.875000,,28.730000,,,34.000000,36.000000,6318.000000,,,,,,,,,,,,,
2018-11-13,35.885000,52926.000000,51.250000,,28.910000,,,35.000000,37.000000,6260.910000,,,,,,,,,,,,,
2018-11-14,36.123300,52832.000000,53.062500,,28.970000,,,35.000000,37.000000,5595.910000,,,,,,,,,,,,,
2018-11-15,36.065000,52698.000000,52.250000,,29.030000,,,35.000000,37.000000,5585.000000,,,,,,,,,,,,,
2018-11-16,35.976700,52198.000000,51.562500,,29.090000,,,35.000000,37.000000,5508.710000,,,,,,,,,,,,,
2018-11-17,,,,,29.140000,,,35.000000,37.000000,5503.360000,,,,,,,,,,,,,
2018-11-18,,,,,29.140000,,,35.000000,37.000000,5559.260000,,,,,,,,,,,,,
2018-11-19,,,,,29.140000,,,35.000000,37.000000,4735.440000,,,,,,,,,,,,,
2018-11-20,36.258300,52055.000000,51.125000,,29.140000,,,35.000000,37.000000,4352.000000,,,,,,,,,,,,,
2018-11-21,36.273300,51826.000000,50.312500,,29.340000,,,35.000000,37.000000,4538.010000,,,,,,,,,,,,,
2018-11-22,36.425000,51830.000000,50.437500,,29.390000,,,35.000000,37.000000,4275.230000,,,,,,,,,,,,,
2018-11-23,36.886700,51736.000000,50.062500,,29.450000,,,36.000000,38.000000,4288.260000,,,,,,,,,,,,,
2018-11-24,,,,,29.500000,,,36.000000,38.000000,3785.650000,,,,,,,,,,,,,
2018-11-25,,,,,29.500000,,,36.000000,38.000000,3938.890000,,,,,,,,,,,,,
2018-11-26,38.155000,51585.000000,48.812500,,29.500000,,,37.000000,39.000000,3727.340000,,,,,,,,,,,,,
2018-11-27,38.875000,51443.000000,51.625000,,29.650000,,,38.000000,40.000000,3771.010000,,,,,,,,,,,,,
2018-11-28,38.531700,51450.000000,50.625000,,29.700000,,,38.000000,40.000000,4220.160000,,,,,,,,,,,,,
2018-11-29,38.021700,51193.000000,51.250000,,29.760000,,,37.000000,39.000000,4249.800000,,,,,,,,,,,,,
2018-11-30,,,,,29.810000,3.200000,48.500000,37.000000,39.000000,3971.060000,,,,,,,,,,,,,
2018-12-01,,,,,29.810000,,,37.000000,39.000000,4140.390000,,,,,,,,,,,,,
2018-12-02,,,,,29.810000,,,37.000000,39.000000,4102.050000,,,,,,,,,,,,,
2018-12-03,36.890000,51296.000000,49.250000,,29.810000,,,36.000000,38.000000,3834.340000,,,,,,,,,,,,,
2018-12-04,37.061700,51122.000000,50.187500,,30.020000,,,36.000000,38.000000,3903.520000,,,,,,,,,,,,,
2018-12-05,37.938300,50272.000000,49.187500,,30.070000,,,37.000000,39.000000,3696.690000,,,,,,,,,,,,,
2018-12-06,37.856700,49995.000000,49.250000,,30.120000,,,37.000000,39.000000,3437.260000,,,,,,,,,,,,,
2018-12-07,37.358300,50065.000000,48.875000,,30.180000,,,37.000000,39.000000,3380.680000,,,,,,,,,,,,,
2018-12-08,,,,,30.230000,,,36.000000,38.000000,3398.800000,,,,,,,,,,,,,
2018-12-09,,,,,30.230000,,,36.000000,38.000000,3529.750000,,,,,,,,,,,,,
2018-12-10,37.701700,49846.000000,48.000000,,30.230000,,,37.000000,39.000000,3408.000000,,,,,,,,,,,,,
2018-12-11,37.648300,49788.000000,49.625000,,30.390000,,,37.000000,39.000000,3353.420000,,,,,,,,,,,,,
2018-12-12,37.636700,49885.000000,47.812500,,30.440000,,,37.000000,39.000000,3430.180000,,,,,,,,,,,,,
2018-12-13,37.803300,49922.000000,48.562500,,30.500000,,,37.000000,39.000000,3262.730000,,,,,,,,,,,,,
2018-12-14,38.165000,49887.000000,47.312500,,30.550000,,,37.000000,39.000000,3195.750000,,,,,,,,,,,,,
2018-12-15,,,,,30.600000,,,37.000000,39.000000,3179.540000,,,,,,,,,,,,,
2018-12-16,,,,,30.600000,,,37.000000,39.000000,3193.780000,,,,,,,,,,,,,
2018-12-17,38.321700,58606.000000,48.500000,,30.600000,,,37.000000,39.000000,3496.730000,,,,,,,,,,,,,
2018-12-18,38.213300,58642.000000,48.062500,,30.720000,,,37.000000,39.000000,3667.160000,,,,,,,,,,,,,
2018-12-19,38.301700,58711.000000,49.562500,,30.750000,,,37.000000,39.000000,3684.500000,,,,,,,,,,,,,
2018-12-20,38.070000,58580.000000,48.562500,,30.780000,,,37.000000,39.000000,4073.770000,,,,,,,,,,,,,
2018-12-21,38.078300,66324.000000,47.937500,,30.810000,,,37.000000,39.000000,3841.080000,,,,,,,,,,,,,
2018-12-22,,,,,30.840000,,,37.000000,39.000000,3980.900000,,,,,,,,,,,,,
2018-12-23,,,,,30.840000,,,37.000000,39.000000,3943.830000,,,,,,,,,,,,,
2018-12-24,,,,,30.840000,,,37.000000,39.000000,4036.000000,,,,,,,,,,,,,
2018-12-25,,,,,30.840000,,,37.000000,39.000000,3779.990000,,,,,,,,,,,,,
2018-12-26,38.510000,66447.000000,47.000000,,30.840000,,,37.000000,39.000000,3810.010000,,,,,,,,,,,,,
2018-12-27,38.570000,66112.000000,48.250000,,31.000000,,,37.000000,39.000000,3591.690000,,,,,,,,,,,,,
2018-12-28,37.808300,65786.000000,49.500000,,31.030000,,,37.000000,39.000000,3884.970000,,,,,,,,,,,,,
2018-12-29,,,,,31.060000,,,37.000000,39.000000,3725.480000,,,,,,,,,,,,,
2018-12-30,,,,,31.060000,,,37.000000,39.000000,3835.790000,,,,,,,,,,,,,
2018-12-31,,,,,31.060000,2.600000,47.600000,37.000000,39.000000,3693.300000,,,,,,,,,,,,,
2019-01-01,,,,,31.060000,,,37.000000,39.000000,3823.440000,,,,,,,,,,,,,
2019-01-02,37.933300,65825.000000,47.000000,,31.060000,,,37.000000,39.000000,3885.870000,,,,,,,,,,,,,
2019-01-03,37.551700,65817.000000,47.500000,,31.220000,,,37.000000,39.000000,3787.810000,,,,,,,,,,,,,
2019-01-04,37.390000,65716.000000,46.937500,,31.250000,,,36.000000,38.000000,3817.710000,,,,,,,,,,,,,
2019-01-05,,,,,31.290000,,,36.000000,38.000000,3791.840000,,,,,,,,,,,,,
2019-01-06,,,,,31.290000,,,36.000000,38.000000,4040.710000,,,,,,,,,,,,,
2019-01-07,37.358300,65736.000000,47.250000,,31.290000,,,36.000000,38.000000,4005.450000,,,,,,,,,,,,,
2019-01-08,37.374200,65818.000000,47.062500,,31.380000,,,36.000000,38.000000,3994.900000,,,,,,,,,,,,,
2019-01-09,37.470800,65946.000000,45.937500,,31.410000,,,37.000000,39.000000,4002.130000,,,,,,,,,,,,,
2019-01-10,37.309200,66042.000000,46.562500,,31.450000,,,36.000000,38.000000,3627.510000,,,,,,,,,,,,,
2019-01-11,37.103300,66036.000000,45.625000,,31.480000,,,36.000000,38.000000,3632.020000,,,,,,,,,,,,,
2019-01-12,,,,,31.510000,,,36.000000,38.000000,3617.130000,,,,,,,,,,,,,
2019-01-13,,,,,31.510000,,,36.000000,38.000000,3515.950000,,,,,,,,,,,,,
2019-01-14,37.095000,65961.000000,45.875000,,31.510000,,,36.000000,38.000000,3664.280000,,,,,,,,,,,,,
2019-01-15,37.135000,66020.000000,46.500000,,31.610000,,,36.000000,38.000000,3576.930000,,,,,,,,,,,,,
2019-01-16,37.356700,66165.000000,45.625000,,31.640000,,,36.000000,38.000000,3605.910000,,,,,,,,,,,,,
2019-01-17,37.738300,66257.000000,45.750000,,31.660000,,,37.000000,39.000000,3638.010000,,,,,,,,,,,,,
2019-01-18,37.620000,66429.000000,46.000000,,31.690000,,,37.000000,39.000000,3609.210000,,,,,,,,,,,,,
2019-01-19,,,,,31.720000,,,37.000000,39.000000,3681.000000,,,,,,,,,,,,,
2019-01-20,,,,,31.720000,,,37.000000,39.000000,3536.720000,,,,,,,,,,,,,
2019-01-21,37.705000,66418.000000,45.125000,,31.720000,,,37.000000,39.000000,3531.510000,,,,,,,,,,,,,
2019-01-22,37.590000,66490.000000,45.562500,,31.800000,,,37.000000,39.000000,3576.810000,,,,,,,,,,,,,
2019-01-23,37.560000,66621.000000,45.812500,,31.820000,,,37.000000,39.000000,3552.320000,,,,,,,,,,,,,
2019-01-24,37.559200,66519.000000,45.375000,,31.850000,,,37.000000,39.000000,3570.730000,,,,,,,,,,,,,
2019-01-25,37.143300,66413.000000,44.625000,,31.870000,,,36.000000,38.000000,3560.000000,,,,,,,,,,,,,
2019-01-26,,,,,31.900000,,,36.000000,38.000000,3555.560000,,,,,,,,,,,,,
2019-01-27,,,,,31.900000,,,36.000000,38.000000,3533.230000,,,,,,,,,,,,,
2019-01-28,37.093300,66429.000000,44.500000,,31.900000,,,36.000000,38.000000,3429.500000,,,,,,,,,,,,,
2019-01-29,37.225000,66449.000000,44.625000,,31.980000,,,36.000000,38.000000,3390.500000,,,,,,,,,,,,,
2019-01-30,37.605000,66409.000000,44.062500,,32.010000,,,37.000000,39.000000,3437.350000,,,,,,,,,,,,,
2019-01-31,37.035000,66811.000000,44.562500,,32.030000,2.900000,49.300000,36.000000,38.000000,3413.110000,,,,,,,,,,,,,
2019-02-01,37.236700,66843.000000,42.562500,,32.060000,,,36.000000,38.000000,3434.830000,,,,,,,,,,,,,
2019-02-02,,,,,32.090000,,,36.000000,38.000000,3462.820000,,,,,,,,,,,,,
2019-02-03,,,,,32.090000,,,36.000000,38.000000,3414.820000,,,,,,,,,,,,,
2019-02-04,37.240000,66845.000000,42.375000,,32.090000,,,36.000000,38.000000,3410.870000,,,,,,,,,,,,,
2019-02-05,37.196700,66962.000000,41.437500,,32.170000,,,36.000000,38.000000,3431.390000,,,,,,,,,,,,,
2019-02-06,37.428300,67001.000000,40.812500,,32.190000,,,36.000000,38.000000,3364.620000,,,,,,,,,,,,,
2019-02-07,37.895000,66980.000000,39.437500,,32.220000,,,37.000000,39.000000,3359.330000,,,,,,,,,,,,,
2019-02-08,37.861700,66894.000000,38.125000,,32.250000,,,37.000000,39.000000,3622.940000,,,,,,,,,,,,,
2019-02-09,,,,,32.270000,,,37.000000,39.000000,3622.620000,,,,,,,,,,,,,
2019-02-10,,,,,32.270000,,,37.000000,39.000000,3650.370000,,,,,,,,,,,,,
2019-02-11,38.320000,66783.000000,37.375000,,32.270000,,,37.000000,39.000000,3588.700000,,,,,,,,,,,,,
2019-02-12,37.816700,66918.000000,36.625000,,32.350000,,,37.000000,39.000000,3585.940000,,,,,,,,,,,,,
2019-02-13,38.146700,67054.000000,35.875000,,32.380000,,,37.000000,39.000000,3574.930000,,,,,,,,,,,,,
2019-02-14,38.371700,66955.000000,36.062500,,32.410000,,,37.000000,39.000000,3560.460000,,,,,,,,,,,,,
2019-02-15,38.325000,66925.000000,35.375000,,32.430000,,,37.000000,39.000000,3566.290000,,,,,,,,,,,,,
2019-02-16,,,,,32.460000,,,38.000000,40.000000,3579.920000,,,,,,,,,,,,,
2019-02-17,,,,,32.460000,,,38.000000,40.000000,3625.600000,,,,,,,,,,,,,
2019-02-18,38.765000,66972.000000,35.250000,,32.460000,,,38.000000,40.000000,3869.800000,,,,,,,,,,,,,
2019-02-19,38.915800,67012.000000,35.375000,,32.560000,,,38.000000,40.000000,3888.460000,,,,,,,,,,,,,
2019-02-20,40.040000,67034.000000,35.187500,,32.590000,,,39.000000,41.000000,3936.530000,,,,,,,,,,,,,
2019-02-21,39.663300,66984.000000,35.937500,,32.630000,,,39.000000,41.000000,3900.400000,,,,,,,,,,,,,
2019-02-22,39.251700,67010.000000,36.562500,,32.660000,,,39.000000,40.000000,3939.820000,,,,,,,,,,,,,
2019-02-23,,,,,32.690000,,,39.000000,40.000000,4113.530000,,,,,,,,,,,,,
2019-02-24,,,,,32.690000,,,39.000000,40.000000,3730.680000,,,,,,,,,,,,,
2019-02-25,38.960000,67044.000000,36.000000,,32.690000,,,38.000000,40.000000,3820.710000,,,,,,,,,,,,,
2019-02-26,38.991700,66993.000000,37.375000,,32.790000,,,38.000000,40.000000,3795.060000,,,,,,,,,,,,,
2019-02-27,38.746700,66986.000000,36.812500,,32.830000,,,38.000000,40.000000,3798.470000,,,,,,,,,,,,,
2019-02-28,38.998300,68015.000000,37.125000,,32.860000,3.800000,51.300000,38.000000,40.000000,3791.360000,,,,,,,,,,,,,
2019-03-01,39.445000,68345.000000,36.625000,,32.890000,,,38.000000,40.000000,3807.050000,,,,,,,,,,,,,
2019-03-02,,,,,32.930000,,,39.000000,41.000000,3810.460000,,,,,,,,,,,,,
2019-03-03,,,,,32.930000,,,39.000000,41.000000,3789.520000,,,,,,,,,,,,,
2019-03-04,,,,,32.930000,,,39.000000,41.000000,3698.660000,,,,,,,,,,,,,
2019-03-05,,,,,32.930000,,,39.000000,41.000000,3844.070000,,,,,,,,,,,,,
2019-03-06,40.481700,68352.000000,36.562500,,32.930000,,,39.000000,41.000000,3851.550000,,,,,,,,,,,,,
2019-03-07,41.225000,68421.000000,37.312500,,33.100000,,,40.000000,42.000000,3856.640000,,,,,,,,,,,,,
2019-03-08,41.300000,68578.000000,39.125000,,33.130000,,,41.000000,43.000000,3844.640000,,,,,,,,,,,,,
2019-03-09,,,,,33.160000,,,40.000000,42.000000,3916.430000,,,,,,,,,,,,,
2019-03-10,,,,,33.160000,,,40.000000,42.000000,3897.920000,,,,,,,,,,,,,
2019-03-11,40.871700,68526.000000,39.562500,,33.160000,,,40.000000,42.000000,3849.250000,,,,,,,,,,,,,
2019-03-12,41.348300,68488.000000,40.812500,,33.270000,,,40.000000,42.000000,3859.740000,,,,,,,,,,,,,
2019-03-13,41.646700,68483.000000,40.750000,,33.300000,,,40.000000,42.000000,3848.480000,,,,,,,,,,,,,
2019-03-14,40.980000,68392.000000,41.312500,,33.330000,,,40.000000,42.000000,3854.770000,,,,,,,,,,,,,
2019-03-15,39.941700,68285.000000,43.500000,,33.370000,,,39.000000,41.000000,3901.210000,,,,,,,,,,,,,
2019-03-16,,,,,33.400000,,,39.000000,41.000000,3990.000000,,,,,,,,,,,,,
2019-03-17,,,,,33.400000,,,39.000000,41.000000,3965.500000,,,,,,,,,,,,,
2019-03-18,39.713300,68303.000000,42.250000,,33.400000,,,39.000000,41.000000,3969.590000,,,,,,,,,,,,,
2019-03-19,40.325000,68250.000000,43.125000,,33.520000,,,39.000000,41.000000,3998.130000,,,,,,,,,,,,,
2019-03-20,41.081700,68312.000000,42.062500,,33.560000,,,40.000000,42.000000,4031.590000,,,,,,,,,,,,,
2019-03-21,40.741700,68204.000000,43.250000,,33.600000,,,40.000000,42.000000,3974.210000,,,,,,,,,,,,,
2019-03-22,42.010000,68043.000000,43.000000,,33.640000,,,41.000000,43.000000,3982.070000,,,,,,,,,,,,,
2019-03-23,,,,,33.680000,,,41.000000,43.000000,3982.520000,,,,,,,,,,,,,
2019-03-24,,,,,33.680000,,,41.000000,43.000000,3969.990000,,,,,,,,,,,,,
2019-03-25,41.785000,67509.000000,44.187500,,33.680000,,,41.000000,43.000000,3910.510000,,,,,,,,,,,,,
2019-03-26,42.346700,67183.000000,44.125000,,33.810000,,,41.000000,43.000000,3922.580000,,,,,,,,,,,,,
2019-03-27,43.698300,66870.000000,43.250000,,33.850000,,,42.000000,44.000000,4025.500000,,,,,,,,,,,,,
2019-03-28,43.590000,66414.000000,45.312500,,33.890000,,,43.000000,45.000000,4012.230000,,,,,,,,,,,,,
2019-03-29,43.353300,66187.000000,45.687500,,33.930000,,,43.000000,45.000000,4090.000000,,,,,,,,,,,,,
2019-03-30,,,,,33.970000,,,42.000000,44.000000,4094.920000,,,,,,,,,,,,,
2019-03-31,,,,,33.970000,4.700000,54.700000,42.000000,44.000000,4096.080000,,,,,,,,,,,,,
2019-04-01,42.823300,66213.000000,46.125000,,33.970000,,,42.000000,44.000000,4136.320000,,,,,,,,,,,,,
2019-04-02,,,,,34.090000,,,42.000000,44.000000,4899.630000,,,,,,,,,,,,,
2019-04-03,42.653300,66263.000000,48.500000,,34.090000,,,42.000000,44.000000,4978.230000,,,,,,,,,,,,,
2019-04-04,43.246700,66375.000000,48.500000,,34.170000,,,42.000000,44.000000,4907.940000,,,,,,,,,,,,,
2019-04-05,43.693300,66623.000000,47.250000,,34.220000,,,43.000000,45.000000,5039.730000,,,,,,,,,,,,,
2019-04-06,,,,,34.260000,,,43.000000,45.000000,5041.390000,,,,,,,,,,,,,
2019-04-07,,,,,34.260000,,,43.000000,45.000000,5190.850000,,,,,,,,,,,,,
2019-04-08,43.800000,66662.000000,47.687500,,34.260000,,,43.000000,45.000000,5287.880000,,,,,,,,,,,,,
2019-04-09,43.740000,77481.000000,48.812500,,34.380000,,,43.000000,45.000000,5192.600000,,,,,,,,,,,,,
2019-04-10,43.041700,77334.000000,47.812500,,34.420000,,,42.000000,44.000000,5323.470000,,,,,,,,,,,,,
2019-04-11,42.911700,77095.000000,48.812500,,34.460000,,,42.000000,44.000000,5040.200000,,,,,,,,,,,,,
2019-04-12,42.330000,76985.000000,48.125000,,34.500000,,,42.000000,44.000000,5076.350000,,,,,,,,,,,,,
2019-04-13,,,,,34.550000,,,41.000000,43.000000,5063.630000,,,,,,,,,,,,,
2019-04-14,,,,,34.550000,,,41.000000,43.000000,5162.720000,,,,,,,,,,,,,
2019-04-15,41.561700,76894.000000,48.312500,,34.550000,,,41.000000,43.000000,5027.310000,,,,,,,,,,,,,
2019-04-16,42.113300,76794.000000,49.125000,,34.670000,,,41.000000,43.000000,5202.430000,,,,,,,,,,,,,
2019-04-17,41.783300,76663.000000,48.125000,,34.720000,,,41.000000,43.000000,5233.720000,,,,,,,,,,,,,
2019-04-18,,,,,34.780000,,,41.000000,43.000000,5281.580000,,,,,,,,,,,,,
2019-04-19,,,,,34.780000,,,41.000000,43.000000,5289.910000,,,,,,,,,,,,,
2019-04-20,,,,,34.780000,,,41.000000,43.000000,5318.890000,,,,,,,,,,,,,
2019-04-21,,,,,34.780000,,,41.000000,43.000000,5295.650000,,,,,,,,,,,,,
2019-04-22,42.691700,72803.000000,48.125000,,34.780000,,,41.000000,43.000000,5386.800000,,,,,,,,,,,,,
2019-04-23,42.380000,72559.000000,49.562500,,35.040000,,,42.000000,44.000000,5531.320000,,,,,,,,,,,,,
2019-04-24,43.478300,72330.000000,48.625000,,35.100000,,,42.000000,44.000000,5440.950000,,,,,,,,,,,,,
2019-04-25,45.633300,72087.000000,49.312500,,35.150000,,,44.000000,46.000000,5132.550000,,,,,,,,,,,,,
2019-04-26,44.876700,71903.000000,49.250000,,35.210000,,,44.000000,46.000000,5155.190000,,,,,,,,,,,,,
2019-04-27,,,,,35.260000,,,45.000000,47.000000,5168.910000,,,,,,,,,,,,,
2019-04-28,,,,,35.260000,,,45.000000,47.000000,5160.980000,,,,,,,,,,,,,
2019-04-29,44.673300,71747.000000,50.000000,,35.260000,,,44.000000,46.000000,5149.110000,,,,,,,,,,,,,
2019-04-30,44.010000,71663.000000,53.375000,,35.420000,3.400000,55.800000,43.000000,45.000000,5269.000000,,,,,,,,,,,,,
2019-05-01,,,,,35.480000,,,43.000000,45.000000,5318.420000,,,,,,,,,,,,,
2019-05-02,44.748300,71529.000000,50.375000,,35.480000,,,43.000000,46.000000,5385.000000,,,,,,,,,,,,,
2019-05-03,44.423300,71295.000000,52.125000,,35.590000,,,44.000000,46.000000,5658.220000,,,,,,,,,,,,,
2019-05-04,,,,,35.640000,,,43.000000,46.000000,5764.650000,,,,,,,,,,,,,
2019-05-05,,,,,35.640000,,,43.000000,46.000000,5709.320000,,,,,,,,,,,,,
2019-05-06,44.896700,70860.000000,52.000000,,35.640000,,,44.000000,46.000000,5685.460000,,,,,,,,,,,,,
2019-05-07,44.895000,68931.000000,53.312500,,35.800000,,,44.000000,46.000000,5751.540000,,,,,,,,,,,,,
2019-05-08,45.038300,68758.000000,52.000000,,35.860000,,,44.000000,46.000000,5940.890000,,,,,,,,,,,,,
2019-05-09,45.566700,68431.000000,52.500000,,35.910000,,,44.000000,46.000000,6156.700000,,,,,,,,,,,,,
2019-05-10,44.981700,68114.000000,51.875000,,35.970000,,,44.000000,46.000000,6342.840000,,,,,,,,,,,,,
2019-05-11,,,,,36.020000,,,44.000000,46.000000,7217.470000,,,,,,,,,,,,,
2019-05-12,,,,,36.020000,,,44.000000,46.000000,6974.350000,,,,,,,,,,,,,
2019-05-13,45.413300,67800.000000,52.562500,,36.020000,,,44.000000,46.000000,7810.050000,,,,,,,,,,,,,
2019-05-14,44.985000,67461.000000,53.562500,,36.190000,,,44.000000,46.000000,7986.000000,,,,,,,,,,,,,
2019-05-15,45.153300,67306.000000,52.625000,,36.250000,,,44.000000,46.000000,8208.690000,,,,,,,,,,,,,
2019-05-16,44.858300,67244.000000,52.187500,,36.300000,,,44.000000,46.000000,7880.000000,,,,,,,,,,,,,
2019-05-17,45.018300,66998.000000,51.937500,,36.340000,,,44.000000,46.000000,7351.710000,,,,,,,,,,,,,
2019-05-18,,,,,36.380000,,,44.000000,46.000000,7260.120000,,,,,,,,,,,,,
2019-05-19,,,,,36.380000,,,44.000000,46.000000,8200.000000,,,,,,,,,,,,,
2019-05-20,45.324200,67063.000000,53.687500,,36.380000,,,44.000000,46.000000,8005.640000,,,,,,,,,,,,,
2019-05-21,44.820000,67103.000000,53.687500,,36.500000,,,44.000000,46.000000,7955.160000,,,,,,,,,,,,,
2019-05-22,44.715000,67071.000000,52.312500,,36.540000,,,44.000000,46.000000,7624.950000,,,,,,,,,,,,,
2019-05-23,45.150000,66491.000000,53.437500,,36.580000,,,44.000000,46.000000,7880.220000,,,,,,,,,,,,,
2019-05-24,44.960000,65598.000000,53.000000,,36.620000,,,44.000000,46.000000,7999.020000,,,,,,,,,,,,,
2019-05-25,,,,,36.650000,,,44.000000,46.000000,8064.640000,,,,,,,,,,,,,
2019-05-26,,,,,36.650000,,,44.000000,46.000000,8733.260000,,,,,,,,,,,,,
2019-05-27,44.978300,65581.000000,52.625000,,36.650000,,,44.000000,46.000000,8770.730000,,,,,,,,,,,,,
2019-05-28,44.786700,65219.000000,52.625000,,36.770000,,,44.000000,46.000000,8717.960000,,,,,,,,,,,,,
2019-05-29,44.503300,64681.000000,52.812500,,36.810000,,,44.000000,46.000000,8663.410000,,,,,,,,,,,,,
2019-05-30,44.445000,64744.000000,52.687500,,36.850000,,,44.000000,46.000000,8277.760000,,,,,,,,,,,,,
2019-05-31,44.870000,64779.000000,53.000000,,36.890000,3.100000,57.300000,44.000000,46.000000,8547.200000,,,,,,,,,,,,,
2019-06-01,,,,,36.930000,,,44.000000,46.000000,8556.270000,,,,,,,,,,,,,
2019-06-02,,,,,36.930000,,,44.000000,46.000000,8734.490000,,,,,,,,,,,,,
2019-06-03,44.873300,64782.000000,52.937500,,36.930000,,,44.000000,46.000000,8103.640000,,,,,,,,,,,,,
2019-06-04,44.756700,64751.000000,53.312500,,37.050000,,,44.000000,46.000000,7665.530000,,,,,,,,,,,,,
2019-06-05,44.803300,64661.000000,52.687500,,37.090000,,,44.000000,46.000000,7785.940000,,,,,,,,,,,,,
2019-06-06,44.980000,64660.000000,52.937500,,37.130000,,,44.000000,46.000000,7806.070000,,,,,,,,,,,,,
2019-06-07,44.883300,64757.000000,52.687500,,37.170000,,,44.000000,46.000000,8001.250000,,,,,,,,,,,,,
2019-06-08,,,,,37.210000,,,44.000000,46.000000,7932.270000,,,,,,,,,,,,,
2019-06-09,,,,,37.210000,,,44.000000,46.000000,7632.990000,,,,,,,,,,,,,
2019-06-10,44.970000,64699.000000,52.125000,,37.210000,,,44.000000,46.000000,8021.100000,,,,,,,,,,,,,
2019-06-11,44.741700,64764.000000,52.312500,,37.330000,,,44.000000,46.000000,7919.100000,,,,,,,,,,,,,
2019-06-12,43.748300,64676.000000,51.812500,,37.370000,,,43.000000,45.000000,8176.270000,,,,,,,,,,,,,
2019-06-13,43.585000,63781.000000,51.312500,,37.410000,,,43.000000,45.000000,8238.000000,,,,,,,,,,,,,
2019-06-14,43.870000,63782.000000,51.062500,,37.450000,,,43.000000,45.000000,8697.540000,,,,,,,,,,,,,
2019-06-15,,,,,37.490000,,,43.000000,45.000000,8857.190000,,,,,,,,,,,,,
2019-06-16,,,,,37.490000,,,43.000000,45.000000,8974.190000,,,,,,,,,,,,,
2019-06-17,,,,,37.490000,,,43.000000,45.000000,9333.480000,,,,,,,,,,,,,
2019-06-18,43.656700,63981.000000,50.812500,,37.490000,,,43.000000,45.000000,9078.840000,,,,,,,,,,,,,
2019-06-19,43.451700,64059.000000,50.750000,,37.650000,,,43.000000,45.000000,9278.270000,,,,,,,,,,,,,
2019-06-20,,,,,37.690000,,,43.000000,45.000000,9534.990000,,,,,,,,,,,,,
2019-06-21,42.915000,64640.000000,49.937500,,37.690000,,,43.000000,45.000000,10222.120000,,,,,,,,,,,,,
2019-06-22,,,,,37.760000,,,43.000000,45.000000,10661.300000,,,,,,,,,,,,,
2019-06-23,,,,,37.760000,,,42.000000,44.000000,10831.950000,,,,,,,,,,,,,
2019-06-24,42.665000,64442.000000,49.750000,,37.760000,,,42.000000,44.000000,11029.630000,,,,,,,,,,,,,
2019-06-25,42.305000,64296.000000,48.312500,,37.880000,,,41.000000,44.000000,11751.010000,,,,,,,,,,,,,
2019-06-26,42.711700,64394.000000,48.187500,,37.920000,,,42.000000,44.000000,12920.540000,,,,,,,,,,,,,
2019-06-27,42.843300,64308.000000,47.687500,,37.960000,,,42.000000,44.000000,11153.740000,,,,,,,,,,,,,
2019-06-28,42.448300,64278.000000,47.500000,,38.000000,,,42.000000,44.000000,12354.430000,,,,,,,,,,,,,
2019-06-29,,,,,38.030000,,,42.000000,44.000000,11858.620000,,,,,,,,,,,,,
2019-06-30,,,,,38.030000,2.700000,55.800000,42.000000,44.000000,10760.100000,,,,,,,,,,,,,
2019-07-01,42.135000,64148.000000,47.687500,,38.030000,,,41.000000,44.000000,10577.430000,,,,,,,,,,,,,
2019-07-02,42.465000,64123.000000,48.000000,,38.150000,,,41.000000,44.000000,10828.900000,,,,,,,,,,,,,
2019-07-03,42.090000,64108.000000,48.437500,,38.190000,,,41.000000,43.000000,11967.430000,,,,,,,,,,,,,
2019-07-04,41.758300,64095.000000,48.437500,,38.230000,,,41.000000,43.000000,11146.340000,,,,,,,,,,,,,
2019-07-05,41.980000,63743.000000,48.062500,,38.270000,,,41.000000,43.000000,10997.840000,,,,,,,,,,,,,
2019-07-06,,,,,38.310000,,,41.000000,43.000000,11240.000000,,,,,,,,,,,,,
2019-07-07,,,,,38.310000,,,41.000000,43.000000,11469.960000,,,,,,,,,,,,,
2019-07-08,,,,,38.310000,,,41.000000,43.000000,12286.140000,,,,,,,,,,,,,
2019-07-09,,,,,38.310000,,,41.000000,43.000000,12567.230000,,,,,,,,,,,,,
2019-07-10,41.880800,63561.000000,47.812500,,38.310000,,,41.000000,43.000000,12098.950000,,,,,,,,,,,,,
2019-07-11,41.755000,63670.000000,48.500000,,38.500000,,,41.000000,43.000000,11349.240000,,,,,,,,,,,,,
2019-07-12,41.658300,63697.000000,47.562500,,38.540000,,,41.000000,43.000000,11808.910000,,,,,,,,,,,,,
2019-07-13,,,,,38.580000,,,41.000000,43.000000,11378.790000,,,,,,,,,,,,,
2019-07-14,,,,,38.580000,,,41.000000,43.000000,10191.870000,,,,,,,,,,,,,
2019-07-15,41.861700,63568.000000,48.125000,,38.580000,,,41.000000,43.000000,10850.000000,,,,,,,,,,,,,
2019-07-16,42.633300,68732.000000,47.625000,,38.700000,,,41.000000,44.000000,9412.810000,,,,,,,,,,,,,
2019-07-17,42.520000,68761.000000,48.062500,,38.730000,,,42.000000,44.000000,9699.350000,,,,,,,,,,,,,
2019-07-18,42.345000,68747.000000,47.812500,,38.760000,,,41.000000,44.000000,10648.600000,,,,,,,,,,,,,
2019-07-19,42.446700,68600.000000,48.250000,,38.800000,,,41.000000,44.000000,10535.430000,,,,,,,,,,,,,
2019-07-20,,,,,38.830000,,,41.000000,44.000000,10750.110000,,,,,,,,,,,,,
2019-07-21,,,,,38.830000,,,41.000000,44.000000,10600.240000,,,,,,,,,,,,,
2019-07-22,42.478300,68334.000000,47.937500,,38.830000,,,41.000000,44.000000,10328.830000,,,,,,,,,,,,,
2019-07-23,42.628300,68338.000000,50.250000,,38.930000,,,42.000000,44.000000,9847.020000,,,,,,,,,,,,,
2019-07-24,42.808300,68317.000000,49.125000,,38.970000,,,42.000000,44.000000,9763.670000,,,,,,,,,,,,,
2019-07-25,43.245000,67966.000000,50.812500,,39.000000,,,42.000000,44.000000,9883.960000,,,,,,,,,,,,,
2019-07-26,43.216700,68071.000000,49.375000,,39.030000,,,42.000000,45.000000,9846.940000,,,,,,,,,,,,,
2019-07-27,,,,,39.070000,,,42.000000,45.000000,9481.370000,,,,,,,,,,,,,
2019-07-28,,,,,39.070000,,,42.000000,45.000000,9533.190000,,,,,,,,,,,,,
2019-07-29,43.755000,67994.000000,49.500000,,39.070000,,,43.000000,45.000000,9495.390000,,,,,,,,,,,,,
2019-07-30,43.881700,67951.000000,50.125000,,39.170000,,,43.000000,45.000000,9593.620000,,,,,,,,,,,,,
2019-07-31,43.869200,67899.000000,49.625000,,39.200000,2.200000,54.400000,43.000000,45.000000,10085.340000,,,,,,,,,,,,,
2019-08-01,44.323300,67760.000000,49.812500,,39.230000,,,43.000000,45.000000,10407.710000,,,,,,,,,,,,,
2019-08-02,44.704200,67559.000000,49.812500,,39.270000,,,44.000000,46.000000,10529.510000,,,,,,,,,,,,,
2019-08-03,,,,,39.300000,,,44.000000,46.000000,10821.520000,,,,,,,,,,,,,
2019-08-04,,,,,39.300000,,,44.000000,46.000000,10986.960000,,,,,,,,,,,,,
2019-08-05,45.438300,67043.000000,50.437500,,39.300000,,,44.000000,46.000000,11800.000000,,,,,,,,,,,,,
2019-08-06,45.351700,66464.000000,51.562500,,39.400000,,,44.000000,47.000000,11470.000000,,,,,,,,,,,,,
2019-08-07,45.690000,66399.000000,52.375000,,39.440000,,,44.000000,47.000000,11971.570000,,,,,,,,,,,,,
2019-08-08,45.411700,66370.000000,52.000000,,39.470000,,,44.000000,47.000000,11983.430000,,,,,,,,,,,,,
2019-08-09,45.403300,66309.000000,51.250000,,39.500000,,,44.000000,47.000000,11859.320000,,,,,,,,,,,,,
2019-08-10,,,,,39.540000,,,44.000000,47.000000,11273.200000,,,,,,,,,,,,,
2019-08-11,,,,,39.540000,,,44.000000,47.000000,11528.730000,,,,,,,,,,,,,
2019-08-12,55.750000,65736.000000,53.125000,,39.540000,,,49.000000,53.000000,11385.110000,,,,,,,,,,,,,
2019-08-13,56.316700,65042.000000,57.500000,,39.640000,,,52.000000,58.000000,10862.280000,,,,,,,,,,,,,
2019-08-14,58.835000,64233.000000,58.125000,,39.670000,,,55.000000,60.000000,10022.990000,,,,,,,,,,,,,
2019-08-15,56.633300,63712.000000,57.562500,,39.710000,,,56.000000,61.000000,10301.440000,,,,,,,,,,,,,
2019-08-16,56.435000,62404.000000,57.875000,,39.740000,,,54.000000,59.000000,10354.340000,,,,,,,,,,,,,
2019-08-17,,,,,39.770000,,,53.000000,58.000000,10210.890000,,,,,,,,,,,,,
2019-08-18,,,,,39.770000,,,53.000000,58.000000,10318.990000,,,,,,,,,,,,,
2019-08-19,,,,,39.770000,,,53.000000,58.000000,10927.300000,,,,,,,,,,,,,
2019-08-20,55.363300,59394.000000,57.375000,,39.770000,,,53.000000,58.000000,10772.220000,,,,,,,,,,,,,
2019-08-21,54.915000,58894.000000,57.125000,,39.880000,,,52.000000,57.000000,10134.750000,,,,,,,,,,,,,
2019-08-22,55.030800,58410.000000,58.937500,,39.910000,,,52.000000,57.000000,10112.010000,,,,,,,,,,,,,
2019-08-23,55.268300,58267.000000,58.125000,,39.940000,,,52.000000,57.000000,10401.600000,,,,,,,,,,,,,
2019-08-24,,,,,39.970000,,,52.000000,57.000000,10149.700000,,,,,,,,,,,,,
2019-08-25,,,,,39.970000,,,52.000000,57.000000,10136.750000,,,,,,,,,,,,,
2019-08-26,55.335000,57918.000000,57.750000,,39.970000,,,53.000000,57.000000,10360.970000,,,,,,,,,,,,,
2019-08-27,55.713300,57477.000000,60.000000,,40.050000,,,54.000000,58.000000,10167.290000,,,,,,,,,,,,,
2019-08-28,58.075000,56953.000000,57.937500,,40.080000,,,56.000000,60.000000,9711.780000,,,,,,,,,,,,,
2019-08-29,58.200000,56044.000000,57.562500,,40.110000,,,56.000000,60.000000,9490.000000,,,,,,,,,,,,,
2019-08-30,59.075000,54100.000000,58.062500,,40.140000,,,57.000000,61.000000,9579.750000,,,,,,,,,,,,,
2019-08-31,,,,,40.160000,4.000000,54.500000,58.000000,62.000000,9594.150000,,,,,,,,,,,,,
2019-09-01,,,,,40.160000,,,58.000000,62.000000,9767.530000,,,,,,,,,,,,,
2019-09-02,57.091700,53146.000000,59.187500,,40.160000,,,56.000000,60.000000,10384.480000,,,,,,,,,,,,,
2019-09-03,55.783300,52151.000000,60.687500,,40.250000,,,53.000000,58.000000,10617.610000,,,,,,,,,,,,,
2019-09-04,55.935000,51741.000000,59.875000,,40.280000,,,53.000000,58.000000,10586.260000,,,,,,,,,,,,,
2019-09-05,56.004200,51295.000000,60.437500,,40.310000,,,54.000000,58.000000,10573.660000,,,,,,,,,,,,,
2019-09-06,55.908300,50952.000000,60.937500,,40.330000,,,54.000000,58.000000,10311.090000,,,,,,,,,,,,,
2019-09-07,,,,,40.360000,,,54.000000,58.000000,10484.390000,,,,,,,,,,,,,
2019-09-08,,,,,40.360000,,,54.000000,58.000000,10400.180000,,,,,,,,,,,,,
2019-09-09,55.943300,50646.000000,59.187500,,40.360000,,,54.000000,58.000000,10307.450000,,,,,,,,,,,,,
2019-09-10,56.068300,50378.000000,61.000000,,40.450000,,,54.000000,58.000000,10096.000000,,,,,,,,,,,,,
2019-09-11,56.105000,50236.000000,60.437500,,40.480000,,,54.000000,58.000000,10154.460000,,,,,,,,,,,,,
2019-09-12,56.180000,50163.000000,60.500000,,40.500000,,,54.000000,58.000000,10420.340000,,,,,,,,,,,,,
2019-09-13,56.152500,50089.000000,60.750000,,40.530000,,,54.000000,58.000000,10368.650000,,,,,,,,,,,,,
2019-09-14,,,,,40.560000,,,54.000000,58.000000,10355.370000,,,,,,,,,,,,,
2019-09-15,,,,,40.560000,,,54.000000,58.000000,10305.740000,,,,,,,,,,,,,
2019-09-16,56.251700,49973.000000,60.187500,,40.560000,,,55.000000,59.000000,10269.980000,,,,,,,,,,,,,
2019-09-17,56.450800,49881.000000,60.125000,,40.670000,,,55.000000,59.000000,10195.730000,,,,,,,,,,,,,
2019-09-18,56.502500,49818.000000,60.437500,,40.720000,,,55.000000,59.000000,10152.090000,,,,,,,,,,,,,
2019-09-19,56.606700,49729.000000,59.875000,,40.780000,,,55.000000,59.000000,10271.530000,,,,,,,,,,,,,
2019-09-20,56.618300,49602.000000,59.375000,,40.830000,,,55.000000,59.000000,10169.020000,,,,,,,,,,,,,
2019-09-21,,,,,40.880000,,,55.000000,59.000000,9985.280000,,,,,,,,,,,,,
2019-09-22,,,,,40.880000,,,55.000000,59.000000,10020.580000,,,,,,,,,,,,,
2019-09-23,56.928200,49498.000000,59.812500,,40.880000,,,55.000000,59.000000,9682.190000,,,,,,,,,,,,,
2019-09-24,56.936700,49444.000000,59.250000,,41.040000,,,55.000000,59.000000,8536.820000,,,,,,,,,,,,,
2019-09-25,57.007500,49312.000000,58.875000,,41.100000,,,55.000000,59.000000,8432.160000,,,,,,,,,,,,,
2019-09-26,57.180000,49231.000000,59.562500,,41.150000,,,55.000000,59.000000,8055.030000,,,,,,,,,,,,,
2019-09-27,57.317500,48941.000000,59.625000,,41.210000,,,56.000000,60.000000,8187.720000,,,,,,,,,,,,,
2019-09-28,,,,,41.260000,,,56.000000,60.000000,8218.070000,,,,,,,,,,,,,
2019-09-29,,,,,41.260000,,,56.000000,60.000000,8047.600000,,,,,,,,,,,,,
2019-09-30,57.558300,48703.000000,58.875000,,41.260000,5.900000,53.500000,56.000000,60.000000,8298.450000,,,,,,,,,,,,,
2019-10-01,57.696700,48488.000000,59.937500,,41.420000,,,56.000000,60.000000,8319.010000,,,,,,,,,,,,,
2019-10-02,57.888300,48346.000000,59.375000,,41.480000,,,56.000000,60.000000,8373.420000,,,,,,,,,,,,,
2019-10-03,57.762500,48248.000000,59.187500,,41.530000,,,56.000000,60.000000,8239.920000,,,,,,,,,,,,,
2019-10-04,57.713300,48177.000000,57.875000,,41.580000,,,56.000000,60.000000,8152.070000,,,,,,,,,,,,,
2019-10-05,,,,,41.640000,,,56.000000,60.000000,8145.170000,,,,,,,,,,,,,
2019-10-06,,,,,41.640000,,,56.000000,60.000000,7854.120000,,,,,,,,,,,,,
2019-10-07,57.872500,48075.000000,57.750000,,41.640000,,,56.000000,60.000000,8205.530000,,,,,,,,,,,,,
2019-10-08,57.837500,47957.000000,57.937500,,41.800000,,,56.000000,60.000000,8178.540000,,,,,,,,,,,,,
2019-10-09,57.957500,47916.000000,56.687500,,41.860000,,,56.000000,60.000000,8586.340000,,,,,,,,,,,,,
2019-10-10,57.982800,47855.000000,57.187500,,41.910000,,,56.000000,60.000000,8582.110000,,,,,,,,,,,,,
2019-10-11,58.050000,47859.000000,55.500000,,41.970000,,,56.000000,60.000000,8265.550000,,,,,,,,,,,,,
2019-10-12,,,,,42.020000,,,56.000000,60.000000,8303.430000,,,,,,,,,,,,,
2019-10-13,,,,,42.020000,,,56.000000,60.000000,8282.960000,,,,,,,,,,,,,
2019-10-14,,,,,42.020000,,,56.000000,60.000000,8362.990000,,,,,,,,,,,,,
2019-10-15,58.235000,47780.000000,55.687500,,42.020000,,,56.000000,60.000000,8155.130000,,,,,,,,,,,,,
2019-10-16,58.333300,47647.000000,54.812500,,42.240000,,,56.000000,60.000000,7995.890000,,,,,,,,,,,,,
2019-10-17,58.314200,47596.000000,55.062500,,42.320000,,,57.000000,61.000000,8073.320000,,,,,,,,,,,,,
2019-10-18,58.344700,47445.000000,55.250000,,42.400000,,,57.000000,61.000000,7955.080000,,,,,,,,,,,,,
2019-10-19,,,,,42.480000,,,57.000000,61.000000,7960.490000,,,,,,,,,,,,,
2019-10-20,,,,,42.480000,,,57.000000,61.000000,8235.740000,,,,,,,,,,,,,
2019-10-21,58.521700,46886.000000,53.875000,,42.480000,,,57.000000,61.000000,8213.650000,,,,,,,,,,,,,
2019-10-22,58.653300,46593.000000,55.062500,,42.710000,,,57.000000,61.000000,8025.900000,,,,,,,,,,,,,
2019-10-23,58.936700,46145.000000,54.375000,,42.790000,,,58.000000,62.000000,7470.770000,,,,,,,,,,,,,
2019-10-24,59.341700,45171.000000,53.437500,,42.870000,,,59.000000,63.000000,7435.000000,,,,,,,,,,,,,
2019-10-25,60.003300,43551.000000,50.250000,,42.950000,,,60.000000,64.000000,8662.660000,,,,,,,,,,,,,
2019-10-26,,,,,43.030000,,,61.000000,65.000000,9252.750000,,,,,,,,,,,,,
2019-10-27,,,,,43.030000,,,61.000000,65.000000,9557.080000,,,,,,,,,,,,,
2019-10-28,59.466700,43406.000000,53.562500,,43.030000,,,60.000000,64.000000,9216.440000,,,,,,,,,,,,,
2019-10-29,59.456700,43311.000000,51.125000,,43.270000,,,58.000000,63.000000,9426.940000,,,,,,,,,,,,,
2019-10-30,59.583300,43273.000000,50.062500,,43.350000,,,58.000000,63.000000,9159.940000,,,,,,,,,,,,,
2019-10-31,59.726700,43260.000000,48.687500,,43.430000,3.300000,50.500000,58.000000,63.000000,9150.070000,,,,,,,,,,,,,
2019-11-01,59.758300,43292.000000,48.437500,,43.510000,,,58.000000,63.000000,9250.450000,,,,,,,,,,,,,
2019-11-02,,,,,43.590000,,,58.000000,63.000000,9304.750000,,,,,,,,,,,,,
2019-11-03,,,,,43.590000,,,58.000000,63.000000,9207.000000,,,,,,,,,,,,,
2019-11-04,59.761700,43324.000000,47.687500,,43.590000,,,58.000000,63.000000,9410.760000,,,,,,,,,,,,,
2019-11-05,59.681700,43381.000000,47.625000,,43.830000,,,58.000000,63.000000,9320.140000,,,,,,,,,,,,,
2019-11-06,,,,,43.910000,,,58.000000,63.000000,9344.780000,,,,,,,,,,,,,
2019-11-07,59.597700,43106.000000,46.500000,,43.910000,,,58.000000,63.000000,9199.360000,,,,,,,,,,,,,
2019-11-08,59.544200,43338.000000,47.500000,,44.080000,,,58.000000,63.000000,8767.370000,,,,,,,,,,,,,
2019-11-09,,,,,44.160000,,,58.000000,63.000000,8812.210000,,,,,,,,,,,,,
2019-11-10,,,,,44.160000,,,58.000000,63.000000,9024.490000,,,,,,,,,,,,,
2019-11-11,59.746700,43272.000000,46.500000,,44.160000,,,58.000000,63.000000,8720.360000,,,,,,,,,,,,,
2019-11-12,59.745200,43418.000000,46.437500,,44.400000,,,58.000000,63.000000,8813.910000,,,,,,,,,,,,,
2019-11-13,59.744200,43474.000000,46.250000,,44.490000,,,58.000000,63.000000,8755.240000,,,,,,,,,,,,,
2019-11-14,59.725800,43558.000000,45.687500,,44.570000,,,58.000000,63.000000,8636.900000,,,,,,,,,,,,,
2019-11-15,59.685000,43508.000000,47.187500,,44.650000,,,58.000000,63.000000,8463.490000,,,,,,,,,,,,,
2019-11-16,,,,,44.730000,,,58.000000,63.000000,8484.630000,,,,,,,,,,,,,
2019-11-17,,,,,44.730000,,,58.000000,63.000000,8499.310000,,,,,,,,,,,,,
2019-11-18,,,,,44.730000,,,58.000000,63.000000,8170.650000,,,,,,,,,,,,,
2019-11-19,59.712500,43533.000000,45.375000,,44.730000,,,58.000000,63.000000,8121.630000,,,,,,,,,,,,,
2019-11-20,59.723000,43498.000000,45.125000,,44.930000,,,58.000000,63.000000,8088.440000,,,,,,,,,,,,,
2019-11-21,59.750000,43538.000000,45.312500,,44.980000,,,58.000000,63.000000,7611.510000,,,,,,,,,,,,,
2019-11-22,59.794200,43589.000000,45.062500,,45.030000,,,58.000000,63.000000,7285.850000,,,,,,,,,,,,,
2019-11-23,,,,,45.070000,,,58.000000,63.000000,7320.390000,,,,,,,,,,,,,
2019-11-24,,,,,45.070000,,,58.000000,63.000000,6908.360000,,,,,,,,,,,,,
2019-11-25,59.745000,43692.000000,44.562500,,45.070000,,,58.000000,63.000000,7122.140000,,,,,,,,,,,,,
2019-11-26,59.716700,43739.000000,45.375000,,45.220000,,,58.000000,63.000000,7159.220000,,,,,,,,,,,,,
2019-11-27,59.878300,43765.000000,44.375000,,45.270000,,,58.000000,63.000000,7527.840000,,,,,,,,,,,,,
2019-11-28,59.850000,43736.000000,44.562500,,45.320000,,,58.000000,63.000000,7436.720000,,,,,,,,,,,,,
2019-11-29,59.863300,43772.000000,44.187500,,45.370000,,,58.000000,63.000000,7753.690000,,,,,,,,,,,,,
2019-11-30,,,,,45.420000,4.300000,52.100000,58.000000,63.000000,7550.670000,,,,,,,,,,,,,
2019-12-01,,,,,45.420000,,,58.000000,63.000000,7412.660000,,,,,,,,,,,,,
2019-12-02,59.951700,43731.000000,44.187500,,45.420000,,,58.000000,63.000000,7309.640000,,,,,,,,,,,,,
2019-12-03,59.938300,43750.000000,44.312500,,45.570000,,,58.000000,63.000000,7300.430000,,,,,,,,,,,,,
2019-12-04,59.905800,43748.000000,43.500000,,45.610000,,,58.000000,63.000000,7197.780000,,,,,,,,,,,,,
2019-12-05,59.944200,43731.000000,43.937500,,45.660000,,,59.000000,63.000000,7390.420000,,,,,,,,,,,,,
2019-12-06,59.957500,43797.000000,42.687500,,45.710000,,,58.000000,63.000000,7541.790000,,,,,,,,,,,,,
2019-12-07,,,,,45.760000,,,58.000000,63.000000,7502.650000,,,,,,,,,,,,,
2019-12-08,,,,,45.760000,,,58.000000,63.000000,7524.260000,,,,,,,,,,,,,
2019-12-09,59.951200,43787.000000,42.500000,,45.760000,,,59.000000,63.000000,7340.520000,,,,,,,,,,,,,
2019-12-10,59.960800,43785.000000,42.875000,,45.910000,,,59.000000,63.000000,7216.070000,,,,,,,,,,,,,
2019-12-11,59.834200,43912.000000,42.312500,,45.960000,,,58.000000,63.000000,7207.420000,,,,,,,,,,,,,
2019-12-12,59.832200,44089.000000,42.312500,,46.010000,,,58.000000,63.000000,7188.420000,,,,,,,,,,,,,
2019-12-13,59.817000,44248.000000,41.875000,,46.060000,,,58.000000,63.000000,7257.470000,,,,,,,,,,,,,
2019-12-14,,,,,46.110000,,,58.000000,63.000000,7059.030000,,,,,,,,,,,,,
2019-12-15,,,,,46.110000,,,58.000000,63.000000,7115.080000,,,,,,,,,,,,,
2019-12-16,59.841700,44225.000000,41.625000,,46.110000,,,58.000000,63.000000,6882.190000,,,,,,,,,,,,,
2019-12-17,59.822700,44294.000000,41.250000,,46.270000,,,58.000000,63.000000,6612.300000,,,,,,,,,,,,,
2019-12-18,59.821200,44320.000000,41.625000,,46.340000,,,58.000000,63.000000,7286.910000,,,,,,,,,,,,,
2019-12-19,59.817200,44561.000000,40.875000,,46.400000,,,58.000000,63.000000,7149.570000,,,,,,,,,,,,,
2019-12-20,59.818500,44788.000000,40.500000,,46.460000,,,58.000000,63.000000,7194.110000,,,,,,,,,,,,,
2019-12-21,,,,,46.530000,,,58.000000,63.000000,7147.400000,,,,,,,,,,,,,
2019-12-22,,,,,46.530000,,,58.000000,63.000000,7509.700000,,,,,,,,,,,,,
2019-12-23,59.863300,44839.000000,40.750000,,46.530000,,,58.000000,63.000000,7316.170000,,,,,,,,,,,,,
2019-12-24,,,,,46.720000,,,58.000000,63.000000,7251.520000,,,,,,,,,,,,,
2019-12-25,,,,,46.780000,,,58.000000,63.000000,7195.790000,,,,,,,,,,,,,
2019-12-26,59.917500,45093.000000,40.250000,,46.780000,,,58.000000,63.000000,7188.300000,,,,,,,,,,,,,
2019-12-27,59.890800,45190.000000,40.312500,,46.910000,,,58.000000,63.000000,7246.000000,,,,,,,,,,,,,
2019-12-28,,,,,46.970000,,,58.000000,63.000000,7296.240000,,,,,,,,,,,,,
2019-12-29,,,,,46.970000,,,58.000000,63.000000,7385.540000,,,,,,,,,,,,,
2019-12-30,59.895000,44848.000000,39.437500,,46.970000,,,58.000000,63.000000,7220.240000,,,,,,,,,,,,,
2019-12-31,,,,,47.160000,3.700000,53.800000,58.000000,63.000000,7168.360000,,,,,,,,,,,,,
2020-01-01,,,,,47.230000,,,58.000000,63.000000,7178.680000,,,,,,,,,,,,,
2020-01-02,59.851800,44839.000000,38.875000,,47.230000,,,58.000000,63.000000,6950.560000,,,,,,,,,,,,,
2020-01-03,59.833500,44872.000000,38.750000,,47.350000,,,58.000000,63.000000,7338.910000,,,,,,,,,,,,,
2020-01-04,,,,,47.420000,,,58.000000,63.000000,7344.480000,,,,,,,,,,,,,
2020-01-05,,,,,47.420000,,,58.000000,63.000000,7356.700000,,,,,,,,,,,,,
2020-01-06,59.819000,44904.000000,38.750000,,47.420000,,,58.000000,63.000000,7762.740000,,,,,,,,,,,,,
2020-01-07,59.819500,45080.000000,38.250000,,47.610000,,,58.000000,63.000000,8159.010000,,,,,,,,,,,,,
2020-01-08,59.817700,45162.000000,37.562500,,47.680000,,,58.000000,63.000000,8044.440000,,,,,,,,,,,,,
2020-01-09,59.815200,45419.000000,38.000000,,47.740000,,,58.000000,63.000000,7806.780000,,,,,,,,,,,,,
2020-01-10,59.816300,45376.000000,37.562500,,47.810000,,,58.000000,63.000000,8200.000000,,,,,,,,,,,,,
2020-01-11,,,,,47.870000,,,58.000000,63.000000,8016.220000,,,,,,,,,,,,,
2020-01-12,,,,,47.870000,,,58.000000,63.000000,8180.760000,,,,,,,,,,,,,
2020-01-13,59.880000,45317.000000,37.125000,,47.870000,,,58.000000,63.000000,8105.010000,,,,,,,,,,,,,
2020-01-14,60.036700,45078.000000,36.500000,,48.070000,,,58.000000,63.000000,8813.040000,,,,,,,,,,,,,
2020-01-15,60.007500,45291.000000,36.312500,,48.130000,,,58.000000,63.000000,8809.170000,,,,,,,,,,,,,
2020-01-16,59.995000,45364.000000,36.125000,,48.200000,,,58.000000,63.000000,8710.150000,,,,,,,,,,,,,
2020-01-17,60.011300,45492.000000,35.375000,,48.250000,,,58.000000,63.000000,8892.630000,,,,,,,,,,,,,
2020-01-18,,,,,48.310000,,,58.000000,63.000000,8908.530000,,,,,,,,,,,,,
2020-01-19,,,,,48.310000,,,58.000000,63.000000,8696.600000,,,,,,,,,,,,,
2020-01-20,60.033300,45457.000000,35.375000,,48.310000,,,58.000000,63.000000,8625.170000,,,,,,,,,,,,,
2020-01-21,60.059200,45363.000000,34.937500,,48.480000,,,58.000000,63.000000,8717.890000,,,,,,,,,,,,,
2020-01-22,60.114800,45421.000000,34.937500,,48.540000,,,58.000000,63.000000,8655.930000,,,,,,,,,,,,,
2020-01-23,60.090800,45387.000000,34.562500,,48.590000,,,58.000000,63.000000,8378.440000,,,,,,,,,,,,,
2020-01-24,60.102500,45243.000000,34.875000,,48.650000,,,58.000000,63.000000,8422.130000,,,,,,,,,,,,,
2020-01-25,,,,,48.710000,,,58.000000,63.000000,8329.500000,,,,,,,,,,,,,
2020-01-26,,,,,48.710000,,,58.000000,63.000000,8590.480000,,,,,,,,,,,,,
2020-01-27,60.140800,45158.000000,34.312500,,48.710000,,,58.000000,63.000000,8894.540000,,,,,,,,,,,,,
2020-01-28,60.180800,45105.000000,34.500000,,48.880000,,,58.000000,63.000000,9400.000000,,,,,,,,,,,,,
2020-01-29,60.236700,45064.000000,34.312500,,48.940000,,,58.000000,63.000000,9289.180000,,,,,,,,,,,,,
2020-01-30,60.247500,45014.000000,34.312500,,49.000000,,,58.000000,63.000000,9500.000000,,,,,,,,,,,,,
2020-01-31,60.331200,44917.000000,34.000000,,49.050000,2.300000,52.900000,58.000000,63.000000,9327.850000,,,,,,,,,,,,,
2020-02-01,,,,,49.110000,,,58.000000,63.000000,9377.170000,,,,,,,,,,,,,
2020-02-02,,,,,49.110000,,,58.000000,63.000000,9329.390000,,,,,,,,,,,,,
2020-02-03,60.432500,44770.000000,34.312500,,49.110000,,,58.000000,63.000000,9288.090000,,,,,,,,,,,,,
2020-02-04,60.579000,44632.000000,34.687500,,49.280000,,,58.000000,63.000000,9159.370000,,,,,,,,,,,,,
2020-02-05,60.576300,44645.000000,34.250000,,49.340000,,,58.000000,63.000000,9618.420000,,,,,,,,,,,,,
2020-02-06,60.673200,44666.000000,34.687500,,49.400000,,,57.000000,63.000000,9754.630000,,,,,,,,,,,,,
2020-02-07,60.774500,44675.000000,34.125000,,49.460000,,,57.000000,63.000000,9803.420000,,,,,,,,,,,,,
2020-02-08,,,,,49.510000,,,57.000000,63.000000,9902.000000,,,,,,,,,,,,,
2020-02-09,,,,,49.510000,,,57.000000,63.000000,10173.970000,,,,,,,,,,,,,
2020-02-10,60.968800,44682.000000,34.500000,,49.510000,,,57.000000,63.000000,9850.010000,,,,,,,,,,,,,
2020-02-11,61.112000,44688.000000,35.187500,,49.690000,,,57.000000,63.000000,10268.980000,,,,,,,,,,,,,
2020-02-12,61.229700,44701.000000,34.375000,,49.750000,,,58.000000,64.000000,10348.780000,,,,,,,,,,,,,
2020-02-13,61.380800,44719.000000,35.250000,,49.810000,,,58.000000,64.000000,10228.670000,,,,,,,,,,,,,
2020-02-14,61.452200,44744.000000,34.062500,,49.860000,,,58.000000,64.000000,10364.040000,,,,,,,,,,,,,
2020-02-15,,,,,49.920000,,,58.000000,64.000000,9899.780000,,,,,,,,,,,,,
2020-02-16,,,,,49.920000,,,58.000000,64.000000,9912.890000,,,,,,,,,,,,,
2020-02-17,61.655000,44758.000000,33.937500,,49.920000,,,58.000000,64.000000,9697.150000,,,,,,,,,,,,,
2020-02-18,61.664500,44719.000000,32.875000,,50.060000,,,59.000000,64.000000,10185.170000,,,,,,,,,,,,,
2020-02-19,61.723300,44705.000000,33.437500,,50.100000,,,59.000000,64.000000,9595.720000,,,,,,,,,,,,,
2020-02-20,61.785000,44717.000000,33.000000,,50.140000,,,59.000000,64.000000,9612.760000,,,,,,,,,,,,,
2020-02-21,61.834800,44726.000000,31.875000,,50.180000,,,59.000000,64.000000,9696.130000,,,,,,,,,,,,,
2020-02-22,,,,,50.220000,,,59.000000,64.000000,9668.130000,,,,,,,,,,,,,
2020-02-23,,,,,50.220000,,,59.000000,64.000000,9965.210000,,,,,,,,,,,,,
2020-02-24,,,,,50.220000,,,59.000000,64.000000,9652.580000,,,,,,,,,,,,,
2020-02-25,,,,,50.220000,,,59.000000,64.000000,9305.400000,,,,,,,,,,,,,
2020-02-26,62.084200,44710.000000,31.125000,,50.220000,,,59.000000,64.000000,8779.360000,,,,,,,,,,,,,
2020-02-27,62.137500,44791.000000,31.062500,,50.410000,,,59.000000,64.000000,8816.500000,,,,,,,,,,,,,
2020-02-28,62.208000,44791.000000,31.812500,,50.450000,,,59.000000,64.000000,8703.840000,,,,,,,,,,,,,
2020-02-29,,,,,50.490000,2.000000,50.300000,59.000000,64.000000,8527.740000,,,,,,,,,,,,,
2020-03-01,,,,,50.490000,,,59.000000,64.000000,8528.950000,,,,,,,,,,,,,
2020-03-02,62.250300,44803.000000,31.000000,,50.490000,,,59.000000,64.000000,8917.340000,,,,,,,,,,,,,
2020-03-03,62.300200,44819.000000,31.187500,,50.610000,,,59.000000,64.000000,8755.450000,,,,,,,,,,,,,
2020-03-04,62.357700,44832.000000,30.500000,,50.650000,,,60.000000,65.000000,8753.280000,,,,,,,,,,,,,
2020-03-05,62.418000,44838.000000,30.437500,,50.690000,,,59.000000,64.000000,9066.650000,,,,,,,,,,,,,
2020-03-06,62.479300,44857.000000,29.875000,,50.730000,,,60.000000,65.000000,9153.790000,,,,,,,,,,,,,
2020-03-07,,,,,50.770000,,,60.000000,65.000000,8893.930000,,,,,,,,,,,,,
2020-03-08,,,,,50.770000,,,60.000000,65.000000,8033.700000,,,,,,,,,,,,,
2020-03-09,62.529800,44778.000000,29.562500,,50.770000,,,60.000000,65.000000,7936.250000,,,,,,,,,,,,,
2020-03-10,62.589800,44785.000000,29.750000,,50.890000,,,60.000000,65.000000,7885.920000,,,,,,,,,,,,,
2020-03-11,62.669700,44775.000000,29.812500,,50.930000,,,60.000000,65.000000,7934.570000,,,,,,,,,,,,,
2020-03-12,62.818200,44439.000000,29.500000,,50.970000,,,60.000000,65.000000,4841.670000,,,,,,,,,,,,,
2020-03-13,62.899200,44359.000000,29.312500,,51.010000,,,60.000000,65.000000,5622.740000,,,,,,,,,,,,,
2020-03-14,,,,,51.050000,,,60.000000,65.000000,5169.370000,,,,,,,,,,,,,
2020-03-15,,,,,51.050000,,,60.000000,65.000000,5343.640000,,,,,,,,,,,,,
2020-03-16,63.039800,44308.000000,29.500000,,51.050000,,,60.000000,65.000000,5033.420000,,,,,,,,,,,,,
2020-03-17,63.175000,44236.000000,29.500000,,51.160000,,,60.000000,65.000000,5324.990000,,,,,,,,,,,,,
2020-03-18,63.330000,44040.000000,29.500000,,51.200000,,,60.000000,65.000000,5406.920000,,,,,,,,,,,,,
2020-03-19,63.549700,43925.000000,29.312500,,51.230000,,,61.000000,66.000000,6181.180000,,,,,,,,,,,,,
2020-03-20,63.768800,43822.000000,29.000000,,51.260000,,,61.000000,66.000000,6210.140000,,,,,,,,,,,,,
2020-03-21,,,,,51.290000,,,61.000000,66.000000,6187.780000,,,,,,,,,,,,,
2020-03-22,,,,,51.290000,,,61.000000,66.000000,5813.150000,,,,,,,,,,,,,
2020-03-23,,,,,51.290000,,,61.000000,66.000000,6493.510000,,,,,,,,,,,,,
2020-03-24,,,,,51.290000,,,61.000000,66.000000,6768.640000,,,,,,,,,,,,,
2020-03-25,64.047300,43854.000000,29.312500,,51.290000,,,61.000000,66.000000,6692.220000,,,,,,,,,,,,,
2020-03-26,64.229500,43862.000000,29.375000,,51.460000,,,61.000000,66.000000,6760.720000,,,,,,,,,,,,,
2020-03-27,64.409500,43728.000000,27.750000,,51.490000,,,61.000000,66.000000,6376.030000,,,,,,,,,,,,,
2020-03-28,,,,,51.520000,,,61.000000,66.000000,6253.080000,,,,,,,,,,,,,
2020-03-29,,,,,51.520000,,,61.000000,66.000000,5870.900000,,,,,,,,,,,,,
2020-03-30,64.469700,43561.000000,27.562500,,51.520000,,,61.000000,67.000000,6407.770000,,,,,,,,,,,,,
2020-03-31,,,,,51.620000,3.300000,48.400000,62.000000,67.000000,6421.140000,,,,,,,,,,,,,
2020-04-01,64.529500,43588.000000,27.000000,,51.660000,,,62.000000,67.000000,6652.070000,,,,,,,,,,,,,
2020-04-02,64.716500,43631.000000,26.125000,,51.690000,,,62.000000,67.000000,6801.990000,,,,,,,,,,,,,
2020-04-03,64.906500,43650.000000,25.750000,,51.690000,,,62.000000,67.000000,6742.570000,,,,,,,,,,,,,
2020-04-04,,,,,51.760000,,,62.000000,67.000000,6879.610000,,,,,,,,,,,,,
2020-04-05,,,,,51.760000,,,62.000000,67.000000,6775.200000,,,,,,,,,,,,,
2020-04-06,64.988000,43702.000000,25.125000,,51.760000,,,62.000000,67.000000,7352.430000,,,,,,,,,,,,,
2020-04-07,65.069500,43724.000000,23.062500,,51.850000,,,62.000000,67.000000,7202.730000,,,,,,,,,,,,,
2020-04-08,65.159500,43804.000000,21.937500,,51.890000,,,63.000000,68.000000,7367.360000,,,,,,,,,,,,,
2020-04-09,,,,,51.920000,,,62.000000,67.000000,7293.930000,,,,,,,,,,,,,
2020-04-10,,,,,51.920000,,,62.000000,67.000000,6877.030000,,,,,,,,,,,,,
2020-04-11,,,,,51.920000,,,62.000000,67.000000,6883.180000,,,,,,,,,,,,,
2020-04-12,,,,,51.920000,,,62.000000,67.000000,6908.240000,,,,,,,,,,,,,
2020-04-13,65.379500,43862.000000,21.000000,,51.920000,,,62.000000,67.000000,6864.220000,,,,,,,,,,,,,
2020-04-14,65.498000,43886.000000,18.125000,,52.090000,,,62.000000,67.000000,6879.750000,,,,,,,,,,,,,
2020-04-15,65.619500,43844.000000,18.250000,,52.120000,,,63.000000,68.000000,6619.000000,,,,,,,,,,,,,
2020-04-16,65.739500,43852.000000,16.875000,,52.150000,,,63.000000,68.000000,7111.670000,,,,,,,,,,,,,
2020-04-17,65.859500,43817.000000,16.875000,,52.210000,,,63.000000,68.000000,7024.190000,,,,,,,,,,,,,
2020-04-18,,,,,52.270000,,,63.000000,68.000000,7262.260000,,,,,,,,,,,,,
2020-04-19,,,,,52.270000,,,63.000000,68.000000,7126.400000,,,,,,,,,,,,,
2020-04-20,65.977800,43826.000000,18.250000,,52.270000,,,63.000000,68.000000,6841.000000,,,,,,,,,,,,,
2020-04-21,66.089500,43780.000000,17.437500,,52.440000,,,63.000000,68.000000,6854.980000,,,,,,,,,,,,,
2020-04-22,66.225000,43735.000000,16.187500,,52.490000,,,63.000000,68.000000,7137.790000,,,,,,,,,,,,,
2020-04-23,66.316700,43751.000000,15.937500,,52.550000,,,63.000000,68.000000,7484.580000,,,,,,,,,,,,,
2020-04-24,66.425000,43696.000000,18.312500,,52.610000,,,64.000000,69.000000,7505.530000,,,,,,,,,,,,,
2020-04-25,,,,,52.660000,,,64.000000,69.000000,7547.560000,,,,,,,,,,,,,
2020-04-26,,,,,52.660000,,,64.000000,69.000000,7701.730000,,,,,,,,,,,,,
2020-04-27,66.525000,43646.000000,18.312500,,52.660000,,,64.000000,69.000000,7786.410000,,,,,,,,,,,,,
2020-04-28,66.635000,43590.000000,18.375000,,52.840000,,,64.000000,69.000000,7767.790000,,,,,,,,,,,,,
2020-04-29,66.745000,43545.000000,18.312500,,52.890000,,,64.000000,69.000000,8790.320000,,,,,,,,,,,,,
2020-04-30,66.835000,43568.000000,18.437500,,52.950000,1.500000,45.600000,64.000000,69.000000,8627.320000,,,,,,,,,,,,,
2020-05-01,,,,,53.010000,,,64.000000,69.000000,8832.440000,,,,,,,,,,,,,
2020-05-02,,,,,53.010000,,,64.000000,69.000000,8983.790000,,,,,,,,,,,,,
2020-05-03,,,,,53.010000,,,64.000000,69.000000,8915.980000,,,,,,,,,,,,,
2020-05-04,66.925000,43565.000000,21.062500,,53.010000,,,64.000000,69.000000,8882.870000,,,,,,,,,,,,,
2020-05-05,67.005000,43589.000000,19.875000,,53.240000,,,64.000000,69.000000,9034.850000,,,,,,,,,,,,,
2020-05-06,67.095000,43400.000000,20.062500,,53.290000,,,64.000000,69.000000,9154.320000,,,,,,,,,,,,,
2020-05-07,67.185000,43411.000000,19.812500,,53.350000,,,64.000000,69.000000,10000.000000,,,,,,,,,,,,,
2020-05-08,67.275000,43415.000000,20.625000,,53.410000,,,65.000000,70.000000,9801.350000,,,,,,,,,,,,,
2020-05-09,,,,,53.470000,,,65.000000,70.000000,9546.560000,,,,,,,,,,,,,
2020-05-10,,,,,53.470000,,,65.000000,70.000000,8731.170000,,,,,,,,,,,,,
2020-05-11,67.365000,43348.000000,21.062500,,53.470000,,,65.000000,70.000000,8571.980000,,,,,,,,,,,,,
2020-05-12,67.455000,43351.000000,20.562500,,53.640000,,,65.000000,69.000000,8825.460000,,,,,,,,,,,,,
2020-05-13,67.545000,43263.000000,21.812500,,53.700000,,,65.000000,70.000000,9315.500000,,,,,,,,,,,,,
2020-05-14,67.635000,43215.000000,20.750000,,53.760000,,,66.000000,70.000000,9793.500000,,,,,,,,,,,,,
2020-05-15,67.725000,43137.000000,22.625000,,53.820000,,,65.000000,70.000000,9306.210000,,,,,,,,,,,,,
2020-05-16,,,,,53.870000,,,65.000000,70.000000,9389.070000,,,,,,,,,,,,,
2020-05-17,,,,,53.870000,,,65.000000,70.000000,9665.700000,,,,,,,,,,,,,
2020-05-18,67.815000,43047.000000,26.437500,,53.870000,,,65.000000,70.000000,9721.910000,,,,,,,,,,,,,
2020-05-19,67.905000,42980.000000,26.250000,,53.950000,,,65.000000,70.000000,9787.650000,,,,,,,,,,,,,
2020-05-20,67.995000,42949.000000,26.500000,,53.980000,,,65.000000,70.000000,9516.510000,,,,,,,,,,,,,
2020-05-21,68.085000,42839.000000,26.500000,,54.000000,,,65.000000,70.000000,9062.470000,,,,,,,,,,,,,
2020-05-22,68.175000,42738.000000,26.187500,,54.030000,,,65.000000,70.000000,9171.960000,,,,,,,,,,,,,
2020-05-23,,,,,54.060000,,,65.000000,70.000000,9183.460000,,,,,,,,,,,,,
2020-05-24,,,,,54.060000,,,65.000000,70.000000,8718.770000,,,,,,,,,,,,,
2020-05-25,,,,,54.060000,,,66.000000,71.000000,8903.560000,,,,,,,,,,,,,
2020-05-26,68.265000,42629.000000,25.687500,,54.060000,,,66.000000,71.000000,8840.910000,,,,,,,,,,,,,
2020-05-27,68.355000,42499.000000,26.437500,,54.160000,,,66.000000,71.000000,9210.000000,,,,,,,,,,,,,
2020-05-28,68.445000,42448.000000,26.500000,,54.190000,,,66.000000,71.000000,9577.380000,,,,,,,,,,,,,
2020-05-29,68.535000,42589.000000,26.562500,,54.210000,,,66.000000,71.000000,9421.040000,,,,,,,,,,,,,
2020-05-30,,,,,54.240000,,,66.000000,71.000000,9705.100000,,,,,,,,,,,,,
2020-05-31,,,,,54.240000,1.500000,43.400000,66.000000,71.000000,9446.190000,,,,,,,,,,,,,
2020-06-01,68.625000,42609.000000,28.500000,,54.240000,,,66.000000,71.000000,10203.640000,,,,,,,,,,,,,
2020-06-02,68.715000,42660.000000,29.000000,,54.320000,,,66.000000,71.000000,9525.730000,,,,,,,,,,,,,
2020-06-03,68.805000,42670.000000,29.562500,,54.340000,,,66.000000,71.000000,9668.990000,,,,,,,,,,,,,
2020-06-04,68.895000,42748.000000,29.750000,,54.370000,,,66.000000,71.000000,9791.920000,,,,,,,,,,,,,
2020-06-05,68.985000,42814.000000,29.562500,,54.390000,,,66.000000,71.000000,9619.990000,,,,,,,,,,,,,
2020-06-06,,,,,54.420000,,,66.000000,71.000000,9669.850000,,,,,,,,,,,,,
2020-06-07,,,,,54.420000,,,66.000000,71.000000,9750.040000,,,,,,,,,,,,,
2020-06-08,69.075000,42883.000000,29.562500,,54.420000,,,67.000000,72.000000,9783.000000,,,,,,,,,,,,,
2020-06-09,69.165000,42988.000000,29.875000,,54.500000,,,67.000000,72.000000,9776.840000,,,,,,,,,,,,,
2020-06-10,69.255000,43041.000000,29.500000,,54.530000,,,67.000000,72.000000,9894.320000,,,,,,,,,,,,,
2020-06-11,69.315000,43122.000000,29.687500,,54.550000,,,67.000000,72.000000,9264.260000,,,,,,,,,,,,,
2020-06-12,69.375000,43126.000000,29.187500,,54.580000,,,68.000000,72.000000,9463.070000,,,,,,,,,,,,,
2020-06-13,,,,,54.600000,,,68.000000,72.000000,9473.460000,,,,,,,,,,,,,
2020-06-14,,,,,54.600000,,,68.000000,72.000000,9329.990000,,,,,,,,,,,,,
2020-06-15,,,,,54.600000,,,68.000000,72.000000,9435.150000,,,,,,,,,,,,,
2020-06-16,69.615000,43170.000000,29.750000,,54.600000,,,68.000000,73.000000,9530.300000,,,,,,,,,,,,,
2020-06-17,69.675000,43172.000000,29.812500,,54.710000,,,68.000000,73.000000,9461.290000,,,,,,,,,,,,,
2020-06-18,69.735000,43123.000000,29.437500,,54.740000,,,68.000000,73.000000,9374.780000,,,,,,,,,,,,,
2020-06-19,69.795000,43178.000000,29.812500,,54.760000,,,68.000000,73.000000,9304.320000,,,,,,,,,,,,,
2020-06-20,,,,,54.790000,,,68.000000,73.000000,9355.460000,,,,,,,,,,,,,
2020-06-21,,,,,54.790000,,,68.000000,73.000000,9283.030000,,,,,,,,,,,,,
2020-06-22,69.975000,43202.000000,29.625000,,54.790000,,,68.000000,73.000000,9683.120000,,,,,,,,,,,,,
2020-06-23,70.035000,43213.000000,29.750000,,54.870000,,,68.000000,73.000000,9622.810000,,,,,,,,,,,,,
2020-06-24,70.095000,43217.000000,29.750000,,54.900000,,,69.000000,74.000000,9286.060000,,,,,,,,,,,,,
2020-06-25,70.155000,43197.000000,29.812500,,54.930000,,,69.000000,74.000000,9239.480000,,,,,,,,,,,,,
2020-06-26,70.215000,43200.000000,29.625000,,54.950000,,,69.000000,74.000000,9158.260000,,,,,,,,,,,,,
2020-06-27,,,,,54.980000,,,69.000000,74.000000,9009.300000,,,,,,,,,,,,,
2020-06-28,,,,,54.980000,,,69.000000,74.000000,9118.010000,,,,,,,,,,,,,
2020-06-29,70.395000,43201.000000,29.000000,,54.980000,,,69.000000,74.000000,9188.880000,,,,,,,,,,,,,
2020-06-30,70.455000,43242.000000,29.687500,,55.060000,2.200000,42.800000,69.000000,74.000000,9132.960000,,,,,,,,,,,,,
2020-07-01,70.515000,43219.000000,29.750000,,55.090000,,,69.000000,74.000000,9233.380000,,,,,,,,,,,,,
2020-07-02,70.575000,43203.000000,29.562500,,55.120000,,,69.000000,74.000000,9092.920000,,,,,,,,,,,,,
2020-07-03,70.635000,43219.000000,29.562500,,55.150000,,,69.000000,74.000000,9063.080000,,,,,,,,,,,,,
2020-07-04,,,,,55.170000,,,69.000000,74.000000,9138.520000,,,,,,,,,,,,,
2020-07-05,,,,,55.170000,,,69.000000,74.000000,9076.820000,,,,,,,,,,,,,
2020-07-06,70.815000,43253.000000,29.687500,,55.170000,,,70.000000,75.000000,9348.220000,,,,,,,,,,,,,
2020-07-07,70.875000,43240.000000,29.750000,,55.260000,,,70.000000,75.000000,9257.160000,,,,,,,,,,,,,
2020-07-08,70.935000,43246.000000,29.500000,,55.280000,,,70.000000,75.000000,9437.160000,,,,,,,,,,,,,
2020-07-09,,,,,55.310000,,,70.000000,75.000000,9234.900000,,,,,,,,,,,,,
2020-07-10,,,,,55.310000,,,70.000000,75.000000,9283.530000,,,,,,,,,,,,,
2020-07-11,,,,,55.310000,,,70.000000,75.000000,9238.300000,,,,,,,,,,,,,
2020-07-12,,,,,55.310000,,,70.000000,75.000000,9306.170000,,,,,,,,,,,,,
2020-07-13,71.233300,43276.000000,29.687500,,55.310000,,,70.000000,75.000000,9233.100000,,,,,,,,,,,,,
2020-07-14,71.295000,43307.000000,29.562500,,55.450000,,,70.000000,75.000000,9251.590000,,,,,,,,,,,,,
2020-07-15,71.355000,43346.000000,29.625000,,55.480000,,,70.000000,75.000000,9190.070000,,,,,,,,,,,,,
2020-07-16,71.415000,43356.000000,29.500000,,55.500000,,,70.000000,75.000000,9132.870000,,,,,,,,,,,,,
2020-07-17,71.475000,43362.000000,29.562500,,55.540000,,,70.000000,75.000000,9156.500000,,,,,,,,,,,,,
2020-07-18,,,,,55.580000,,,70.000000,75.000000,9177.430000,,,,,,,,,,,,,
2020-07-19,,,,,55.580000,,,70.000000,75.000000,9211.990000,,,,,,,,,,,,,
2020-07-20,71.655000,43389.000000,29.437500,,55.580000,,,71.000000,76.000000,9162.430000,,,,,,,,,,,,,
2020-07-21,71.715000,43399.000000,29.500000,,55.700000,,,71.000000,76.000000,9391.250000,,,,,,,,,,,,,
2020-07-22,71.775000,43379.000000,29.687500,,55.740000,,,71.000000,76.000000,9539.510000,,,,,,,,,,,,,
2020-07-23,71.835000,43349.000000,29.125000,,55.780000,,,71.000000,76.000000,9617.200000,,,,,,,,,,,,,
2020-07-24,71.895000,43360.000000,29.562500,,55.820000,,,71.000000,76.000000,9547.910000,,,,,,,,,,,,,
2020-07-25,,,,,55.850000,,,71.000000,76.000000,9710.980000,,,,,,,,,,,,,
2020-07-26,,,,,55.850000,,,71.000000,76.000000,9944.650000,,,,,,,,,,,,,
2020-07-27,72.075000,43384.000000,29.375000,,55.850000,,,71.000000,76.000000,11046.190000,,,,,,,,,,,,,
2020-07-28,72.135000,43433.000000,29.187500,,55.970000,,,71.000000,76.000000,10939.270000,,,,,,,,,,,,,
2020-07-29,72.195000,43387.000000,29.750000,,56.010000,,,71.000000,76.000000,11111.170000,,,,,,,,,,,,,
2020-07-30,72.255000,43340.000000,29.625000,,56.050000,,,71.000000,76.000000,11112.120000,,,,,,,,,,,,,
2020-07-31,72.315000,43386.000000,29.187500,,56.090000,1.900000,42.400000,71.000000,76.000000,11356.740000,,,,,,,,,,,,,
2020-08-01,,,,,56.130000,,,71.000000,76.000000,11817.490000,,,,,,,,,,,,,
2020-08-02,,,,,56.130000,,,71.000000,76.000000,11071.660000,,,,,,,,,,,,,
2020-08-03,72.515000,43348.000000,29.875000,,56.130000,,,72.000000,77.000000,11236.390000,,,,,,,,,,,,,
2020-08-04,72.565000,43409.000000,29.250000,,56.250000,,,72.000000,77.000000,11192.420000,,,,,,,,,,,,,
2020-08-05,72.615000,43374.000000,29.437500,,56.290000,,,72.000000,77.000000,11755.240000,,,,,,,,,,,,,
2020-08-06,72.695000,43344.000000,29.812500,,56.330000,,,72.000000,77.000000,11770.080000,,,,,,,,,,,,,
2020-08-07,72.765000,43303.000000,29.625000,,56.370000,,,72.000000,77.000000,11600.850000,,,,,,,,,,,,,
2020-08-08,,,,,56.410000,,,72.000000,77.000000,11776.900000,,,,,,,,,,,,,
2020-08-09,,,,,56.410000,,,72.000000,77.000000,11683.030000,,,,,,,,,,,,,
2020-08-10,72.945000,43332.000000,30.000000,,56.410000,,,72.000000,77.000000,11895.120000,,,,,,,,,,,,,
2020-08-11,72.995000,43302.000000,29.687500,,56.530000,,,72.000000,77.000000,11392.640000,,,,,,,,,,,,,
2020-08-12,73.045000,43253.000000,29.750000,,56.560000,,,72.000000,77.000000,11565.350000,,,,,,,,,,,,,
2020-08-13,73.105000,43207.000000,29.312500,,56.600000,,,72.000000,77.000000,11793.260000,,,,,,,,,,,,,
2020-08-14,73.155000,43122.000000,29.875000,,56.640000,,,72.000000,77.000000,11779.770000,,,,,,,,,,,,,
2020-08-15,,,,,56.680000,,,72.000000,77.000000,11852.200000,,,,,,,,,,,,,
2020-08-16,,,,,56.680000,,,72.000000,77.000000,11914.020000,,,,,,,,,,,,,
2020-08-17,,,,,56.680000,,,72.000000,77.000000,12298.380000,,,,,,,,,,,,,
2020-08-18,73.395000,43160.000000,29.937500,,56.680000,,,73.000000,78.000000,11958.100000,,,,,,,,,,,,,
2020-08-19,73.475000,43115.000000,29.812500,,56.830000,,,73.000000,78.000000,11757.550000,,,,,,,,,,,,,
2020-08-20,73.525000,43092.000000,30.000000,,56.860000,,,73.000000,78.000000,11859.370000,,,,,,,,,,,,,
2020-08-21,73.575000,43048.000000,29.562500,,56.900000,,,73.000000,78.000000,11531.740000,,,,,,,,,,,,,
2020-08-22,,,,,56.930000,,,73.000000,78.000000,11667.700000,,,,,,,,,,,,,
2020-08-23,,,,,56.930000,,,73.000000,78.000000,11644.650000,,,,,,,,,,,,,
2020-08-24,73.725000,43047.000000,28.937500,,56.930000,,,73.000000,78.000000,11761.800000,,,,,,,,,,,,,
2020-08-25,73.805000,42983.000000,29.562500,,57.030000,,,73.000000,78.000000,11328.880000,,,,,,,,,,,,,
2020-08-26,73.855000,42962.000000,29.875000,,57.070000,,,73.000000,78.000000,11469.300000,,,,,,,,,,,,,
2020-08-27,73.935000,42896.000000,29.187500,,57.100000,,,73.000000,78.000000,11330.000000,,,,,,,,,,,,,
2020-08-28,73.995000,42914.000000,29.937500,,57.140000,,,73.000000,78.000000,11536.580000,,,,,,,,,,,,,
2020-08-29,,,,,57.170000,,,73.000000,78.000000,11471.710000,,,,,,,,,,,,,
2020-08-30,,,,,57.170000,,,73.000000,78.000000,11708.970000,,,,,,,,,,,,,
2020-08-31,74.175000,42842.000000,29.625000,,57.170000,2.700000,40.700000,73.000000,78.000000,11655.000000,,,,,,,,,,,,,
2020-09-01,74.245000,42700.000000,29.687500,,57.280000,,,74.000000,78.000000,11923.960000,,,,,,,,,,,,,
2020-09-02,74.315000,42640.000000,29.750000,,57.310000,,,74.000000,79.000000,11398.440000,,,,,,,,,,,,,
2020-09-03,74.375000,42613.000000,30.000000,,57.350000,,,74.000000,79.000000,10160.000000,,,,,,,,,,,,,
2020-09-04,74.435000,42617.000000,29.812500,,57.380000,,,74.000000,79.000000,10456.320000,,,,,,,,,,,,,
2020-09-05,,,,,57.420000,,,74.000000,79.000000,10167.190000,,,,,,,,,,,,,
2020-09-06,,,,,57.420000,,,74.000000,79.000000,10260.170000,,,,,,,,,,,,,
2020-09-07,74.645000,42643.000000,29.625000,,57.420000,,,74.000000,79.000000,10377.140000,,,,,,,,,,,,,
2020-09-08,74.705000,42638.000000,29.875000,,57.520000,,,74.000000,79.000000,10123.960000,,,,,,,,,,,,,
2020-09-09,74.765000,42570.000000,29.937500,,57.560000,,,74.000000,79.000000,10232.800000,,,,,,,,,,,,,
2020-09-10,74.835000,42549.000000,29.687500,,57.590000,,,74.000000,79.000000,10342.590000,,,,,,,,,,,,,
2020-09-11,74.905000,42452.000000,29.500000,,57.630000,,,74.000000,79.000000,10393.040000,,,,,,,,,,,,,
2020-09-12,,,,,57.660000,,,74.000000,79.000000,10443.330000,,,,,,,,,,,,,
2020-09-13,,,,,57.660000,,,74.000000,79.000000,10334.780000,,,,,,,,,,,,,
2020-09-14,75.115000,42501.000000,29.687500,,57.660000,,,74.000000,79.000000,10675.150000,,,,,,,,,,,,,
2020-09-15,75.185000,42495.000000,29.500000,,57.770000,,,74.000000,79.000000,10783.830000,,,,,,,,,,,,,
2020-09-16,75.245000,42521.000000,29.875000,,57.800000,,,75.000000,80.000000,10951.540000,,,,,,,,,,,,,
2020-09-17,75.315000,42473.000000,29.875000,,57.850000,,,75.000000,80.000000,10940.470000,,,,,,,,,,,,,
2020-09-18,75.375000,42428.000000,29.875000,,57.900000,,,75.000000,80.000000,10931.200000,,,,,,,,,,,,,
2020-09-19,,,,,57.960000,,,75.000000,80.000000,11077.220000,,,,,,,,,,,,,
2020-09-20,,,,,57.960000,,,75.000000,80.000000,10923.500000,,,,,,,,,,,,,
2020-09-21,75.585000,42248.000000,30.000000,,57.960000,,,75.000000,80.000000,10411.290000,,,,,,,,,,,,,
2020-09-22,75.645000,42226.000000,29.750000,,58.110000,,,75.000000,80.000000,10534.310000,,,,,,,,,,,,,
2020-09-23,75.715000,42177.000000,29.250000,,58.160000,,,75.000000,80.000000,10233.420000,,,,,,,,,,,,,
2020-09-24,75.775000,42118.000000,29.562500,,58.210000,,,75.000000,80.000000,10744.020000,,,,,,,,,,,,,
2020-09-25,75.845000,41970.000000,29.562500,,58.270000,,,75.000000,80.000000,10689.810000,,,,,,,,,,,,,
2020-09-26,,,,,58.320000,,,75.000000,80.000000,10729.090000,,,,,,,,,,,,,
2020-09-27,,,,,58.320000,,,75.000000,80.000000,10780.660000,,,,,,,,,,,,,
2020-09-28,76.055000,41874.000000,29.812500,,58.320000,,,75.000000,80.000000,10689.480000,,,,,,,,,,,,,
2020-09-29,76.115000,41751.000000,30.062500,,58.470000,,,75.000000,80.000000,10836.420000,,,,,,,,,,,,,
2020-09-30,76.175000,41379.000000,29.687500,,58.520000,2.800000,36.600000,76.000000,81.000000,10778.220000,,,,,,,,,,,,,
2020-10-01,76.245000,41369.000000,28.875000,,58.580000,,,76.000000,81.000000,10622.710000,,,,,,,,,,,,,
2020-10-02,76.945000,41252.000000,29.687500,,58.630000,,,76.000000,82.000000,10578.540000,,,,,,,,,,,,,
2020-10-03,,,,,58.680000,,,76.000000,82.000000,10553.660000,,,,,,,,,,,,,
2020-10-04,,,,,58.680000,,,76.000000,82.000000,10669.630000,,,,,,,,,,,,,
2020-10-05,77.051700,41172.000000,29.875000,,58.680000,,,77.000000,83.000000,10795.000000,,,,,,,,,,,,,
2020-10-06,77.080000,41129.000000,29.937500,,58.840000,,,77.000000,83.000000,10606.330000,,,,,,,,,,,,,
2020-10-07,77.096700,41132.000000,29.687500,,58.890000,,,77.000000,83.000000,10669.140000,,,,,,,,,,,,,
2020-10-08,77.103300,41092.000000,29.562500,,58.940000,,,77.000000,83.000000,10925.200000,,,,,,,,,,,,,
2020-10-09,77.108300,41026.000000,29.750000,,58.990000,,,77.000000,83.000000,11052.000000,,,,,,,,,,,,,
2020-10-10,,,,,59.050000,,,77.000000,83.000000,11301.200000,,,,,,,,,,,,,
2020-10-11,,,,,59.050000,,,77.000000,83.000000,11372.930000,,,,,,,,,,,,,
2020-10-12,,,,,59.050000,,,77.000000,83.000000,11535.980000,,,,,,,,,,,,,
2020-10-13,77.403300,40837.000000,29.812500,,59.050000,,,77.000000,83.000000,11427.980000,,,,,,,,,,,,,
2020-10-14,77.421700,40847.000000,29.625000,,59.260000,,,77.000000,83.000000,11428.840000,,,,,,,,,,,,,
2020-10-15,77.460000,40777.000000,30.000000,,59.310000,,,77.000000,83.000000,11511.110000,,,,,,,,,,,,,
2020-10-16,77.531700,40785.000000,31.687500,,59.360000,,,77.000000,83.000000,11321.860000,,,,,,,,,,,,,
2020-10-17,,,,,59.420000,,,77.000000,83.000000,11365.800000,,,,,,,,,,,,,
2020-10-18,,,,,59.420000,,,77.000000,83.000000,11519.970000,,,,,,,,,,,,,
2020-10-19,77.576700,40794.000000,31.562500,,59.420000,,,77.000000,83.000000,11764.140000,,,,,,,,,,,,,
2020-10-20,77.656700,40812.000000,31.875000,,59.570000,,,77.000000,83.000000,11921.110000,,,,,,,,,,,,,
2020-10-21,77.713300,40800.000000,31.750000,,59.630000,,,77.000000,83.000000,12802.670000,,,,,,,,,,,,,
2020-10-22,78.046700,40668.000000,31.125000,,59.680000,,,78.000000,84.000000,12983.260000,,,,,,,,,,,,,
2020-10-23,78.088300,40498.000000,31.562500,,59.730000,,,78.000000,84.000000,12941.590000,,,,,,,,,,,,,
2020-10-24,,,,,59.790000,,,78.000000,84.000000,13122.730000,,,,,,,,,,,,,
2020-10-25,,,,,59.790000,,,78.000000,84.000000,13039.090000,,,,,,,,,,,,,
2020-10-26,78.206700,40239.000000,31.562500,,59.790000,,,78.000000,84.000000,13066.730000,,,,,,,,,,,,,
2020-10-27,78.296700,40140.000000,31.562500,,59.950000,,,78.000000,84.000000,13647.900000,,,,,,,,,,,,,
2020-10-28,78.298300,39866.000000,31.687500,,60.000000,,,78.000000,84.000000,13274.730000,,,,,,,,,,,,,
2020-10-29,78.296700,39826.000000,31.687500,,60.050000,,,78.000000,84.000000,13468.440000,,,,,,,,,,,,,
2020-10-30,78.328300,39856.000000,31.750000,,60.110000,,,78.000000,84.000000,13562.130000,,,,,,,,,,,,,
2020-10-31,,,,,60.160000,3.800000,37.200000,78.000000,84.000000,13816.080000,,,,,,,,,,,,,
2020-11-01,,,,,60.160000,,,78.000000,84.000000,13762.000000,,,,,,,,,,,,,
2020-11-02,78.690000,39875.000000,31.750000,,60.160000,,,78.000000,84.000000,13563.720000,,,,,,,,,,,,,
2020-11-03,78.903300,39882.000000,31.750000,,60.320000,,,79.000000,85.000000,14041.580000,,,,,,,,,,,,,
2020-11-04,79.023300,39819.000000,31.437500,,60.380000,,,79.000000,85.000000,14160.590000,,,,,,,,,,,,,
2020-11-05,79.093300,39524.000000,31.812500,,60.430000,,,79.000000,85.000000,15605.040000,,,,,,,,,,,,,
2020-11-06,,,,,60.480000,,,79.000000,85.000000,15598.090000,,,,,,,,,,,,,
2020-11-07,,,,,60.480000,,,79.000000,85.000000,14838.970000,,,,,,,,,,,,,
2020-11-08,,,,,60.480000,,,79.000000,85.000000,15489.150000,,,,,,,,,,,,,
2020-11-09,79.343300,39316.000000,31.750000,,60.480000,,,79.000000,85.000000,15332.040000,,,,,,,,,,,,,
2020-11-10,79.425000,39322.000000,31.812500,,60.700000,,,79.000000,85.000000,15313.650000,,,,,,,,,,,,,
2020-11-11,79.478300,39259.000000,31.562500,,60.750000,,,79.000000,85.000000,15707.890000,,,,,,,,,,,,,
2020-11-12,79.575000,39191.000000,31.687500,,60.810000,,,79.000000,85.000000,16300.000000,,,,,,,,,,,,,
2020-11-13,79.728300,39101.000000,33.625000,,60.860000,,,79.000000,85.000000,16335.580000,,,,,,,,,,,,,
2020-11-14,,,,,60.920000,,,79.000000,85.000000,16086.340000,,,,,,,,,,,,,
2020-11-15,,,,,60.920000,,,79.000000,85.000000,15975.490000,,,,,,,,,,,,,
2020-11-16,79.955000,39115.000000,33.875000,,60.920000,,,80.000000,86.000000,16724.620000,,,,,,,,,,,,,
2020-11-17,80.028300,39116.000000,33.937500,,61.100000,,,80.000000,86.000000,17680.630000,,,,,,,,,,,,,
2020-11-18,80.151700,39069.000000,33.875000,,61.180000,,,80.000000,86.000000,17785.950000,,,,,,,,,,,,,
2020-11-19,80.271700,38939.000000,33.875000,,61.250000,,,80.000000,86.000000,17825.470000,,,,,,,,,,,,,
2020-11-20,80.358300,38945.000000,34.062500,,61.330000,,,80.000000,86.000000,18687.650000,,,,,,,,,,,,,
2020-11-21,,,,,61.400000,,,80.000000,86.000000,18725.000000,,,,,,,,,,,,,
2020-11-22,,,,,61.400000,,,80.000000,86.000000,18435.200000,,,,,,,,,,,,,
2020-11-23,,,,,61.400000,,,80.000000,86.000000,18383.350000,,,,,,,,,,,,,
2020-11-24,80.691700,38731.000000,33.875000,,61.400000,,,80.000000,86.000000,19160.850000,,,,,,,,,,,,,
2020-11-25,80.791700,38746.000000,33.625000,,61.710000,,,80.000000,86.000000,18732.430000,,,,,,,,,,,,,
2020-11-26,80.888300,38747.000000,34.062500,,61.790000,,,81.000000,87.000000,17160.090000,,,,,,,,,,,,,
2020-11-27,81.038300,38705.000000,33.750000,,61.860000,,,81.000000,87.000000,17154.390000,,,,,,,,,,,,,
2020-11-28,,,,,61.940000,,,81.000000,87.000000,17741.790000,,,,,,,,,,,,,
2020-11-29,,,,,61.940000,,,81.000000,87.000000,18192.030000,,,,,,,,,,,,,
2020-11-30,81.296700,38652.000000,33.750000,,61.940000,3.200000,35.800000,81.000000,87.000000,19700.190000,,,,,,,,,,,,,
2020-12-01,81.395000,38619.000000,34.375000,,62.170000,,,81.000000,87.000000,18771.430000,,,,,,,,,,,,,
2020-12-02,81.475000,38622.000000,34.312500,,62.250000,,,81.000000,87.000000,19226.550000,,,,,,,,,,,,,
2020-12-03,81.561700,38652.000000,34.187500,,62.330000,,,81.000000,87.000000,19448.400000,,,,,,,,,,,,,
2020-12-04,81.651700,38661.000000,34.062500,,62.410000,,,81.000000,87.000000,18673.760000,,,,,,,,,,,,,
2020-12-05,,,,,62.480000,,,81.000000,87.000000,19162.160000,,,,,,,,,,,,,
2020-12-06,,,,,62.480000,,,81.000000,87.000000,19380.580000,,,,,,,,,,,,,
2020-12-07,,,,,62.480000,,,81.000000,87.000000,19173.500000,,,,,,,,,,,,,
2020-12-08,,,,,62.480000,,,81.000000,87.000000,18316.430000,,,,,,,,,,,,,
2020-12-09,82.045000,38710.000000,34.250000,,62.480000,,,81.000000,87.000000,18556.640000,,,,,,,,,,,,,
2020-12-10,82.130000,38744.000000,34.375000,,62.870000,,,82.000000,88.000000,18250.300000,,,,,,,,,,,,,
2020-12-11,82.215000,38750.000000,34.125000,,62.950000,,,82.000000,88.000000,18040.020000,,,,,,,,,,,,,
2020-12-12,,,,,63.030000,,,82.000000,88.000000,18815.630000,,,,,,,,,,,,,
2020-12-13,,,,,63.030000,,,82.000000,88.000000,19162.360000,,,,,,,,,,,,,
2020-12-14,82.456700,38761.000000,34.062500,,63.030000,,,82.000000,88.000000,19274.330000,,,,,,,,,,,,,
2020-12-15,82.535000,38777.000000,34.500000,,63.260000,,,82.000000,88.000000,19434.870000,,,,,,,,,,,,,
2020-12-16,82.626700,38794.000000,34.187500,,63.340000,,,82.000000,88.000000,21365.700000,,,,,,,,,,,,,
2020-12-17,82.721700,38828.000000,34.187500,,63.410000,,,82.000000,88.000000,22814.240000,,,,,,,,,,,,,
2020-12-18,82.838300,38835.000000,34.312500,,63.470000,,,82.000000,88.000000,23136.140000,,,,,,,,,,,,,
2020-12-19,,,,,63.540000,,,82.000000,88.000000,23842.990000,,,,,,,,,,,,,
2020-12-20,,,,,63.540000,,,82.000000,88.000000,23470.850000,,,,,,,,,,,,,
2020-12-21,83.148300,38899.000000,34.250000,,63.540000,,,83.000000,89.000000,22732.010000,,,,,,,,,,,,,
2020-12-22,83.248300,39009.000000,34.062500,,63.730000,,,83.000000,89.000000,23835.100000,,,,,,,,,,,,,
2020-12-23,83.358300,39216.000000,34.062500,,63.800000,,,83.000000,89.000000,23247.710000,,,,,,,,,,,,,
2020-12-24,,,,,63.860000,,,83.000000,89.000000,23726.280000,,,,,,,,,,,,,
2020-12-25,,,,,63.930000,,,83.000000,89.000000,24705.150000,,,,,,,,,,,,,
2020-12-26,,,,,63.930000,,,83.000000,89.000000,26466.280000,,,,,,,,,,,,,
2020-12-27,,,,,63.930000,,,83.000000,89.000000,26259.600000,,,,,,,,,,,,,
2020-12-28,83.905000,39236.000000,34.125000,,63.930000,,,83.000000,89.000000,27037.910000,,,,,,,,,,,,,
2020-12-29,84.025000,39281.000000,34.187500,,64.190000,,,84.000000,90.000000,27370.000000,,,,,,,,,,,,,
2020-12-30,84.145000,39387.000000,34.250000,,64.250000,,,84.000000,90.000000,28881.300000,,,,,,,,,,,,,
2020-12-31,,,,,64.320000,4.000000,36.100000,84.000000,90.000000,28992.790000,,,,,,,,,,,,,
2021-01-01,,,,,64.380000,,,84.000000,90.000000,29402.640000,,,,,,,,,,,,,
2021-01-02,,,,,64.380000,,,84.000000,90.000000,32216.530000,,,,,,,,,,,,,
2021-01-03,,,,,64.380000,,,84.000000,90.000000,33097.830000,,,,,,,,,,,,,
2021-01-04,84.703300,39501.000000,34.062500,,64.380000,,,84.000000,90.000000,32005.880000,,,,,,,,,,,,,
2021-01-05,84.796700,39540.000000,34.312500,,64.640000,,,85.000000,91.000000,34039.050000,,,,,,,,,,,,,
2021-01-06,84.903300,39546.000000,33.937500,,64.710000,,,85.000000,91.000000,36849.940000,,,,,,,,,,,,,
2021-01-07,85.000000,39556.000000,33.812500,,64.780000,,,85.000000,91.000000,39510.490000,,,,,,,,,,,,,
2021-01-08,85.105000,39462.000000,34.125000,,64.840000,,,85.000000,91.000000,40667.070000,,,,,,,,,,,,,
2021-01-09,,,,,64.910000,,,85.000000,91.000000,40239.060000,,,,,,,,,,,,,
2021-01-10,,,,,64.910000,,,85.000000,91.000000,38173.730000,,,,,,,,,,,,,
2021-01-11,85.378300,39605.000000,34.312500,,64.910000,,,85.000000,91.000000,35455.580000,,,,,,,,,,,,,
2021-01-12,85.465000,39708.000000,34.125000,,65.110000,,,85.000000,91.000000,34035.020000,,,,,,,,,,,,,
2021-01-13,85.555000,39765.000000,34.000000,,65.170000,,,85.000000,91.000000,37393.490000,,,,,,,,,,,,,
2021-01-14,85.645000,39791.000000,34.375000,,65.240000,,,85.000000,91.000000,39134.350000,,,,,,,,,,,,,
2021-01-15,85.735000,39808.000000,34.562500,,65.300000,,,85.000000,91.000000,36756.570000,,,,,,,,,,,,,
2021-01-16,,,,,65.370000,,,85.000000,91.000000,36000.000000,,,,,,,,,,,,,
2021-01-17,,,,,65.370000,,,85.000000,91.000000,35819.250000,,,,,,,,,,,,,
2021-01-18,86.066700,39812.000000,34.187500,,65.370000,,,85.000000,91.000000,36616.950000,,,,,,,,,,,,,
2021-01-19,86.196700,39779.000000,34.187500,,65.620000,,,86.000000,92.000000,35917.620000,,,,,,,,,,,,,
2021-01-20,86.320000,39741.000000,34.312500,,65.700000,,,86.000000,92.000000,35496.910000,,,,,,,,,,,,,
2021-01-21,86.428300,39757.000000,34.000000,,65.790000,,,86.000000,92.000000,30818.180000,,,,,,,,,,,,,
2021-01-22,86.546700,39687.000000,34.000000,,65.870000,,,86.000000,92.000000,32992.060000,,,,,,,,,,,,,
2021-01-23,,,,,65.950000,,,86.000000,92.000000,32117.490000,,,,,,,,,,,,,
2021-01-24,,,,,65.950000,,,86.000000,92.000000,32288.830000,,,,,,,,,,,,,
2021-01-25,86.911700,39690.000000,33.812500,,65.950000,,,86.000000,92.000000,32261.220000,,,,,,,,,,,,,
2021-01-26,87.021700,39627.000000,33.875000,,66.200000,,,86.000000,92.000000,32504.530000,,,,,,,,,,,,,
2021-01-27,87.123300,39450.000000,34.062500,,66.290000,,,86.000000,92.000000,30424.620000,,,,,,,,,,,,,
2021-01-28,87.216700,39482.000000,34.187500,,66.370000,,,87.000000,93.000000,33484.870000,,,,,,,,,,,,,
2021-01-29,87.298300,39515.000000,34.187500,,66.450000,,,87.000000,93.000000,34249.640000,,,,,,,,,,,,,
2021-01-30,,,,,66.540000,,,87.000000,93.000000,34323.000000,,,,,,,,,,,,,
2021-01-31,,,,,66.540000,4.000000,38.500000,87.000000,93.000000,33141.380000,,,,,,,,,,,,,
2021-02-01,87.605000,39460.000000,34.187500,,66.540000,,,87.000000,93.000000,33532.740000,,,,,,,,,,,,,
2021-02-02,87.703300,39453.000000,34.187500,,66.790000,,,87.000000,93.000000,35522.160000,,,,,,,,,,,,,
2021-02-03,87.805000,39473.000000,34.000000,,66.880000,,,87.000000,93.000000,37691.630000,,,,,,,,,,,,,
2021-02-04,87.905000,39134.000000,34.187500,,66.960000,,,87.000000,93.000000,36996.320000,,,,,,,,,,,,,
2021-02-05,88.005000,39174.000000,34.062500,,67.050000,,,87.000000,93.000000,38320.000000,,,,,,,,,,,,,
2021-02-06,,,,,67.130000,,,87.000000,93.000000,39282.100000,,,,,,,,,,,,,
2021-02-07,,,,,67.130000,,,87.000000,93.000000,38858.390000,,,,,,,,,,,,,
2021-02-08,88.165000,39233.000000,34.125000,,67.130000,,,88.000000,94.000000,46416.450000,,,,,,,,,,,,,
2021-02-09,88.275000,39270.000000,34.250000,,67.390000,,,88.000000,94.000000,46505.200000,,,,,,,,,,,,,
2021-02-10,88.355000,39278.000000,34.187500,,67.470000,,,88.000000,94.000000,44854.630000,,,,,,,,,,,,,
2021-02-11,88.450000,39359.000000,34.125000,,67.560000,,,88.000000,94.000000,47981.480000,,,,,,,,,,,,,
2021-02-12,88.538300,39369.000000,34.000000,,67.640000,,,88.000000,94.000000,47395.840000,,,,,,,,,,,,,
2021-02-13,,,,,67.730000,,,88.000000,94.000000,47228.480000,,,,,,,,,,,,,
2021-02-14,,,,,67.730000,,,88.000000,94.000000,48662.500000,,,,,,,,,,,,,
2021-02-15,,,,,67.730000,,,88.000000,94.000000,47942.570000,,,,,,,,,,,,,
2021-02-16,,,,,67.730000,,,88.000000,94.000000,49166.530000,,,,,,,,,,,,,
2021-02-17,88.945000,39399.000000,34.250000,,67.730000,,,88.000000,94.000000,52174.280000,,,,,,,,,,,,,
2021-02-18,89.045000,39310.000000,34.250000,,68.180000,,,88.000000,94.000000,51579.540000,,,,,,,,,,,,,
2021-02-19,89.156700,39425.000000,33.750000,,68.270000,,,88.000000,94.000000,55988.580000,,,,,,,,,,,,,
2021-02-20,,,,,68.370000,,,88.000000,94.000000,55936.040000,,,,,,,,,,,,,
2021-02-21,,,,,68.370000,,,88.000000,94.000000,57492.910000,,,,,,,,,,,,,
2021-02-22,89.438300,39476.000000,34.125000,,68.370000,,,89.000000,95.000000,54173.650000,,,,,,,,,,,,,
2021-02-23,89.535000,39498.000000,34.125000,,68.650000,,,89.000000,95.000000,48887.930000,,,,,,,,,,,,,
2021-02-24,89.638300,39506.000000,34.187500,,68.750000,,,89.000000,95.000000,49754.000000,,,,,,,,,,,,,
2021-02-25,89.753300,39517.000000,34.187500,,68.850000,,,90.000000,95.000000,47088.580000,,,,,,,,,,,,,
2021-02-26,89.825000,39518.000000,33.625000,,68.940000,,,89.000000,95.000000,46314.830000,,,,,,,,,,,,,
2021-02-27,,,,,69.040000,,,89.000000,95.000000,46109.980000,,,,,,,,,,,,,
2021-02-28,,,,,69.040000,3.600000,40.700000,89.000000,95.000000,45240.960000,,,,,,,,,,,,,
2021-03-01,90.085000,39617.000000,34.062500,,69.040000,,,89.000000,95.000000,49629.330000,,,,,,,,,,,,,
2021-03-02,90.155000,39654.000000,34.062500,,69.330000,,,90.000000,96.000000,48516.350000,,,,,,,,,,,,,
2021-03-03,90.223300,39718.000000,34.187500,,69.430000,,,90.000000,96.000000,50379.680000,,,,,,,,,,,,,
2021-03-04,90.295000,39784.000000,33.875000,,69.530000,,,90.000000,96.000000,48360.500000,,,,,,,,,,,,,
2021-03-05,90.365000,39799.000000,33.875000,,69.620000,,,90.000000,96.000000,48739.210000,,,,,,,,,,,,,
2021-03-06,,,,,69.720000,,,90.000000,96.000000,48904.630000,,,,,,,,,,,,,
2021-03-07,,,,,69.720000,,,90.000000,96.000000,50967.300000,,,,,,,,,,,,,
2021-03-08,90.581700,39729.000000,34.187500,,69.720000,,,90.000000,96.000000,52427.800000,,,,,,,,,,,,,
2021-03-09,90.651700,39747.000000,34.062500,,70.010000,,,90.000000,96.000000,54929.020000,,,,,,,,,,,,,
2021-03-10,90.723300,39750.000000,34.000000,,70.110000,,,90.000000,96.000000,55852.290000,,,,,,,,,,,,,
2021-03-11,90.786700,39807.000000,34.187500,,70.210000,,,90.000000,96.000000,57772.090000,,,,,,,,,,,,,
2021-03-12,90.855000,39823.000000,34.187500,,70.310000,,,90.000000,96.000000,57271.040000,,,,,,,,,,,,,
2021-03-13,,,,,70.410000,,,90.000000,96.000000,61165.190000,,,,,,,,,,,,,
2021-03-14,,,,,70.410000,,,90.000000,96.000000,59016.390000,,,,,,,,,,,,,
2021-03-15,91.066700,39865.000000,34.000000,,70.410000,,,91.000000,97.000000,55644.370000,,,,,,,,,,,,,
2021-03-16,91.135000,39881.000000,34.062500,,70.700000,,,91.000000,97.000000,56908.340000,,,,,,,,,,,,,
2021-03-17,91.205000,39834.000000,34.125000,,70.790000,,,91.000000,97.000000,58901.800000,,,,,,,,,,,,,
2021-03-18,91.280000,39774.000000,34.062500,,70.870000,,,91.000000,97.000000,57648.050000,,,,,,,,,,,,,
2021-03-19,91.356700,39728.000000,34.125000,,70.950000,,,91.000000,97.000000,58072.000000,,,,,,,,,,,,,
2021-03-20,,,,,71.030000,,,91.000000,97.000000,58138.390000,,,,,,,,,,,,,
2021-03-21,,,,,71.030000,,,91.000000,97.000000,57381.790000,,,,,,,,,,,,,
2021-03-22,91.568300,39651.000000,34.125000,,71.030000,,,91.000000,97.000000,54070.920000,,,,,,,,,,,,,
2021-03-23,91.636700,39679.000000,34.187500,,71.270000,,,91.000000,97.000000,54361.570000,,,,,,,,,,,,,
2021-03-24,,,,,71.350000,,,91.000000,97.000000,52287.520000,,,,,,,,,,,,,
2021-03-25,91.776700,39610.000000,34.000000,,71.350000,,,91.000000,97.000000,51326.110000,,,,,,,,,,,,,
2021-03-26,91.848300,39539.000000,34.187500,,71.520000,,,92.000000,98.000000,55081.370000,,,,,,,,,,,,,
2021-03-27,,,,,71.600000,,,92.000000,98.000000,55839.420000,,,,,,,,,,,,,
2021-03-28,,,,,71.600000,,,92.000000,98.000000,55790.920000,,,,,,,,,,,,,
2021-03-29,91.921700,39471.000000,33.750000,,71.600000,,,92.000000,98.000000,57600.100000,,,,,,,,,,,,,
2021-03-30,91.958300,39520.000000,34.125000,,71.840000,,,92.000000,98.000000,58760.590000,,,,,,,,,,,,,
2021-03-31,91.985000,39593.000000,34.062500,,71.920000,4.800000,42.600000,92.000000,98.000000,58782.580000,,,,,,,,,,,,,
2021-04-01,,,,,72.010000,,,92.000000,98.000000,58728.530000,,,,,,,,,,,,,
2021-04-02,,,,,72.010000,,,92.000000,98.000000,59003.600000,,,,,,,,,,,,,
2021-04-03,,,,,72.010000,,,92.000000,98.000000,57064.420000,,,,,,,,,,,,,
2021-04-04,,,,,72.010000,,,92.000000,98.000000,58212.180000,,,,,,,,,,,,,
2021-04-05,92.236700,39645.000000,33.937500,,72.010000,,,92.000000,98.000000,59125.000000,,,,,,,,,,,,,
2021-04-06,92.286700,39709.000000,34.125000,,72.420000,,,92.000000,98.000000,58018.300000,,,,,,,,,,,,,
2021-04-07,92.335000,39751.000000,34.062500,,72.500000,,,92.000000,98.000000,55932.830000,,,,,,,,,,,,,
2021-04-08,92.386700,39801.000000,34.062500,,72.580000,,,92.000000,98.000000,58096.600000,,,,,,,,,,,,,
2021-04-09,92.435000,39850.000000,34.062500,,72.670000,,,92.000000,98.000000,58109.560000,,,,,,,,,,,,,
2021-04-10,,,,,72.750000,,,92.000000,98.000000,59766.930000,,,,,,,,,,,,,
2021-04-11,,,,,72.750000,,,92.000000,98.000000,59979.260000,,,,,,,,,,,,,
2021-04-12,92.581700,39922.000000,34.187500,,72.750000,,,92.000000,98.000000,59831.660000,,,,,,,,,,,,,
2021-04-13,92.628300,39998.000000,34.187500,,73.000000,,,92.000000,98.000000,63564.480000,,,,,,,,,,,,,
2021-04-14,92.676700,40020.000000,34.000000,,73.080000,,,92.000000,98.000000,62986.090000,,,,,,,,,,,,,
2021-04-15,92.725000,40070.000000,34.062500,,73.170000,,,92.000000,98.000000,63239.190000,,,,,,,,,,,,,
2021-04-16,92.776700,40078.000000,34.125000,,73.250000,,,93.000000,99.000000,61436.240000,,,,,,,,,,,,,
2021-04-17,,,,,73.360000,,,93.000000,99.000000,60032.290000,,,,,,,,,,,,,
2021-04-18,,,,,73.360000,,,93.000000,99.000000,56280.600000,,,,,,,,,,,,,
2021-04-19,92.926700,40146.000000,34.187500,,73.360000,,,93.000000,99.000000,55694.550000,,,,,,,,,,,,,
2021-04-20,92.975000,40187.000000,34.062500,,73.710000,,,93.000000,99.000000,56503.190000,,,,,,,,,,,,,
2021-04-21,93.025000,40208.000000,34.125000,,73.820000,,,93.000000,99.000000,53806.240000,,,,,,,,,,,,,
2021-04-22,93.075000,40220.000000,34.250000,,73.940000,,,93.000000,99.000000,51683.950000,,,,,,,,,,,,,
2021-04-23,93.125000,40257.000000,34.125000,,74.060000,,,93.000000,99.000000,51176.650000,,,,,,,,,,,,,
2021-04-24,,,,,74.170000,,,93.000000,99.000000,50118.940000,,,,,,,,,,,,,
2021-04-25,,,,,74.170000,,,93.000000,99.000000,49128.430000,,,,,,,,,,,,,
2021-04-26,93.275000,40271.000000,34.062500,,74.170000,,,93.000000,99.000000,54073.410000,,,,,,,,,,,,,
2021-04-27,93.335000,40330.000000,34.125000,,74.520000,,,93.000000,99.000000,55091.390000,,,,,,,,,,,,,
2021-04-28,93.416700,40339.000000,33.937500,,74.640000,,,93.000000,99.000000,54901.970000,,,,,,,,,,,,,
2021-04-29,93.500000,40357.000000,34.187500,,74.750000,,,93.000000,99.000000,53593.970000,,,,,,,,,,,,,
2021-04-30,93.555000,40263.000000,34.062500,,74.870000,4.100000,46.300000,93.000000,99.000000,57775.270000,,,,,,,,,,,,,
2021-05-01,,,,,74.990000,,,93.000000,99.000000,57851.910000,,,,,,,,,,,,,
2021-05-02,,,,,74.990000,,,93.000000,99.000000,56622.660000,,,,,,,,,,,,,
2021-05-03,93.675000,40360.000000,34.250000,,74.990000,,,93.000000,99.000000,57222.370000,,,,,,,,,,,,,
2021-05-04,93.715000,40433.000000,34.125000,,75.340000,,,93.000000,99.000000,53236.840000,,,,,,,,,,,,,
2021-05-05,93.755000,40493.000000,33.875000,,75.460000,,,93.000000,99.000000,57509.930000,,,,,,,,,,,,,
2021-05-06,93.795000,40300.000000,34.125000,,75.580000,,,93.000000,99.000000,56447.390000,,,,,,,,,,,,,
2021-05-07,93.835000,40454.000000,34.125000,,75.690000,,,93.000000,99.000000,57381.730000,,,,,,,,,,,,,
2021-05-08,,,,,75.810000,,,93.000000,99.000000,58984.750000,,,,,,,,,,,,,
2021-05-09,,,,,75.810000,,,93.000000,99.000000,58305.240000,,,,,,,,,,,,,
2021-05-10,93.925000,40616.000000,34.000000,,75.810000,,,94.000000,100.000000,55880.720000,,,,,,,,,,,,,
2021-05-11,93.955000,40762.000000,34.125000,,76.170000,,,94.000000,100.000000,56763.700000,,,,,,,,,,,,,
2021-05-12,93.985000,40880.000000,34.187500,,76.290000,,,94.000000,100.000000,49386.560000,,,,,,,,,,,,,
2021-05-13,94.015000,40947.000000,34.187500,,76.410000,,,94.000000,100.000000,49694.960000,,,,,,,,,,,,,
2021-05-14,94.045000,41002.000000,34.062500,,76.530000,,,94.000000,100.000000,49880.430000,,,,,,,,,,,,,
2021-05-15,,,,,76.650000,,,94.000000,100.000000,46708.890000,,,,,,,,,,,,,
2021-05-16,,,,,76.650000,,,94.000000,100.000000,46444.750000,,,,,,,,,,,,,
2021-05-17,94.135000,41266.000000,34.062500,,76.650000,,,94.000000,100.000000,43593.390000,,,,,,,,,,,,,
2021-05-18,94.165000,41376.000000,34.187500,,76.970000,,,94.000000,100.000000,42877.750000,,,,,,,,,,,,,
2021-05-19,94.210000,41483.000000,34.187500,,77.060000,,,94.000000,100.000000,36780.430000,,,,,,,,,,,,,
2021-05-20,94.245000,41517.000000,34.125000,,77.160000,,,94.000000,100.000000,40640.900000,,,,,,,,,,,,,
2021-05-21,94.276700,41591.000000,34.062500,,77.260000,,,94.000000,100.000000,37335.160000,,,,,,,,,,,,,
2021-05-22,,,,,77.370000,,,94.000000,100.000000,37500.540000,,,,,,,,,,,,,
2021-05-23,,,,,77.370000,,,94.000000,100.000000,34706.790000,,,,,,,,,,,,,
2021-05-24,,,,,77.370000,,,94.000000,100.000000,38839.860000,,,,,,,,,,,,,
2021-05-25,,,,,77.370000,,,94.000000,100.000000,38397.720000,,,,,,,,,,,,,
2021-05-26,94.485000,41715.000000,34.187500,,77.370000,,,94.000000,100.000000,39309.560000,,,,,,,,,,,,,
2021-05-27,94.525000,41785.000000,34.125000,,77.870000,,,94.000000,100.000000,38503.470000,,,,,,,,,,,,,
2021-05-28,94.565000,41888.000000,34.062500,,77.970000,,,94.000000,100.000000,35692.460000,,,,,,,,,,,,,
2021-05-29,,,,,78.070000,,,94.000000,100.000000,34632.080000,,,,,,,,,,,,,
2021-05-30,,,,,78.070000,,,94.000000,100.000000,35677.720000,,,,,,,,,,,,,
2021-05-31,94.685000,41872.000000,34.125000,,78.070000,3.300000,48.800000,94.000000,100.000000,37341.410000,,,,,,,,,,,,,
2021-06-01,94.735000,41964.000000,34.062500,,78.370000,,,94.000000,100.000000,36693.300000,,,,,,,,,,,,,
2021-06-02,94.775000,42066.000000,34.187500,,78.480000,,,94.000000,100.000000,37589.360000,,,,,,,,,,,,,
2021-06-03,94.815000,42122.000000,34.125000,,78.580000,,,94.000000,100.000000,39219.880000,,,,,,,,,,,,,
2021-06-04,94.860000,42202.000000,33.875000,,78.680000,,,94.000000,100.000000,36887.320000,,,,,,,,,,,,,
2021-06-05,,,,,78.780000,,,94.000000,100.000000,35532.140000,,,,,,,,,,,,,
2021-06-06,,,,,78.780000,,,94.000000,100.000000,35808.850000,,,,,,,,,,,,,
2021-06-07,94.975000,42292.000000,34.250000,,78.780000,,,94.000000,100.000000,33582.620000,,,,,,,,,,,,,
2021-06-08,95.015000,42430.000000,34.187500,,79.090000,,,94.000000,100.000000,33411.690000,,,,,,,,,,,,,
2021-06-09,95.055000,42618.000000,34.000000,,79.190000,,,94.000000,100.000000,37400.000000,,,,,,,,,,,,,
2021-06-10,95.096700,42658.000000,34.250000,,79.290000,,,94.000000,100.000000,36707.540000,,,,,,,,,,,,,
2021-06-11,95.135000,42697.000000,34.125000,,79.400000,,,94.000000,100.000000,37341.110000,,,,,,,,,,,,,
2021-06-12,,,,,79.500000,,,94.000000,100.000000,35542.760000,,,,,,,,,,,,,
2021-06-13,,,,,79.500000,,,94.000000,100.000000,39013.760000,,,,,,,,,,,,,
2021-06-14,95.255000,42720.000000,34.125000,,79.500000,,,95.000000,101.000000,40532.790000,,,,,,,,,,,,,
2021-06-15,95.285000,42665.000000,34.187500,,79.810000,,,95.000000,101.000000,40171.470000,,,,,,,,,,,,,
2021-06-16,95.315000,42692.000000,34.125000,,79.910000,,,95.000000,101.000000,38353.990000,,,,,,,,,,,,,
2021-06-17,95.351700,42397.000000,34.000000,,80.000000,,,95.000000,101.000000,38097.680000,,,,,,,,,,,,,
2021-06-18,95.381700,42407.000000,34.187500,,80.090000,,,95.000000,101.000000,35840.000000,,,,,,,,,,,,,
2021-06-19,,,,,80.170000,,,95.000000,101.000000,35507.060000,,,,,,,,,,,,,
2021-06-20,,,,,80.170000,,,95.000000,101.000000,35589.770000,,,,,,,,,,,,,
2021-06-21,,,,,80.170000,,,95.000000,101.000000,31634.160000,,,,,,,,,,,,,
2021-06-22,95.496700,42376.000000,34.125000,,80.170000,,,95.000000,101.000000,32545.260000,,,,,,,,,,,,,
2021-06-23,95.530000,42402.000000,34.187500,,80.520000,,,95.000000,101.000000,33652.280000,,,,,,,,,,,,,
2021-06-24,95.558300,42414.000000,34.062500,,80.610000,,,95.000000,101.000000,34649.320000,,,,,,,,,,,,,
2021-06-25,95.590000,42420.000000,34.125000,,80.700000,,,95.000000,101.000000,31597.750000,,,,,,,,,,,,,
2021-06-26,,,,,80.780000,,,95.000000,101.000000,32269.380000,,,,,,,,,,,,,
2021-06-27,,,,,80.780000,,,95.000000,101.000000,34699.500000,,,,,,,,,,,,,
2021-06-28,95.683300,42420.000000,34.125000,,80.780000,,,95.000000,101.000000,34487.110000,,,,,,,,,,,,,
2021-06-29,95.705000,42366.000000,34.062500,,81.050000,,,95.000000,101.000000,35907.930000,,,,,,,,,,,,,
2021-06-30,95.726700,42437.000000,34.125000,,81.130000,3.200000,50.200000,95.000000,101.000000,35037.230000,,,,,,,,,,,,,
2021-07-01,95.766700,42494.000000,34.125000,,81.220000,,,95.000000,101.000000,33564.210000,,,,,,,,,,,,,
2021-07-02,95.795000,42641.000000,34.187500,,81.310000,,,95.000000,101.000000,33811.560000,,,,,,,,,,,,,
2021-07-03,,,,,81.400000,,,95.000000,101.000000,34688.300000,,,,,,,,,,,,,
2021-07-04,,,,,81.400000,,,95.000000,101.000000,35289.210000,,,,,,,,,,,,,
2021-07-05,95.890000,42678.000000,34.000000,,81.400000,,,95.000000,101.000000,33704.210000,,,,,,,,,,,,,
2021-07-06,95.918300,42727.000000,34.187500,,81.660000,,,95.000000,101.000000,34244.090000,,,,,,,,,,,,,
2021-07-07,95.948300,42759.000000,34.250000,,81.750000,,,95.000000,101.000000,33882.470000,,,,,,,,,,,,,
2021-07-08,95.976700,42750.000000,34.187500,,81.840000,,,95.000000,101.000000,32898.790000,,,,,,,,,,,,,
2021-07-09,,,,,81.930000,,,95.000000,101.000000,33826.430000,,,,,,,,,,,,,
2021-07-10,,,,,81.930000,,,95.000000,101.000000,33517.600000,,,,,,,,,,,,,
2021-07-11,,,,,81.930000,,,95.000000,101.000000,34258.530000,,,,,,,,,,,,,
2021-07-12,96.095000,42845.000000,34.125000,,81.930000,,,95.000000,101.000000,33105.000000,,,,,,,,,,,,,
2021-07-13,96.125000,42925.000000,33.875000,,82.280000,,,95.000000,101.000000,32728.000000,,,,,,,,,,,,,
2021-07-14,96.155000,42964.000000,34.125000,,82.370000,,,96.000000,102.000000,32823.550000,,,,,,,,,,,,,
2021-07-15,96.185000,42991.000000,34.187500,,82.460000,,,96.000000,102.000000,31848.650000,,,,,,,,,,,,,
2021-07-16,96.215000,42931.000000,34.062500,,82.550000,,,96.000000,102.000000,31388.170000,,,,,,,,,,,,,
2021-07-17,,,,,82.630000,,,96.000000,102.000000,31529.680000,,,,,,,,,,,,,
2021-07-18,,,,,82.630000,,,96.000000,102.000000,31776.650000,,,,,,,,,,,,,
2021-07-19,96.305000,42943.000000,34.125000,,82.630000,,,96.000000,102.000000,30829.290000,,,,,,,,,,,,,
2021-07-20,96.335000,43012.000000,34.187500,,82.890000,,,96.000000,102.000000,29786.580000,,,,,,,,,,,,,
2021-07-21,96.365000,43075.000000,34.187500,,82.970000,,,96.000000,102.000000,32138.450000,,,,,,,,,,,,,
2021-07-22,96.395000,43091.000000,34.062500,,83.060000,,,96.000000,102.000000,32300.880000,,,,,,,,,,,,,
2021-07-23,96.431700,43108.000000,34.125000,,83.140000,,,96.000000,102.000000,33684.170000,,,,,,,,,,,,,
2021-07-24,,,,,83.220000,,,96.000000,102.000000,34301.780000,,,,,,,,,,,,,
2021-07-25,,,,,83.220000,,,96.000000,102.000000,35428.280000,,,,,,,,,,,,,
2021-07-26,96.526700,43025.000000,34.187500,,83.220000,,,96.000000,102.000000,37291.240000,,,,,,,,,,,,,
2021-07-27,96.578300,42836.000000,34.187500,,83.480000,,,96.000000,102.000000,39475.410000,,,,,,,,,,,,,
2021-07-28,96.635000,42654.000000,34.125000,,83.560000,,,96.000000,102.000000,40036.320000,,,,,,,,,,,,,
2021-07-29,96.666700,42668.000000,34.125000,,83.650000,,,96.000000,102.000000,40037.510000,,,,,,,,,,,,,
2021-07-30,96.685000,42582.000000,34.125000,,83.730000,,,96.000000,102.000000,42234.890000,,,,,,,,,,,,,
2021-07-31,,,,,83.820000,3.000000,51.800000,96.000000,102.000000,41490.130000,,,,,,,,,,,,,
2021-08-01,,,,,83.820000,,,96.000000,102.000000,39839.000000,,,,,,,,,,,,,
2021-08-02,96.781700,42504.000000,34.187500,,83.820000,,,96.000000,102.000000,39165.550000,,,,,,,,,,,,,
2021-08-03,96.813300,42503.000000,34.187500,,84.070000,,,96.000000,102.000000,38177.070000,,,,,,,,,,,,,
2021-08-04,96.843300,42548.000000,34.000000,,84.160000,,,96.000000,102.000000,39741.120000,,,,,,,,,,,,,
2021-08-05,96.875000,42207.000000,34.187500,,84.250000,,,96.000000,102.000000,40894.670000,,,,,,,,,,,,,
2021-08-06,96.908300,42063.000000,34.250000,,84.330000,,,96.000000,102.000000,42856.590000,,,,,,,,,,,,,
2021-08-07,,,,,84.420000,,,96.000000,102.000000,44612.940000,,,,,,,,,,,,,
2021-08-08,,,,,84.420000,,,96.000000,102.000000,43858.420000,,,,,,,,,,,,,
2021-08-09,96.996700,42002.000000,34.250000,,84.420000,,,96.000000,102.000000,46292.890000,,,,,,,,,,,,,
2021-08-10,97.028300,41941.000000,34.187500,,84.670000,,,96.000000,102.000000,45609.700000,,,,,,,,,,,,,
2021-08-11,97.051700,41951.000000,34.062500,,84.760000,,,96.000000,102.000000,45539.850000,,,,,,,,,,,,,
2021-08-12,97.076700,41973.000000,34.187500,,84.850000,,,96.000000,102.000000,44444.450000,,,,,,,,,,,,,
2021-08-13,97.105000,41983.000000,34.125000,,84.930000,,,97.000000,103.000000,47860.580000,,,,,,,,,,,,,
2021-08-14,,,,,85.020000,,,97.000000,103.000000,47119.730000,,,,,,,,,,,,,
2021-08-15,,,,,85.020000,,,97.000000,103.000000,47028.300000,,,,,,,,,,,,,
2021-08-16,,,,,85.020000,,,97.000000,103.000000,45930.510000,,,,,,,,,,,,,
2021-08-17,97.230000,41989.000000,34.250000,,85.020000,,,97.000000,103.000000,44694.350000,,,,,,,,,,,,,
2021-08-18,97.265000,41998.000000,34.062500,,85.350000,,,97.000000,103.000000,44721.130000,,,,,,,,,,,,,
2021-08-19,97.288300,42030.000000,34.187500,,85.440000,,,97.000000,103.000000,46764.300000,,,,,,,,,,,,,
2021-08-20,97.315000,42048.000000,34.062500,,85.520000,,,97.000000,103.000000,49356.000000,,,,,,,,,,,,,
2021-08-21,,,,,85.600000,,,97.000000,103.000000,48884.340000,,,,,,,,,,,,,
2021-08-22,,,,,85.600000,,,97.000000,103.000000,49301.860000,,,,,,,,,,,,,
2021-08-23,97.411700,46306.000000,34.187500,,85.600000,,,97.000000,103.000000,49561.370000,,,,,,,,,,,,,
2021-08-24,97.436700,46318.000000,34.125000,,85.840000,,,97.000000,103.000000,47731.330000,,,,,,,,,,,,,
2021-08-25,97.483300,46278.000000,34.187500,,85.930000,,,97.000000,103.000000,49011.750000,,,,,,,,,,,,,
2021-08-26,97.545000,46188.000000,34.125000,,86.010000,,,97.000000,103.000000,46856.290000,,,,,,,,,,,,,
2021-08-27,97.566700,46199.000000,34.125000,,86.090000,,,97.000000,103.000000,49100.490000,,,,,,,,,,,,,
2021-08-28,,,,,86.170000,,,97.000000,103.000000,48935.360000,,,,,,,,,,,,,
2021-08-29,,,,,86.170000,,,97.000000,103.000000,48808.720000,,,,,,,,,,,,,
2021-08-30,97.716700,46154.000000,34.187500,,86.170000,,,97.000000,103.000000,47003.440000,,,,,,,,,,,,,
2021-08-31,97.751700,46180.000000,34.187500,,86.420000,2.500000,51.400000,97.000000,103.000000,47156.090000,,,,,,,,,,,,,
2021-09-01,97.780000,46094.000000,34.187500,,86.500000,,,97.000000,103.000000,48853.490000,,,,,,,,,,,,,
2021-09-02,97.833300,46024.000000,34.125000,,86.580000,,,97.000000,103.000000,49274.790000,,,,,,,,,,,,,
2021-09-03,97.868300,46033.000000,34.125000,,86.670000,,,97.000000,103.000000,50025.040000,,,,,,,,,,,,,
2021-09-04,,,,,86.750000,,,97.000000,103.000000,49943.160000,,,,,,,,,,,,,
2021-09-05,,,,,86.750000,,,97.000000,103.000000,51809.280000,,,,,,,,,,,,,
2021-09-06,97.950000,45985.000000,34.312500,,86.750000,,,97.000000,103.000000,52708.200000,,,,,,,,,,,,,
2021-09-07,97.988300,45896.000000,34.187500,,87.000000,,,97.000000,103.000000,46866.820000,,,,,,,,,,,,,
2021-09-08,98.023300,45806.000000,34.250000,,87.080000,,,98.000000,104.000000,46091.940000,,,,,,,,,,,,,
2021-09-09,98.050000,45726.000000,34.187500,,87.160000,,,98.000000,104.000000,46392.810000,,,,,,,,,,,,,
2021-09-10,98.096700,45762.000000,34.062500,,87.250000,,,98.000000,104.000000,44857.380000,,,,,,,,,,,,,
2021-09-11,,,,,87.330000,,,98.000000,104.000000,45176.660000,,,,,,,,,,,,,
2021-09-12,,,,,87.330000,,,98.000000,104.000000,46035.000000,,,,,,,,,,,,,
2021-09-13,98.208300,45778.000000,34.187500,,87.330000,,,98.000000,104.000000,44974.340000,,,,,,,,,,,,,
2021-09-14,98.220000,45817.000000,33.937500,,87.580000,,,98.000000,104.000000,47103.180000,,,,,,,,,,,,,
2021-09-15,98.245000,45682.000000,34.062500,,87.660000,,,98.000000,104.000000,48150.940000,,,,,,,,,,,,,
2021-09-16,98.311700,45525.000000,34.250000,,87.750000,,,98.000000,104.000000,47760.640000,,,,,,,,,,,,,
2021-09-17,98.348300,45335.000000,34.125000,,87.820000,,,98.000000,104.000000,47305.180000,,,,,,,,,,,,,
2021-09-18,,,,,87.890000,,,98.000000,104.000000,48326.740000,,,,,,,,,,,,,
2021-09-19,,,,,87.890000,,,98.000000,104.000000,47245.250000,,,,,,,,,,,,,
2021-09-20,98.481700,45230.000000,34.187500,,87.890000,,,98.000000,104.000000,43035.990000,,,,,,,,,,,,,
2021-09-21,98.491700,45170.000000,34.125000,,88.110000,,,98.000000,104.000000,40596.540000,,,,,,,,,,,,,
2021-09-22,98.505000,43178.000000,34.187500,,88.180000,,,98.000000,104.000000,43589.530000,,,,,,,,,,,,,
2021-09-23,98.518300,43134.000000,34.250000,,88.250000,,,98.000000,104.000000,44903.500000,,,,,,,,,,,,,
2021-09-24,98.560000,43132.000000,34.125000,,88.330000,,,98.000000,104.000000,42848.500000,,,,,,,,,,,,,
2021-09-25,,,,,88.400000,,,98.000000,104.000000,42722.190000,,,,,,,,,,,,,
2021-09-26,,,,,88.400000,,,98.000000,104.000000,43204.730000,,,,,,,,,,,,,
2021-09-27,98.668300,43140.000000,34.125000,,88.400000,,,98.000000,104.000000,42189.810000,,,,,,,,,,,,,
2021-09-28,98.681700,43089.000000,34.125000,,88.620000,,,98.000000,104.000000,41049.000000,,,,,,,,,,,,,
2021-09-29,98.705000,42895.000000,34.187500,,88.690000,,,98.000000,104.000000,41542.900000,,,,,,,,,,,,,
2021-09-30,98.735000,42911.000000,34.187500,,88.760000,3.500000,52.500000,98.000000,104.000000,43834.430000,,,,,,,,,,,,,
2021-10-01,98.781700,42850.000000,34.187500,,88.840000,,,98.000000,104.000000,48171.860000,,,,,,,,,,,,,
2021-10-02,,,,,88.910000,,,98.000000,104.000000,47685.800000,,,,,,,,,,,,,
2021-10-03,,,,,88.910000,,,98.000000,104.000000,48235.930000,,,,,,,,,,,,,
2021-10-04,98.885000,42825.000000,34.125000,,88.910000,,,98.000000,104.000000,49242.140000,,,,,,,,,,,,,
2021-10-05,98.900000,42719.000000,34.062500,,89.130000,,,99.000000,105.000000,51501.190000,,,,,,,,,,,,,
2021-10-06,98.921700,42796.000000,34.250000,,89.200000,,,99.000000,105.000000,55345.790000,,,,,,,,,,,,,
2021-10-07,98.945000,42848.000000,34.125000,,89.280000,,,99.000000,105.000000,53787.600000,,,,,,,,,,,,,
2021-10-08,,,,,89.350000,,,99.000000,105.000000,53957.210000,,,,,,,,,,,,,
2021-10-09,,,,,89.350000,,,99.000000,105.000000,54976.920000,,,,,,,,,,,,,
2021-10-10,,,,,89.350000,,,99.000000,105.000000,54714.950000,,,,,,,,,,,,,
2021-10-11,,,,,89.350000,,,99.000000,105.000000,57485.200000,,,,,,,,,,,,,
2021-10-12,99.100000,42898.000000,34.125000,,89.350000,,,98.000000,104.000000,55995.490000,,,,,,,,,,,,,
2021-10-13,99.125000,43004.000000,34.187500,,89.720000,,,99.000000,105.000000,57374.550000,,,,,,,,,,,,,
2021-10-14,99.155000,43020.000000,34.062500,,89.790000,,,99.000000,105.000000,57371.580000,,,,,,,,,,,,,
2021-10-15,99.185000,42932.000000,34.062500,,89.870000,,,99.000000,105.000000,61657.350000,,,,,,,,,,,,,
2021-10-16,,,,,89.940000,,,99.000000,105.000000,60870.260000,,,,,,,,,,,,,
2021-10-17,,,,,89.940000,,,99.000000,105.000000,61538.970000,,,,,,,,,,,,,
2021-10-18,99.275000,42944.000000,34.187500,,89.940000,,,99.000000,105.000000,62034.650000,,,,,,,,,,,,,
2021-10-19,99.305000,42984.000000,34.125000,,90.240000,,,99.000000,105.000000,64241.610000,,,,,,,,,,,,,
2021-10-20,99.338300,42989.000000,34.125000,,90.340000,,,99.000000,105.000000,65990.310000,,,,,,,,,,,,,
2021-10-21,99.368300,43006.000000,34.187500,,90.440000,,,99.000000,105.000000,62219.440000,,,,,,,,,,,,,
2021-10-22,99.398300,43038.000000,34.250000,,90.540000,,,99.000000,105.000000,60702.680000,,,,,,,,,,,,,
2021-10-23,,,,,90.640000,,,99.000000,105.000000,61338.760000,,,,,,,,,,,,,
2021-10-24,,,,,90.640000,,,99.000000,105.000000,60910.160000,,,,,,,,,,,,,
2021-10-25,99.493300,43059.000000,34.125000,,90.640000,,,99.000000,105.000000,63101.430000,,,,,,,,,,,,,
2021-10-26,99.526700,43070.000000,34.125000,,90.950000,,,99.000000,105.000000,60328.220000,,,,,,,,,,,,,
2021-10-27,99.616700,43040.000000,34.125000,,91.050000,,,99.000000,105.000000,58465.900000,,,,,,,,,,,,,
2021-10-28,99.691700,43010.000000,34.125000,,91.150000,,,99.000000,105.000000,60592.760000,,,,,,,,,,,,,
2021-10-29,99.721700,42817.000000,34.125000,,91.250000,,,99.000000,105.000000,62301.590000,,,,,,,,,,,,,
2021-10-30,,,,,91.350000,,,99.000000,105.000000,61932.300000,,,,,,,,,,,,,
2021-10-31,,,,,91.350000,3.500000,52.100000,99.000000,105.000000,61359.440000,,,,,,,,,,,,,
2021-11-01,99.825000,42782.000000,34.250000,,91.350000,,,99.000000,105.000000,60922.850000,,,,,,,,,,,,,
2021-11-02,99.853300,42749.000000,34.125000,,91.650000,,,99.000000,105.000000,63260.000000,,,,,,,,,,,,,
2021-11-03,99.903300,42658.000000,34.125000,,91.760000,,,99.000000,105.000000,62930.720000,,,,,,,,,,,,,
2021-11-04,99.951700,42577.000000,34.187500,,91.860000,,,99.000000,105.000000,61457.250000,,,,,,,,,,,,,
2021-11-05,99.946700,42791.000000,34.250000,,91.960000,,,99.000000,105.000000,61031.910000,,,,,,,,,,,,,
2021-11-06,,,,,92.060000,,,99.000000,105.000000,61542.440000,,,,,,,,,,,,,
2021-11-07,,,,,92.060000,,,99.000000,105.000000,63300.000000,,,,,,,,,,,,,
2021-11-08,100.050000,42797.000000,34.250000,,92.060000,,,100.000000,106.000000,67559.000000,,,,,,,,,,,,,
2021-11-09,100.098300,42880.000000,34.187500,,92.370000,,,100.000000,106.000000,66945.720000,,,,,,,,,,,,,
2021-11-10,100.143300,42791.000000,34.187500,,92.470000,,,100.000000,106.000000,64921.430000,,,,,,,,,,,,,
2021-11-11,100.175000,42798.000000,34.000000,,92.570000,,,101.000000,106.000000,64821.330000,,,,,,,,,,,,,
2021-11-12,100.226700,42608.000000,34.125000,,92.680000,,,100.000000,106.000000,64158.410000,,,,,,,,,,,,,
2021-11-13,,,,,92.780000,,,100.000000,106.000000,64417.520000,,,,,,,,,,,,,
2021-11-14,,,,,92.780000,,,100.000000,106.000000,65509.870000,,,,,,,,,,,,,
2021-11-15,100.291700,42523.000000,34.125000,,92.780000,,,100.000000,106.000000,63606.090000,,,,,,,,,,,,,
2021-11-16,100.308300,42461.000000,34.250000,,93.090000,,,100.000000,106.000000,60142.310000,,,,,,,,,,,,,
2021-11-17,100.358300,42500.000000,34.187500,,93.200000,,,100.000000,106.000000,60373.650000,,,,,,,,,,,,,
2021-11-18,100.406700,42361.000000,34.250000,,93.300000,,,100.000000,106.000000,56917.660000,,,,,,,,,,,,,
2021-11-19,100.465000,42275.000000,34.187500,,93.410000,,,100.000000,106.000000,58128.550000,,,,,,,,,,,,,
2021-11-20,,,,,93.520000,,,100.000000,106.000000,59768.540000,,,,,,,,,,,,,
2021-11-21,,,,,93.520000,,,100.000000,106.000000,58678.470000,,,,,,,,,,,,,
2021-11-22,,,,,93.520000,,,100.000000,106.000000,56294.110000,,,,,,,,,,,,,
2021-11-23,100.595000,42153.000000,34.187500,,93.520000,,,100.000000,106.000000,57579.990000,,,,,,,,,,,,,
2021-11-24,100.623300,42233.000000,34.187500,,93.950000,,,100.000000,106.000000,57185.060000,,,,,,,,,,,,,
2021-11-25,100.683300,42238.000000,34.125000,,94.060000,,,100.000000,106.000000,58990.140000,,,,,,,,,,,,,
2021-11-26,100.758300,42182.000000,34.125000,,94.160000,,,100.000000,106.000000,53789.350000,,,,,,,,,,,,,
2021-11-27,,,,,94.270000,,,100.000000,106.000000,54774.660000,,,,,,,,,,,,,
2021-11-28,,,,,94.270000,,,100.000000,106.000000,57338.550000,,,,,,,,,,,,,
2021-11-29,100.923300,42039.000000,34.250000,,94.270000,,,100.000000,106.000000,57845.120000,,,,,,,,,,,,,
2021-11-30,100.925000,41530.000000,34.125000,,94.600000,2.500000,51.200000,100.000000,106.000000,56974.120000,,,,,,,,,,,,,
2021-12-01,101.005000,41539.000000,34.187500,,94.700000,,,101.000000,107.000000,57251.590000,,,,,,,,,,,,,
2021-12-02,101.070000,41445.000000,34.062500,,94.810000,,,101.000000,107.000000,56547.960000,,,,,,,,,,,,,
2021-12-03,101.155000,41293.000000,34.125000,,94.920000,,,101.000000,107.000000,53743.690000,,,,,,,,,,,,,
2021-12-04,,,,,95.030000,,,101.000000,107.000000,49234.970000,,,,,,,,,,,,,
2021-12-05,,,,,95.030000,,,101.000000,107.000000,49463.220000,,,,,,,,,,,,,
2021-12-06,101.323300,41300.000000,34.250000,,95.030000,,,101.000000,107.000000,50555.000000,,,,,,,,,,,,,
2021-12-07,101.365000,41250.000000,34.125000,,95.360000,,,101.000000,107.000000,50627.320000,,,,,,,,,,,,,
2021-12-08,,,,,95.470000,,,101.000000,107.000000,50543.300000,,,,,,,,,,,,,
2021-12-09,101.508300,41161.000000,34.250000,,95.470000,,,101.000000,107.000000,47593.120000,,,,,,,,,,,,,
2021-12-10,101.580000,41181.000000,34.187500,,95.690000,,,101.000000,107.000000,47142.420000,,,,,,,,,,,,,
2021-12-11,,,,,95.800000,,,101.000000,107.000000,49400.540000,,,,,,,,,,,,,
2021-12-12,,,,,95.800000,,,101.000000,107.000000,50124.380000,,,,,,,,,,,,,
2021-12-13,101.725000,41199.000000,34.125000,,95.800000,,,101.000000,107.000000,46725.020000,,,,,,,,,,,,,
2021-12-14,101.773300,41171.000000,34.312500,,96.130000,,,101.000000,107.000000,48389.960000,,,,,,,,,,,,,
2021-12-15,101.830000,41105.000000,34.187500,,96.240000,,,102.000000,108.000000,48876.840000,,,,,,,,,,,,,
2021-12-16,101.888300,41114.000000,34.187500,,96.350000,,,102.000000,108.000000,47663.420000,,,,,,,,,,,,,
2021-12-17,101.966700,41119.000000,34.250000,,96.420000,,,102.000000,108.000000,46210.920000,,,,,,,,,,,,,
2021-12-18,,,,,96.500000,,,102.000000,108.000000,46881.870000,,,,,,,,,,,,,
2021-12-19,,,,,96.500000,,,102.000000,108.000000,46704.670000,,,,,,,,,,,,,
2021-12-20,102.145000,41107.000000,34.250000,,96.500000,,,102.000000,108.000000,46915.000000,,,,,,,,,,,,,
2021-12-21,102.201700,41110.000000,34.250000,,96.730000,,,102.000000,108.000000,48929.860000,,,,,,,,,,,,,
2021-12-22,102.276700,39153.000000,34.187500,,96.810000,,,102.000000,108.000000,48618.990000,,,,,,,,,,,,,
2021-12-23,102.330000,39156.000000,34.250000,,96.890000,,,102.000000,108.000000,50850.000000,,,,,,,,,,,,,
2021-12-24,,,,,96.960000,,,102.000000,108.000000,50841.480000,,,,,,,,,,,,,
2021-12-25,,,,,97.040000,,,102.000000,108.000000,50442.220000,,,,,,,,,,,,,
2021-12-26,,,,,97.040000,,,102.000000,108.000000,50791.210000,,,,,,,,,,,,,
2021-12-27,102.566700,39174.000000,34.250000,,97.040000,,,102.000000,108.000000,50718.110000,,,,,,,,,,,,,
2021-12-28,102.620000,39182.000000,34.250000,,97.270000,,,102.000000,108.000000,47543.300000,,,,,,,,,,,,,
2021-12-29,102.690000,39127.000000,34.187500,,97.350000,,,102.000000,108.000000,46483.360000,,,,,,,,,,,,,
2021-12-30,102.750000,39662.000000,34.125000,,97.430000,,,102.000000,108.000000,47150.710000,,,,,,,,,,,,,
2021-12-31,,,,,97.510000,3.800000,50.900000,102.000000,108.000000,46214.370000,,,,,,,,,,,,,
2022-01-01,,,,,97.580000,,,102.000000,108.000000,47777.420000,,,,,,,,,,,,,
2022-01-02,,,,,97.580000,,,102.000000,108.000000,47350.220000,,,,,,,,,,,,,
2022-01-03,103.040000,39596.000000,34.187500,,97.580000,,,102.000000,108.000000,46439.890000,,,,,,,,,,,,,
2022-01-04,103.080000,39575.000000,34.250000,,97.820000,,,103.000000,109.000000,45820.000000,,,,,,,,,,,,,
2022-01-05,103.150000,39587.000000,34.250000,,97.890000,,,103.000000,109.000000,43435.800000,,,,,,,,,,,,,
2022-01-06,103.230000,39466.000000,34.187500,,97.970000,,,103.000000,109.000000,43097.600000,,,,,,,,,,,,,
2022-01-07,103.290000,39122.000000,37.375000,,98.050000,,,103.000000,109.000000,41535.660000,,,,,,,,,,,,,
2022-01-08,,,,,98.130000,,,103.000000,109.000000,41690.770000,,,,,,,,,,,,,
2022-01-09,,,,,98.130000,,,103.000000,109.000000,41875.810000,,,,,,,,,,,,,
2022-01-10,103.508300,39172.000000,37.625000,,98.130000,,,103.000000,109.000000,41845.420000,,,,,,,,,,,,,
2022-01-11,103.576700,39191.000000,37.375000,,98.360000,,,103.000000,109.000000,42736.000000,,,,,,,,,,,,,
2022-01-12,103.641700,39200.000000,37.437500,,98.440000,,,103.000000,109.000000,43933.500000,,,,,,,,,,,,,
2022-01-13,103.743300,39205.000000,37.437500,,98.520000,,,103.000000,109.000000,42571.940000,,,,,,,,,,,,,
2022-01-14,103.846700,39133.000000,37.625000,,98.600000,,,103.000000,109.000000,43102.350000,,,,,,,,,,,,,
2022-01-15,,,,,98.680000,,,103.000000,109.000000,43102.010000,,,,,,,,,,,,,
2022-01-16,,,,,98.680000,,,103.000000,109.000000,43107.700000,,,,,,,,,,,,,
2022-01-17,104.070000,39141.000000,37.750000,,98.680000,,,103.000000,109.000000,42255.070000,,,,,,,,,,,,,
2022-01-18,104.186700,39091.000000,37.500000,,98.990000,,,104.000000,110.000000,42377.400000,,,,,,,,,,,,,
2022-01-19,104.238300,39033.000000,37.562500,,99.110000,,,104.000000,110.000000,41683.210000,,,,,,,,,,,,,
2022-01-20,104.303300,38944.000000,37.625000,,99.230000,,,104.000000,110.000000,40736.050000,,,,,,,,,,,,,
2022-01-21,104.353300,38945.000000,37.500000,,99.350000,,,104.000000,110.000000,36495.460000,,,,,,,,,,,,,
2022-01-22,,,,,99.470000,,,104.000000,110.000000,35091.110000,,,,,,,,,,,,,
2022-01-23,,,,,99.470000,,,104.000000,110.000000,36293.620000,,,,,,,,,,,,,
2022-01-24,104.531700,38951.000000,37.625000,,99.470000,,,104.000000,110.000000,36724.990000,,,,,,,,,,,,,
2022-01-25,104.603300,38952.000000,37.625000,,99.830000,,,104.000000,110.000000,36975.910000,,,,,,,,,,,,,
2022-01-26,104.683300,38872.000000,37.562500,,99.950000,,,104.000000,110.000000,36829.320000,,,,,,,,,,,,,
2022-01-27,104.758300,38517.000000,37.562500,,100.070000,,,104.000000,110.000000,37208.360000,,,,,,,,,,,,,
2022-01-28,104.826700,37622.000000,37.750000,,100.190000,,,105.000000,111.000000,37748.360000,,,,,,,,,,,,,
2022-01-29,,,,,100.310000,,,105.000000,111.000000,38192.650000,,,,,,,,,,,,,
2022-01-30,,,,,100.310000,,,105.000000,111.000000,37941.820000,,,,,,,,,,,,,
2022-01-31,105.015000,37589.000000,37.625000,,100.310000,3.900000,50.700000,105.000000,111.000000,38491.920000,,,,,,,,,,,,,
2022-02-01,105.135000,37560.000000,37.500000,,100.680000,,,105.000000,111.000000,38733.040000,,,,,,,,,,,,,
2022-02-02,105.216700,37562.000000,37.562500,,100.800000,,,105.000000,111.000000,36923.500000,,,,,,,,,,,,,
2022-02-03,105.310000,37565.000000,37.562500,,100.920000,,,105.000000,111.000000,37320.110000,,,,,,,,,,,,,
2022-02-04,105.415000,37189.000000,37.562500,,101.040000,,,105.000000,111.000000,41579.570000,,,,,,,,,,,,,
2022-02-05,,,,,101.160000,,,105.000000,111.000000,41427.720000,,,,,,,,,,,,,
2022-02-06,,,,,101.160000,,,105.000000,111.000000,42420.240000,,,,,,,,,,,,,
2022-02-07,105.695000,37213.000000,37.375000,,101.160000,,,105.000000,111.000000,43869.040000,,,,,,,,,,,,,
2022-02-08,105.795000,37218.000000,37.437500,,101.530000,,,105.000000,111.000000,44091.560000,,,,,,,,,,,,,
2022-02-09,105.905000,37230.000000,37.687500,,101.650000,,,106.000000,112.000000,44426.840000,,,,,,,,,,,,,
2022-02-10,106.005000,37233.000000,37.500000,,101.770000,,,106.000000,112.000000,43524.600000,,,,,,,,,,,,,
2022-02-11,106.113300,37241.000000,37.562500,,101.890000,,,106.000000,112.000000,42406.190000,,,,,,,,,,,,,
2022-02-12,,,,,102.020000,,,106.000000,112.000000,42241.110000,,,,,,,,,,,,,
2022-02-13,,,,,102.020000,,,106.000000,112.000000,42077.740000,,,,,,,,,,,,,
2022-02-14,106.391700,37265.000000,37.500000,,102.020000,,,106.000000,112.000000,42540.300000,,,,,,,,,,,,,
2022-02-15,106.476700,37281.000000,37.625000,,102.390000,,,106.000000,112.000000,44582.480000,,,,,,,,,,,,,
2022-02-16,106.575000,37306.000000,37.687500,,102.510000,,,106.000000,112.000000,43901.480000,,,,,,,,,,,,,
2022-02-17,106.676700,37317.000000,37.625000,,102.650000,,,106.000000,112.000000,40556.110000,,,,,,,,,,,,,
2022-02-18,106.778300,37353.000000,39.937500,,102.790000,,,106.000000,112.000000,39996.990000,,,,,,,,,,,,,
2022-02-19,,,,,102.930000,,,106.000000,112.000000,40109.020000,,,,,,,,,,,,,
2022-02-20,,,,,102.930000,,,106.000000,112.000000,38373.900000,,,,,,,,,,,,,
2022-02-21,107.055000,37322.000000,39.875000,,102.930000,,,107.000000,113.000000,37076.600000,,,,,,,,,,,,,
2022-02-22,107.156700,37260.000000,40.062500,,103.350000,,,107.000000,113.000000,38269.940000,,,,,,,,,,,,,
2022-02-23,107.300000,37235.000000,40.062500,,103.490000,,,107.000000,113.000000,37274.180000,,,,,,,,,,,,,
2022-02-24,107.393300,37079.000000,39.937500,,103.640000,,,107.000000,113.000000,38376.880000,,,,,,,,,,,,,
2022-02-25,107.441700,37018.000000,39.937500,,103.780000,,,107.000000,113.000000,39231.640000,,,,,,,,,,,,,
2022-02-26,,,,,103.920000,,,107.000000,113.000000,39146.660000,,,,,,,,,,,,,
2022-02-27,,,,,103.920000,,,107.000000,113.000000,37712.680000,,,,,,,,,,,,,
2022-02-28,,,,,103.920000,4.700000,52.300000,107.000000,113.000000,43178.980000,,,,,,,,,,,,,
2022-03-01,,,,,103.920000,,,107.000000,113.000000,44443.960000,,,,,,,,,,,,,
2022-03-02,107.935000,37045.000000,40.125000,,103.920000,,,107.000000,113.000000,43936.720000,,,,,,,,,,,,,
2022-03-03,108.038300,37067.000000,40.062500,,104.630000,,,107.000000,113.000000,42476.260000,,,,,,,,,,,,,
2022-03-04,108.161700,37107.000000,39.750000,,104.770000,,,108.000000,114.000000,39175.560000,,,,,,,,,,,,,
2022-03-05,,,,,104.920000,,,108.000000,114.000000,39416.790000,,,,,,,,,,,,,
2022-03-06,,,,,104.920000,,,108.000000,114.000000,38438.890000,,,,,,,,,,,,,
2022-03-07,108.451700,37329.000000,40.062500,,104.920000,,,108.000000,114.000000,38016.470000,,,,,,,,,,,,,
2022-03-08,108.556700,37380.000000,40.000000,,105.350000,,,108.000000,114.000000,38753.650000,,,,,,,,,,,,,
2022-03-09,108.676700,37313.000000,39.875000,,105.490000,,,108.000000,114.000000,41960.020000,,,,,,,,,,,,,
2022-03-10,108.783300,37321.000000,40.062500,,105.640000,,,108.000000,114.000000,39444.450000,,,,,,,,,,,,,
2022-03-11,108.886700,37262.000000,39.937500,,105.780000,,,108.000000,114.000000,38729.790000,,,,,,,,,,,,,
2022-03-12,,,,,105.930000,,,108.000000,114.000000,38822.020000,,,,,,,,,,,,,
2022-03-13,,,,,105.930000,,,108.000000,114.000000,37790.540000,,,,,,,,,,,,,
2022-03-14,109.210000,37221.000000,39.875000,,105.930000,,,109.000000,115.000000,39665.710000,,,,,,,,,,,,,
2022-03-15,109.305000,37031.000000,40.000000,,106.360000,,,109.000000,115.000000,39302.700000,,,,,,,,,,,,,
2022-03-16,109.426700,37064.000000,40.062500,,106.510000,,,109.000000,115.000000,41142.760000,,,,,,,,,,,,,
2022-03-17,109.520000,37039.000000,40.187500,,106.660000,,,109.000000,115.000000,40963.220000,,,,,,,,,,,,,
2022-03-18,109.636700,37014.000000,40.062500,,106.820000,,,109.000000,115.000000,41794.370000,,,,,,,,,,,,,
2022-03-19,,,,,106.980000,,,109.000000,115.000000,42235.310000,,,,,,,,,,,,,
2022-03-20,,,,,106.980000,,,109.000000,115.000000,41242.140000,,,,,,,,,,,,,
2022-03-21,109.991700,37018.000000,40.000000,,106.980000,,,109.000000,115.000000,41043.140000,,,,,,,,,,,,,
2022-03-22,110.071700,37020.000000,39.875000,,107.460000,,,109.000000,115.000000,42393.410000,,,,,,,,,,,,,
2022-03-23,110.185000,37075.000000,41.750000,,107.620000,,,110.000000,116.000000,42925.410000,,,,,,,,,,,,,
2022-03-24,,,,,107.780000,,,110.000000,116.000000,44025.990000,,,,,,,,,,,,,
2022-03-25,110.390000,43321.000000,41.937500,,107.780000,,,110.000000,116.000000,44320.600000,,,,,,,,,,,,,
2022-03-26,,,,,108.100000,,,110.000000,116.000000,44535.650000,,,,,,,,,,,,,
2022-03-27,,,,,108.100000,,,110.000000,116.000000,46864.390000,,,,,,,,,,,,,
2022-03-28,110.703300,43247.000000,42.000000,,108.100000,,,110.000000,116.000000,47152.380000,,,,,,,,,,,,,
2022-03-29,110.803300,43160.000000,41.937500,,108.580000,,,110.000000,116.000000,47459.030000,,,,,,,,,,,,,
2022-03-30,110.916700,43187.000000,42.000000,,108.740000,,,110.000000,116.000000,47068.080000,,,,,,,,,,,,,
2022-03-31,110.978300,43137.000000,41.812500,,108.900000,6.700000,55.100000,110.000000,116.000000,45517.270000,,,,,,,,,,,,,
2022-04-01,111.125000,43074.000000,42.000000,,109.060000,,,111.000000,117.000000,46307.810000,,,,,,,,,,,,,
2022-04-02,,,,,109.220000,,,111.000000,117.000000,45820.280000,,,,,,,,,,,,,
2022-04-03,,,,,109.220000,,,111.000000,117.000000,46401.570000,,,,,,,,,,,,,
2022-04-04,111.558300,43126.000000,42.000000,,109.220000,,,111.000000,117.000000,46598.200000,,,,,,,,,,,,,
2022-04-05,111.698300,43141.000000,42.125000,,109.710000,,,111.000000,117.000000,45502.730000,,,,,,,,,,,,,
2022-04-06,111.843300,43182.000000,42.125000,,109.870000,,,111.000000,117.000000,43191.590000,,,,,,,,,,,,,
2022-04-07,111.978300,43229.000000,41.937500,,110.040000,,,112.000000,118.000000,43454.530000,,,,,,,,,,,,,
2022-04-08,112.130000,43236.000000,41.937500,,110.200000,,,112.000000,118.000000,42290.110000,,,,,,,,,,,,,
2022-04-09,,,,,110.360000,,,112.000000,118.000000,42767.890000,,,,,,,,,,,,,
2022-04-10,,,,,110.360000,,,112.000000,118.000000,42133.850000,,,,,,,,,,,,,
2022-04-11,112.591700,43239.000000,42.000000,,110.360000,,,112.000000,118.000000,39524.860000,,,,,,,,,,,,,
2022-04-12,112.735000,43319.000000,41.875000,,110.850000,,,112.000000,118.000000,40097.460000,,,,,,,,,,,,,
2022-04-13,112.913300,43303.000000,41.875000,,111.020000,,,112.000000,118.000000,41147.740000,,,,,,,,,,,,,
2022-04-14,,,,,111.180000,,,112.000000,118.000000,39961.530000,,,,,,,,,,,,,
2022-04-15,,,,,111.180000,,,112.000000,118.000000,40563.180000,,,,,,,,,,,,,
2022-04-16,,,,,111.180000,,,112.000000,118.000000,40395.670000,,,,,,,,,,,,,
2022-04-17,,,,,111.180000,,,112.000000,118.000000,39691.270000,,,,,,,,,,,,,
2022-04-18,113.661700,43311.000000,44.562500,,111.180000,,,113.000000,119.000000,40814.600000,,,,,,,,,,,,,
2022-04-19,113.786700,43224.000000,44.250000,,112.240000,,,113.000000,119.000000,41505.770000,,,,,,,,,,,,,
2022-04-20,113.948300,43136.000000,44.312500,,112.480000,,,113.000000,119.000000,41375.850000,,,,,,,,,,,,,
2022-04-21,114.106700,43065.000000,44.375000,,112.720000,,,114.000000,120.000000,40470.760000,,,,,,,,,,,,,
2022-04-22,114.251700,42867.000000,44.312500,,112.970000,,,114.000000,120.000000,39726.030000,,,,,,,,,,,,,
2022-04-23,,,,,113.210000,,,114.000000,120.000000,39421.590000,,,,,,,,,,,,,
2022-04-24,,,,,113.210000,,,114.000000,120.000000,39467.400000,,,,,,,,,,,,,
2022-04-25,114.695000,42638.000000,44.437500,,113.210000,,,114.000000,120.000000,40441.110000,,,,,,,,,,,,,
2022-04-26,114.841700,42646.000000,44.625000,,113.950000,,,114.000000,120.000000,38137.670000,,,,,,,,,,,,,
2022-04-27,115.005000,42557.000000,44.562500,,114.200000,,,114.000000,120.000000,39256.050000,,,,,,,,,,,,,
2022-04-28,115.173300,42465.000000,44.500000,,114.440000,,,114.000000,120.000000,39754.200000,,,,,,,,,,,,,
2022-04-29,115.311700,42007.000000,44.375000,,114.690000,,,115.000000,121.000000,38593.420000,,,,,,,,,,,,,
2022-04-30,,,,,114.940000,6.000000,58.000000,115.000000,121.000000,37639.800000,,,,,,,,,,,,,
2022-05-01,,,,,114.940000,,,115.000000,121.000000,38488.340000,,,,,,,,,,,,,
2022-05-02,115.751700,42067.000000,44.625000,,114.940000,,,115.000000,121.000000,38521.010000,,,,,,,,,,,,,
2022-05-03,115.875000,42121.000000,44.437500,,115.690000,,,115.000000,121.000000,37729.950000,,,,,,,,,,,,,
2022-05-04,116.015000,42172.000000,44.437500,,115.940000,,,115.000000,121.000000,39685.230000,,,,,,,,,,,,,
2022-05-05,116.158300,41797.000000,44.625000,,116.190000,,,116.000000,122.000000,36533.930000,,,,,,,,,,,,,
2022-05-06,116.305000,41816.000000,44.562500,,116.440000,,,116.000000,122.000000,36019.220000,,,,,,,,,,,,,
2022-05-07,,,,,116.690000,,,116.000000,122.000000,35463.460000,,,,,,,,,,,,,
2022-05-08,,,,,116.690000,,,116.000000,122.000000,34025.500000,,,,,,,,,,,,,
2022-05-09,116.755000,41629.000000,44.625000,,116.690000,,,116.000000,122.000000,30082.000000,,,,,,,,,,,,,
2022-05-10,116.915000,41620.000000,44.375000,,117.450000,,,116.000000,122.000000,30999.970000,,,,,,,,,,,,,
2022-05-11,117.088300,41625.000000,44.625000,,117.700000,,,116.000000,122.000000,29000.000000,,,,,,,,,,,,,
2022-05-12,117.251700,41342.000000,44.562500,,117.960000,,,117.000000,123.000000,28896.190000,,,,,,,,,,,,,
2022-05-13,117.406700,41290.000000,46.375000,,118.210000,,,117.000000,123.000000,29238.810000,,,,,,,,,,,,,
2022-05-14,,,,,118.470000,,,117.000000,123.000000,30033.960000,,,,,,,,,,,,,
2022-05-15,,,,,118.470000,,,117.000000,123.000000,31295.030000,,,,,,,,,,,,,
2022-05-16,117.871700,41358.000000,45.687500,,118.470000,,,117.000000,123.000000,29832.450000,,,,,,,,,,,,,
2022-05-17,118.038300,41396.000000,46.500000,,119.210000,,,118.000000,124.000000,30425.360000,,,,,,,,,,,,,
2022-05-18,,,,,119.430000,,,118.000000,124.000000,28681.260000,,,,,,,,,,,,,
2022-05-19,118.358300,41486.000000,46.562500,,119.430000,,,118.000000,124.000000,30290.330000,,,,,,,,,,,,,
2022-05-20,118.491700,41541.000000,46.375000,,119.880000,,,118.000000,124.000000,29176.700000,,,,,,,,,,,,,
2022-05-21,,,,,120.110000,,,118.000000,124.000000,29421.050000,,,,,,,,,,,,,
2022-05-22,,,,,120.110000,,,118.000000,124.000000,30264.660000,,,,,,,,,,,,,
2022-05-23,118.948300,41647.000000,46.437500,,120.110000,,,118.000000,124.000000,29081.760000,,,,,,,,,,,,,
2022-05-24,119.101700,41654.000000,46.375000,,120.790000,,,118.000000,124.000000,29632.150000,,,,,,,,,,,,,
2022-05-25,,,,,121.010000,,,118.000000,124.000000,29510.150000,,,,,,,,,,,,,
2022-05-26,119.416700,41466.000000,46.500000,,121.010000,,,119.000000,125.000000,29183.060000,,,,,,,,,,,,,
2022-05-27,119.558300,41544.000000,46.437500,,121.470000,,,119.000000,125.000000,28589.480000,,,,,,,,,,,,,
2022-05-28,,,,,121.700000,,,119.000000,125.000000,29010.820000,,,,,,,,,,,,,
2022-05-29,,,,,121.700000,,,119.000000,125.000000,29448.940000,,,,,,,,,,,,,
2022-05-30,120.005000,41650.000000,46.500000,,121.700000,,,119.000000,125.000000,31731.220000,,,,,,,,,,,,,
2022-05-31,120.161700,41561.000000,45.812500,,122.390000,5.100000,60.700000,119.000000,125.000000,31762.760000,,,,,,,,,,,,,
2022-06-01,120.325000,41573.000000,46.687500,,122.620000,,,120.000000,126.000000,29787.400000,,,,,,,,,,,,,
2022-06-02,120.468300,41600.000000,46.500000,,122.850000,,,120.000000,126.000000,30437.180000,,,,,,,,,,,,,
2022-06-03,120.628300,41613.000000,46.437500,,123.080000,,,120.000000,126.000000,29669.390000,,,,,,,,,,,,,
2022-06-04,,,,,123.310000,,,120.000000,126.000000,29853.510000,,,,,,,,,,,,,
2022-06-05,,,,,123.310000,,,120.000000,126.000000,29888.980000,,,,,,,,,,,,,
2022-06-06,121.108300,41622.000000,46.625000,,123.310000,,,121.000000,127.000000,31351.210000,,,,,,,,,,,,,
2022-06-07,121.278300,41642.000000,46.562500,,124.010000,,,121.000000,127.000000,31115.820000,,,,,,,,,,,,,
2022-06-08,121.455000,41621.000000,46.625000,,124.240000,,,121.000000,127.000000,30185.580000,,,,,,,,,,,,,
2022-06-09,121.625000,41627.000000,46.500000,,124.470000,,,121.000000,127.000000,30089.030000,,,,,,,,,,,,,
2022-06-10,121.793300,41597.000000,46.562500,,124.710000,,,121.000000,127.000000,29065.660000,,,,,,,,,,,,,
2022-06-11,,,,,124.940000,,,121.000000,127.000000,28390.940000,,,,,,,,,,,,,
2022-06-12,,,,,124.940000,,,121.000000,127.000000,26585.100000,,,,,,,,,,,,,
2022-06-13,122.298300,41352.000000,46.625000,,124.940000,,,122.000000,128.000000,22450.430000,,,,,,,,,,,,,
2022-06-14,122.475000,41231.000000,46.312500,,125.650000,,,122.000000,128.000000,22097.300000,,,,,,,,,,,,,
2022-06-15,122.690000,41096.000000,46.500000,,125.890000,,,122.000000,128.000000,22555.270000,,,,,,,,,,,,,
2022-06-16,122.895000,40903.000000,46.687500,,126.120000,,,122.000000,128.000000,20382.880000,,,,,,,,,,,,,
2022-06-17,,,,,126.330000,,,122.000000,128.000000,20440.700000,,,,,,,,,,,,,
2022-06-18,,,,,126.330000,,,122.000000,128.000000,18956.800000,,,,,,,,,,,,,
2022-06-19,,,,,126.330000,,,122.000000,128.000000,20552.820000,,,,,,,,,,,,,
2022-06-20,,,,,126.330000,,,122.000000,128.000000,20555.440000,,,,,,,,,,,,,
2022-06-21,123.685000,40011.000000,50.812500,,126.330000,,,123.000000,129.000000,20712.290000,,,,,,,,,,,,,
2022-06-22,123.861700,38231.000000,50.687500,,127.380000,,,123.000000,129.000000,19963.680000,,,,,,,,,,,,,
2022-06-23,124.033300,38085.000000,50.750000,,127.600000,,,123.000000,129.000000,21093.420000,,,,,,,,,,,,,
2022-06-24,124.255000,38006.000000,50.500000,,127.810000,,,123.000000,129.000000,21215.420000,,,,,,,,,,,,,
2022-06-25,,,,,128.020000,,,123.000000,129.000000,21486.800000,,,,,,,,,,,,,
2022-06-26,,,,,128.020000,,,123.000000,129.000000,21028.690000,,,,,,,,,,,,,
2022-06-27,124.705000,38119.000000,50.812500,,128.020000,,,124.000000,130.000000,20699.720000,,,,,,,,,,,,,
2022-06-28,124.875000,42164.000000,50.562500,,128.660000,,,124.000000,130.000000,20261.340000,,,,,,,,,,,,,
2022-06-29,125.045000,42472.000000,50.750000,,128.870000,,,124.000000,130.000000,20093.180000,,,,,,,,,,,,,
2022-06-30,125.215000,42787.000000,50.625000,,129.080000,5.300000,64.000000,124.000000,130.000000,19924.890000,,,,,,,,,,,,,
2022-07-01,125.411700,42358.000000,50.937500,,129.300000,,,125.000000,131.000000,19239.470000,,,,,,,,,,,,,
2022-07-02,,,,,129.510000,,,125.000000,131.000000,19228.250000,,,,,,,,,,,,,
2022-07-03,,,,,129.510000,,,125.000000,131.000000,19294.460000,,,,,,,,,,,,,
2022-07-04,125.988300,42367.000000,50.875000,,129.510000,,,126.000000,132.000000,20209.530000,,,,,,,,,,,,,
2022-07-05,126.183300,42316.000000,50.750000,,130.160000,,,127.000000,133.000000,20168.630000,,,,,,,,,,,,,
2022-07-06,126.378300,42275.000000,51.062500,,130.380000,,,127.000000,133.000000,20547.450000,,,,,,,,,,,,,
2022-07-07,126.570000,42211.000000,50.812500,,130.590000,,,127.000000,133.000000,21643.560000,,,,,,,,,,,,,
2022-07-08,126.778300,40455.000000,51.000000,,130.810000,,,128.000000,134.000000,21584.140000,,,,,,,,,,,,,
2022-07-09,,,,,131.030000,,,128.000000,134.000000,21588.350000,,,,,,,,,,,,,
2022-07-10,,,,,131.030000,,,128.000000,134.000000,20856.080000,,,,,,,,,,,,,
2022-07-11,127.371700,40457.000000,51.000000,,131.030000,,,129.000000,135.000000,19949.710000,,,,,,,,,,,,,
2022-07-12,127.573300,40397.000000,50.750000,,131.680000,,,129.000000,135.000000,19321.140000,,,,,,,,,,,,,
2022-07-13,127.793300,40403.000000,50.875000,,131.900000,,,129.000000,135.000000,20232.350000,,,,,,,,,,,,,
2022-07-14,128.016700,40132.000000,51.000000,,132.120000,,,129.000000,135.000000,20577.230000,,,,,,,,,,,,,
2022-07-15,128.231700,40147.000000,50.875000,,132.340000,,,129.000000,135.000000,20835.390000,,,,,,,,,,,,,
2022-07-16,,,,,132.560000,,,129.000000,135.000000,21195.490000,,,,,,,,,,,,,
2022-07-17,,,,,132.560000,,,129.000000,135.000000,20801.850000,,,,,,,,,,,,,
2022-07-18,128.898300,40014.000000,50.812500,,132.560000,,,130.000000,136.000000,22435.040000,,,,,,,,,,,,,
2022-07-19,129.126700,39864.000000,50.750000,,133.220000,,,130.000000,136.000000,23405.020000,,,,,,,,,,,,,
2022-07-20,129.390000,39747.000000,50.562500,,133.440000,,,130.000000,136.000000,23208.530000,,,,,,,,,,,,,
2022-07-21,129.610000,39681.000000,51.000000,,133.660000,,,130.000000,136.000000,23163.340000,,,,,,,,,,,,,
2022-07-22,129.760000,39718.000000,50.750000,,133.890000,,,131.000000,137.000000,22682.260000,,,,,,,,,,,,,
2022-07-23,,,,,134.110000,,,131.000000,137.000000,22468.690000,,,,,,,,,,,,,
2022-07-24,,,,,134.110000,,,131.000000,137.000000,22595.810000,,,,,,,,,,,,,
2022-07-25,130.403300,39760.000000,50.687500,,134.110000,,,131.000000,137.000000,21306.560000,,,,,,,,,,,,,
2022-07-26,130.623300,39464.000000,50.500000,,134.780000,,,131.000000,137.000000,21259.780000,,,,,,,,,,,,,
2022-07-27,130.893300,39354.000000,50.875000,,135.010000,,,132.000000,138.000000,22969.040000,,,,,,,,,,,,,
2022-07-28,131.125000,39217.000000,51.000000,,135.230000,,,132.000000,138.000000,23853.110000,,,,,,,,,,,,,
2022-07-29,131.226700,38232.000000,55.625000,,135.460000,,,132.000000,138.000000,23785.310000,,,,,,,,,,,,,
2022-07-30,,,,,135.680000,,,132.000000,138.000000,23644.580000,,,,,,,,,,,,,
2022-07-31,,,,,135.680000,7.400000,71.000000,132.000000,138.000000,23322.530000,,,,,,,,,,,,,
2022-08-01,131.935000,38039.000000,56.500000,,135.680000,,,133.000000,139.000000,23282.920000,,,,,,,,,,,,,
2022-08-02,132.178300,38010.000000,55.375000,,136.360000,,,133.000000,139.000000,23001.520000,,,,,,,,,,,,,
2022-08-03,132.410000,37819.000000,56.375000,,136.590000,,,133.000000,139.000000,22835.880000,,,,,,,,,,,,,
2022-08-04,132.641700,37334.000000,56.187500,,136.820000,,,134.000000,140.000000,22615.240000,,,,,,,,,,,,,
2022-08-05,132.886700,37213.000000,56.312500,,137.050000,,,134.000000,140.000000,23326.400000,,,,,,,,,,,,,
2022-08-06,,,,,137.270000,,,134.000000,140.000000,22956.610000,,,,,,,,,,,,,
2022-08-07,,,,,137.270000,,,134.000000,140.000000,23187.620000,,,,,,,,,,,,,
2022-08-08,133.560000,37155.000000,56.562500,,137.270000,,,134.000000,140.000000,23821.680000,,,,,,,,,,,,,
2022-08-09,133.803300,37054.000000,55.750000,,137.960000,,,135.000000,141.000000,23164.780000,,,,,,,,,,,,,
2022-08-10,134.038300,37081.000000,56.187500,,138.190000,,,135.000000,141.000000,23964.000000,,,,,,,,,,,,,
2022-08-11,134.228300,37010.000000,56.562500,,138.420000,,,135.000000,141.000000,23959.000000,,,,,,,,,,,,,
2022-08-12,134.518300,37018.000000,63.500000,,138.650000,,,136.000000,142.000000,24407.000000,,,,,,,,,,,,,
2022-08-13,,,,,138.880000,,,136.000000,142.000000,24456.000000,,,,,,,,,,,,,
2022-08-14,,,,,138.880000,,,136.000000,142.000000,24320.000000,,,,,,,,,,,,,
2022-08-15,,,,,138.880000,,,136.000000,142.000000,24110.000000,,,,,,,,,,,,,
2022-08-16,135.395000,36867.000000,63.750000,,138.880000,,,136.000000,142.000000,23867.000000,,,,,,,,,,,,,
2022-08-17,135.570000,36952.000000,63.500000,,139.900000,,,137.000000,143.000000,23340.000000,,,,,,,,,,,,,
2022-08-18,135.773300,37122.000000,63.375000,,140.230000,,,136.000000,142.000000,23201.000000,,,,,,,,,,,,,
2022-08-19,136.060000,37066.000000,62.750000,,140.550000,,,137.000000,143.000000,20841.000000,,,,,,,,,,,,,
2022-08-20,,,,,140.870000,,,137.000000,143.000000,21146.000000,,,,,,,,,,,,,
2022-08-21,,,,,140.870000,,,137.000000,143.000000,21514.000000,,,,,,,,,,,,,
2022-08-22,136.685000,36981.000000,64.125000,,140.870000,,,138.000000,144.000000,21411.000000,,,,,,,,,,,,,
2022-08-23,136.903300,37024.000000,63.062500,,141.850000,,,138.000000,144.000000,21520.000000,,,,,,,,,,,,,
2022-08-24,137.145000,37004.000000,63.375000,,142.180000,,,138.000000,144.000000,21372.000000,,,,,,,,,,,,,
2022-08-25,137.393300,37027.000000,63.312500,,142.500000,,,139.000000,145.000000,21571.000000,,,,,,,,,,,,,
2022-08-26,137.651700,36932.000000,63.437500,,142.830000,,,139.000000,145.000000,20250.000000,,,,,,,,,,,,,
2022-08-27,,,,,143.160000,,,139.000000,145.000000,20045.000000,,,,,,,,,,,,,
2022-08-28,,,,,143.160000,,,139.000000,145.000000,19557.000000,,,,,,,,,,,,,
2022-08-29,138.325000,36841.000000,63.625000,,143.160000,,,139.000000,145.000000,20302.000000,,,,,,,,,,,,,
2022-08-30,138.571700,36846.000000,63.250000,,144.150000,,,140.000000,146.000000,19819.000000,,,,,,,,,,,,,
2022-08-31,138.713300,36734.000000,63.875000,,144.490000,7.000000,78.500000,140.000000,146.000000,20059.000000,,,,,,,,,,,,,
2022-09-01,139.005000,36642.000000,64.625000,,144.820000,,,140.000000,146.000000,20128.000000,,,,,,,,,,,,,
2022-09-02,,,,,145.150000,,,140.000000,146.000000,19959.000000,,,,,,,,,,,,,
2022-09-03,,,,,145.490000,,,140.000000,146.000000,19840.000000,,,,,,,,,,,,,
2022-09-04,,,,,145.490000,,,140.000000,146.000000,20007.000000,,,,,,,,,,,,,
2022-09-05,140.200000,36577.000000,64.187500,,145.490000,,,141.000000,147.000000,19794.000000,,,,,,,,,,,,,
2022-09-06,140.578300,36630.000000,62.937500,,146.500000,,,141.000000,147.000000,18789.000000,,,,,,,,,,,,,
2022-09-07,140.820000,36861.000000,63.812500,,146.830000,,,142.000000,148.000000,19276.000000,,,,,,,,,,,,,
2022-09-08,141.176700,37284.000000,63.562500,,147.170000,,,142.000000,148.000000,19322.000000,,,,,,,,,,,,,
2022-09-09,141.375000,37508.000000,63.687500,,147.510000,,,142.000000,148.000000,21371.000000,,,,,,,,,,,,,
2022-09-10,,,,,147.850000,,,142.000000,148.000000,21672.000000,,,,,,,,,,,,,
2022-09-11,,,,,147.850000,,,142.000000,148.000000,21835.000000,,,,,,,,,,,,,
2022-09-12,142.275000,37652.000000,64.187500,,147.850000,,,143.000000,149.000000,22401.000000,,,,,,,,,,,,,
2022-09-13,142.575000,37753.000000,63.937500,,148.880000,,,144.000000,150.000000,20177.000000,,,,,,,,,,,,,
2022-09-14,142.875000,37922.000000,63.875000,,149.220000,,,144.000000,150.000000,20233.000000,,,,,,,,,,,,,
2022-09-15,143.181700,37916.000000,64.062500,,149.560000,,,144.000000,150.000000,19691.000000,,,,,,,,,,,,,
2022-09-16,143.496700,38120.000000,68.187500,,149.910000,,,142.000000,150.000000,19802.000000,,,,,,,,,,,,,
2022-09-17,,,,,150.250000,,,142.000000,150.000000,20114.000000,,,,,,,,,,,,,
2022-09-18,,,,,150.250000,,,142.000000,150.000000,19419.000000,,,,,,,,,,,,,
2022-09-19,144.345000,38251.000000,68.687500,,150.250000,,,143.000000,151.000000,19538.000000,,,,,,,,,,,,,
2022-09-20,144.631700,38341.000000,68.687500,,151.270000,,,143.000000,151.000000,18878.000000,,,,,,,,,,,,,
2022-09-21,144.903300,37593.000000,69.687500,,151.610000,,,144.000000,152.000000,18466.000000,,,,,,,,,,,,,
2022-09-22,145.168300,36141.000000,68.625000,,151.950000,,,144.000000,152.000000,19403.000000,,,,,,,,,,,,,
2022-09-23,145.458300,36075.000000,68.750000,,152.300000,,,144.000000,152.000000,19294.000000,,,,,,,,,,,,,
2022-09-24,,,,,152.640000,,,144.000000,152.000000,18921.000000,,,,,,,,,,,,,
2022-09-25,,,,,152.640000,,,144.000000,152.000000,18810.000000,,,,,,,,,,,,,
2022-09-26,146.263300,36309.000000,69.250000,,152.640000,,,145.000000,153.000000,19226.000000,,,,,,,,,,,,,
2022-09-27,146.558300,36570.000000,68.250000,,153.680000,,,145.000000,153.000000,19075.000000,,,,,,,,,,,,,
2022-09-28,146.838300,36839.000000,69.000000,,154.020000,,,146.000000,154.000000,19413.000000,,,,,,,,,,,,,
2022-09-29,147.090000,37278.000000,69.125000,,154.370000,,,146.000000,154.000000,19592.000000,,,,,,,,,,,,,
2022-09-30,147.315000,37625.000000,69.125000,,154.720000,6.200000,83.000000,146.000000,154.000000,19425.000000,,,,,,,,,,,,,
2022-10-01,,,,,155.070000,,,146.000000,154.000000,19312.000000,,,,,,,,,,,,,
2022-10-02,,,,,155.070000,,,146.000000,154.000000,19051.000000,,,,,,,,,,,,,
2022-10-03,148.243300,37671.000000,69.812500,,155.070000,,,147.000000,155.000000,19636.000000,,,,,,,,,,,,,
2022-10-04,148.576700,37752.000000,68.750000,,156.120000,,,148.000000,156.000000,20343.000000,,,,,,,,,,,,,
2022-10-05,148.913300,37832.000000,69.500000,,156.470000,,,148.000000,156.000000,20162.000000,,,,,,,,,,,,,
2022-10-06,149.198300,36547.000000,68.625000,,156.830000,,,148.000000,156.000000,19951.000000,,,,,,,,,,,,,
2022-10-07,,,,,157.180000,,,148.000000,156.000000,19532.000000,,,,,,,,,,,,,
2022-10-08,,,,,157.180000,,,148.000000,156.000000,19420.000000,,,,,,,,,,,,,
2022-10-09,,,,,157.180000,,,148.000000,156.000000,19445.000000,,,,,,,,,,,,,
2022-10-10,,,,,157.180000,,,148.000000,156.000000,19131.000000,,,,,,,,,,,,,
2022-10-11,150.728300,40123.000000,69.812500,,157.180000,,,150.000000,158.000000,19059.000000,,,,,,,,,,,,,
2022-10-12,151.026700,40074.000000,69.562500,,158.960000,,,150.000000,158.000000,19157.000000,,,,,,,,,,,,,
2022-10-13,151.321700,40052.000000,69.375000,,159.320000,,,150.000000,158.000000,19377.000000,,,,,,,,,,,,,
2022-10-14,151.628300,39263.000000,68.750000,,159.680000,,,150.000000,158.000000,19181.000000,,,,,,,,,,,,,
2022-10-15,,,,,160.040000,,,150.000000,158.000000,19066.000000,,,,,,,,,,,,,
2022-10-16,,,,,160.040000,,,150.000000,158.000000,19264.000000,,,,,,,,,,,,,
2022-10-17,152.530000,39192.000000,69.437500,,160.040000,,,151.000000,159.000000,19547.000000,,,,,,,,,,,,,
2022-10-18,152.825000,39200.000000,68.250000,,161.030000,,,152.000000,160.000000,19334.000000,,,,,,,,,,,,,
2022-10-19,153.165000,39085.000000,68.687500,,161.340000,,,152.000000,160.000000,19126.000000,,,,,,,,,,,,,
2022-10-20,153.500000,39788.000000,68.625000,,161.650000,,,152.000000,160.000000,19043.000000,,,,,,,,,,,,,
2022-10-21,153.811700,39737.000000,69.125000,,161.970000,,,153.000000,161.000000,19165.000000,,,,,,,,,,,,,
2022-10-22,,,,,162.280000,,,153.000000,161.000000,19206.000000,,,,,,,,,,,,,
2022-10-23,,,,,162.280000,,,153.000000,161.000000,19574.000000,,,,,,,,,,,,,
2022-10-24,154.736700,39666.000000,69.125000,,162.280000,,,154.000000,162.000000,19332.000000,,,,,,,,,,,,,
2022-10-25,155.053300,39679.000000,68.250000,,163.230000,,,154.000000,162.000000,20087.000000,,,,,,,,,,,,,
2022-10-26,155.396700,39697.000000,69.250000,,163.550000,,,154.000000,162.000000,20775.000000,,,,,,,,,,,,,
2022-10-27,155.698300,39706.000000,68.937500,,163.860000,,,154.000000,162.000000,20296.000000,,,,,,,,,,,,,
2022-10-28,156.016700,38940.000000,68.812500,,164.180000,,,155.000000,163.000000,20599.000000,,,,,,,,,,,,,
2022-10-29,,,,,164.500000,,,155.000000,163.000000,20821.000000,,,,,,,,,,,,,
2022-10-30,,,,,164.500000,,,155.000000,163.000000,20628.000000,,,,,,,,,,,,,
2022-10-31,156.895000,38676.000000,69.500000,,164.500000,6.300000,88.000000,155.000000,164.000000,20498.000000,,,,,,,,,,,,,
2022-11-01,157.235000,38746.000000,69.125000,,165.460000,,,156.000000,164.000000,20480.000000,,,,,,,,,,,,,
2022-11-02,157.593300,38653.000000,69.812500,,165.780000,,,156.000000,164.000000,20154.000000,,,,,,,,,,,,,
2022-11-03,157.940000,38485.000000,68.750000,,166.100000,,,157.000000,165.000000,20209.000000,,,,,,,,,,,,,
2022-11-04,158.266700,38266.000000,69.625000,,166.430000,,,157.000000,165.000000,21153.000000,,,,,,,,,,,,,
2022-11-05,,,,,166.750000,,,157.000000,165.000000,21301.000000,,,,,,,,,,,,,
2022-11-06,,,,,166.750000,,,157.000000,165.000000,20907.000000,,,,,,,,,,,,,
2022-11-07,159.330000,38014.000000,69.437500,,166.750000,,,158.000000,166.000000,20590.000000,,,,,,,,,,,,,
2022-11-08,159.708300,37837.000000,69.062500,,167.720000,,,159.000000,167.000000,18550.000000,,,,,,,,,,,,,
2022-11-09,160.046700,37828.000000,68.437500,,168.050000,,,159.000000,167.000000,15877.000000,,,,,,,,,,,,,
2022-11-10,160.363300,37803.000000,70.125000,,168.380000,,,160.000000,168.000000,17551.000000,,,,,,,,,,,,,
2022-11-11,160.706700,38086.000000,70.000000,,168.700000,,,160.000000,168.000000,17007.000000,,,,,,,,,,,,,
2022-11-12,,,,,169.030000,,,160.000000,168.000000,16788.000000,,,,,,,,,,,,,
2022-11-13,,,,,169.030000,,,160.000000,168.000000,16310.000000,,,,,,,,,,,,,
2022-11-14,161.761700,38007.000000,69.687500,,169.030000,,,161.000000,169.000000,16589.000000,,,,,,,,,,,,,
2022-11-15,162.128300,37867.000000,68.625000,,170.020000,,,161.000000,169.000000,16874.000000,,,,,,,,,,,,,
2022-11-16,162.456700,37790.000000,69.250000,,170.350000,,,162.000000,170.000000,16654.000000,,,,,,,,,,,,,
2022-11-17,162.795000,37617.000000,68.687500,,170.700000,,,162.000000,170.000000,16686.000000,,,,,,,,,,,,,
2022-11-18,163.146700,37564.000000,68.562500,,171.040000,,,162.000000,170.000000,16683.000000,,,,,,,,,,,,,
2022-11-19,,,,,171.390000,,,162.000000,170.000000,16690.000000,,,,,,,,,,,,,
2022-11-20,,,,,171.390000,,,162.000000,170.000000,16256.000000,,,,,,,,,,,,,
2022-11-21,,,,,171.390000,,,162.000000,170.000000,15766.000000,,,,,,,,,,,,,
2022-11-22,164.523300,37588.000000,69.625000,,171.390000,,,164.000000,172.000000,16197.000000,,,,,,,,,,,,,
2022-11-23,164.846700,37604.000000,69.250000,,172.790000,,,164.000000,172.000000,16603.000000,,,,,,,,,,,,,
2022-11-24,165.213300,37622.000000,68.375000,,173.150000,,,164.000000,172.000000,16591.000000,,,,,,,,,,,,,
2022-11-25,165.588300,37538.000000,69.187500,,173.500000,,,164.000000,172.000000,16508.000000,,,,,,,,,,,,,
2022-11-26,,,,,173.850000,,,164.000000,172.000000,16454.000000,,,,,,,,,,,,,
2022-11-27,,,,,173.850000,,,164.000000,172.000000,16424.000000,,,,,,,,,,,,,
2022-11-28,166.625000,37658.000000,69.312500,,173.850000,,,166.000000,174.000000,16210.000000,,,,,,,,,,,,,
2022-11-29,166.955000,37861.000000,68.312500,,174.920000,,,166.000000,174.000000,16434.000000,,,,,,,,,,,,,
2022-11-30,167.255000,38009.000000,69.500000,,175.280000,4.900000,92.400000,166.000000,175.000000,17170.000000,,,,,,,,,,,,,
2022-12-01,167.685000,38188.000000,69.062500,,175.630000,,,166.000000,175.000000,16977.000000,,,,,,,,,,,,,
2022-12-02,168.093300,38294.000000,69.000000,,175.990000,,,166.000000,175.000000,17095.000000,,,,,,,,,,,,,
2022-12-03,,,,,176.350000,,,166.000000,175.000000,16886.000000,,,,,,,,,,,,,
2022-12-04,,,,,176.350000,,,166.000000,175.000000,17114.000000,,,,,,,,,,,,,
2022-12-05,169.135000,38568.000000,69.937500,,176.350000,,,167.000000,176.000000,16968.000000,,,,,,,,,,,,,
2022-12-06,169.508300,38702.000000,69.125000,,177.430000,,,168.000000,177.000000,17087.000000,,,,,,,,,,,,,
2022-12-07,169.868300,39007.000000,69.375000,,177.790000,,,168.000000,177.000000,16836.000000,,,,,,,,,,,,,
2022-12-08,,,,,178.150000,,,168.000000,177.000000,17229.000000,,,,,,,,,,,,,
2022-12-09,,,,,178.150000,,,168.000000,177.000000,17128.000000,,,,,,,,,,,,,
2022-12-10,,,,,178.150000,,,168.000000,177.000000,17128.000000,,,,,,,,,,,,,
2022-12-11,,,,,178.150000,,,168.000000,177.000000,17091.000000,,,,,,,,,,,,,
2022-12-12,171.425000,39594.000000,70.250000,,178.150000,,,170.000000,179.000000,17209.000000,,,,,,,,,,,,,
2022-12-13,171.761700,39681.000000,69.562500,,179.980000,,,170.000000,179.000000,17772.000000,,,,,,,,,,,,,
2022-12-14,172.100000,39694.000000,69.500000,,180.340000,,,170.000000,179.000000,17803.000000,,,,,,,,,,,,,
2022-12-15,172.425000,39637.000000,68.937500,,180.710000,,,170.000000,179.000000,17362.000000,,,,,,,,,,,,,
2022-12-16,172.730000,39794.000000,69.562500,,181.080000,,,171.000000,180.000000,16633.000000,,,,,,,,,,,,,
2022-12-17,,,,,181.360000,,,171.000000,180.000000,16781.000000,,,,,,,,,,,,,
2022-12-18,,,,,181.360000,,,171.000000,180.000000,16749.000000,,,,,,,,,,,,,
2022-12-19,173.645000,39797.000000,69.375000,,181.360000,,,172.000000,181.000000,16446.000000,,,,,,,,,,,,,
2022-12-20,173.931700,39898.000000,69.062500,,182.200000,,,172.000000,181.000000,16898.000000,,,,,,,,,,,,,
2022-12-21,174.250000,39057.000000,68.875000,,182.480000,,,172.000000,181.000000,16824.000000,,,,,,,,,,,,,
2022-12-22,174.588300,43267.000000,69.687500,,182.760000,,,172.000000,181.000000,16821.000000,,,,,,,,,,,,,
2022-12-23,174.848300,43470.000000,69.250000,,183.050000,,,173.000000,182.000000,16779.000000,,,,,,,,,,,,,
2022-12-24,,,,,183.330000,,,173.000000,182.000000,16839.000000,,,,,,,,,,,,,
2022-12-25,,,,,183.330000,,,173.000000,182.000000,16828.000000,,,,,,,,,,,,,
2022-12-26,175.745000,43545.000000,69.500000,,183.330000,,,174.000000,183.000000,16917.000000,,,,,,,,,,,,,
2022-12-27,176.071700,43655.000000,68.500000,,184.180000,,,174.000000,183.000000,16700.000000,,,,,,,,,,,,,
2022-12-28,176.380000,43802.000000,69.250000,,184.460000,,,175.000000,184.000000,16540.000000,,,,,,,,,,,,,
2022-12-29,176.743300,44170.000000,68.812500,,184.750000,,,175.000000,184.000000,16628.000000,,,,,,,,,,,,,
2022-12-30,177.128300,44598.000000,69.375000,,185.030000,,,176.000000,185.000000,16603.000000,,,,,,,,,,,,,
2022-12-31,,,,,185.320000,5.100000,94.800000,176.000000,185.000000,16528.000000,,,,,,,,,,,,,
2023-01-01,,,,,185.320000,,,176.000000,185.000000,16615.000000,,,,,,,,,,,,,
2023-01-02,178.141700,44608.000000,69.375000,,185.320000,,,176.000000,185.000000,16673.000000,,,,,,,,,,,,,
2023-01-03,178.431700,44613.000000,68.500000,,186.180000,,,177.000000,186.000000,16670.000000,,,,,,,,,,,,,
2023-01-04,178.653300,44694.000000,69.812500,,186.470000,,,177.000000,186.000000,16849.000000,,,,,,,,,,,,,
2023-01-05,178.940000,44838.000000,69.375000,,186.760000,,,177.000000,186.000000,16826.000000,,,,,,,,,,,,,
2023-01-06,179.243300,44432.000000,69.312500,,187.040000,,,178.000000,187.000000,16950.000000,,,,,,,,,,,,,
2023-01-07,,,,,187.330000,,,178.000000,187.000000,16945.000000,,,,,,,,,,,,,
2023-01-08,,,,,187.330000,,,178.000000,187.000000,17119.000000,,,,,,,,,,,,,
2023-01-09,180.136700,43371.000000,69.312500,,187.330000,,,179.000000,188.000000,17179.000000,,,,,,,,,,,,,
2023-01-10,180.401700,43395.000000,68.812500,,188.200000,,,179.000000,188.000000,17446.000000,,,,,,,,,,,,,
2023-01-11,180.688300,43406.000000,70.187500,,188.490000,,,179.000000,188.000000,17930.000000,,,,,,,,,,,,,
2023-01-12,180.970000,43534.000000,69.937500,,188.780000,,,179.000000,188.000000,18853.000000,,,,,,,,,,,,,
2023-01-13,181.280000,43115.000000,69.750000,,189.080000,,,180.000000,189.000000,19931.000000,,,,,,,,,,,,,
2023-01-14,,,,,189.370000,,,180.000000,189.000000,20960.000000,,,,,,,,,,,,,
2023-01-15,,,,,189.370000,,,180.000000,189.000000,20885.000000,,,,,,,,,,,,,
2023-01-16,182.163300,42987.000000,70.000000,,189.370000,,,180.000000,189.000000,21189.000000,,,,,,,,,,,,,
2023-01-17,182.491700,42890.000000,69.562500,,190.260000,,,181.000000,190.000000,21134.000000,,,,,,,,,,,,,
2023-01-18,182.803300,42845.000000,69.250000,,190.560000,,,181.000000,190.000000,20670.000000,,,,,,,,,,,,,
2023-01-19,183.125000,42816.000000,69.187500,,190.870000,,,181.000000,190.000000,21086.000000,,,,,,,,,,,,,
2023-01-20,183.436700,42710.000000,69.062500,,191.180000,,,182.000000,191.000000,22678.000000,,,,,,,,,,,,,
2023-01-21,,,,,191.480000,,,182.000000,191.000000,22783.000000,,,,,,,,,,,,,
2023-01-22,,,,,191.480000,,,182.000000,191.000000,22717.000000,,,,,,,,,,,,,
2023-01-23,184.373300,42659.000000,70.500000,,191.480000,,,183.000000,192.000000,22922.000000,,,,,,,,,,,,,
2023-01-24,184.686700,42649.000000,69.062500,,192.410000,,,183.000000,192.000000,22637.000000,,,,,,,,,,,,,
2023-01-25,185.005000,42481.000000,70.125000,,192.720000,,,183.000000,192.000000,23054.000000,,,,,,,,,,,,,
2023-01-26,185.315000,42274.000000,69.187500,,193.030000,,,184.000000,193.000000,23010.000000,,,,,,,,,,,,,
2023-01-27,185.630000,42265.000000,68.375000,,193.340000,,,184.000000,193.000000,23083.000000,,,,,,,,,,,,,
2023-01-28,,,,,193.650000,,,184.000000,193.000000,23033.000000,,,,,,,,,,,,,
2023-01-29,,,,,193.650000,,,184.000000,193.000000,23746.000000,,,,,,,,,,,,,
2023-01-30,186.578300,41518.000000,70.250000,,193.650000,,,185.000000,194.000000,22831.000000,,,,,,,,,,,,,
2023-01-31,186.875000,41417.000000,69.375000,,194.580000,6.000000,98.800000,185.000000,194.000000,23127.000000,,,,,,,,,,,,,
2023-02-01,187.308300,41379.000000,69.812500,,194.890000,,,186.000000,195.000000,23735.000000,,,,,,,,,,,,,
2023-02-02,187.613300,41314.000000,69.187500,,195.210000,,,186.000000,195.000000,23498.000000,,,,,,,,,,,,,
2023-02-03,187.950000,41022.000000,69.500000,,195.520000,,,186.000000,195.000000,23434.000000,,,,,,,,,,,,,
2023-02-04,,,,,195.830000,,,186.000000,195.000000,23330.000000,,,,,,,,,,,,,
2023-02-05,,,,,195.830000,,,186.000000,195.000000,22937.000000,,,,,,,,,,,,,
2023-02-06,189.095000,40288.000000,70.062500,,195.830000,,,188.000000,197.000000,22763.000000,,,,,,,,,,,,,
2023-02-07,189.456700,40287.000000,69.312500,,196.780000,,,188.000000,197.000000,23252.000000,,,,,,,,,,,,,
2023-02-08,189.863300,40169.000000,69.500000,,197.090000,,,188.000000,197.000000,22961.000000,,,,,,,,,,,,,
2023-02-09,190.203300,40076.000000,69.875000,,197.410000,,,188.000000,197.000000,21802.000000,,,,,,,,,,,,,
2023-02-10,190.528300,40012.000000,70.250000,,197.730000,,,189.000000,198.000000,21639.000000,,,,,,,,,,,,,
2023-02-11,,,,,198.050000,,,189.000000,198.000000,21868.000000,,,,,,,,,,,,,
2023-02-12,,,,,198.050000,,,189.000000,198.000000,21789.000000,,,,,,,,,,,,,
2023-02-13,191.640000,40008.000000,70.812500,,198.050000,,,190.000000,199.000000,21790.000000,,,,,,,,,,,,,
2023-02-14,192.020000,40009.000000,69.437500,,199.000000,,,190.000000,199.000000,22211.000000,,,,,,,,,,,,,
2023-02-15,192.375000,39561.000000,69.687500,,199.320000,,,190.000000,199.000000,24332.000000,,,,,,,,,,,,,
2023-02-16,192.783300,39514.000000,69.750000,,199.640000,,,191.000000,200.000000,23521.000000,,,,,,,,,,,,,
2023-02-17,193.193300,39335.000000,69.687500,,200.060000,,,192.000000,201.000000,24580.000000,,,,,,,,,,,,,
2023-02-18,,,,,200.470000,,,192.000000,201.000000,24640.000000,,,,,,,,,,,,,
2023-02-19,,,,,200.470000,,,192.000000,201.000000,24296.000000,,,,,,,,,,,,,
2023-02-20,,,,,200.470000,,,192.000000,201.000000,24843.000000,,,,,,,,,,,,,
2023-02-21,,,,,200.470000,,,192.000000,201.000000,24450.000000,,,,,,,,,,,,,
2023-02-22,194.980000,39261.000000,70.500000,,200.470000,,,193.000000,202.000000,24188.000000,,,,,,,,,,,,,
2023-02-23,195.350000,39183.000000,69.375000,,202.570000,,,193.000000,202.000000,23939.000000,,,,,,,,,,,,,
2023-02-24,195.738300,39006.000000,70.062500,,202.990000,,,194.000000,203.000000,23189.000000,,,,,,,,,,,,,
2023-02-25,,,,,203.420000,,,194.000000,203.000000,23161.000000,,,,,,,,,,,,,
2023-02-26,,,,,203.420000,,,194.000000,203.000000,23562.000000,,,,,,,,,,,,,
2023-02-27,196.811700,39045.000000,69.750000,,203.420000,,,195.000000,204.000000,23493.000000,,,,,,,,,,,,,
2023-02-28,197.153300,38709.000000,69.375000,,204.690000,6.600000,102.500000,195.000000,204.000000,23136.000000,,,,,,,,,,,,,
2023-03-01,197.560000,38722.000000,70.312500,,205.120000,,,196.000000,205.000000,23634.000000,,,,,,,,,,,,,
2023-03-02,197.886700,38584.000000,69.750000,,205.540000,,,196.000000,205.000000,23466.000000,,,,,,,,,,,,,
2023-03-03,198.260000,38598.000000,70.187500,,205.970000,,,197.000000,206.000000,22359.000000,,,,,,,,,,,,,
2023-03-04,,,,,206.400000,,,197.000000,206.000000,22347.000000,,,,,,,,,,,,,
2023-03-05,,,,,206.400000,,,197.000000,206.000000,22428.000000,,,,,,,,,,,,,
2023-03-06,199.345000,38517.000000,70.250000,,206.400000,,,198.000000,207.000000,22407.000000,,,,,,,,,,,,,
2023-03-07,199.671700,38323.000000,69.625000,,207.690000,,,198.000000,207.000000,22200.000000,,,,,,,,,,,,,
2023-03-08,200.026700,38272.000000,70.312500,,208.130000,,,198.000000,207.000000,21704.000000,,,,,,,,,,,,,
2023-03-09,200.356700,38180.000000,70.062500,,208.560000,,,198.000000,207.000000,20367.000000,,,,,,,,,,,,,
2023-03-10,200.721700,38208.000000,69.625000,,208.990000,,,199.000000,208.000000,20220.000000,,,,,,,,,,,,,
2023-03-11,,,,,209.430000,,,199.000000,208.000000,20618.000000,,,,,,,,,,,,,
2023-03-12,,,,,209.430000,,,199.000000,208.000000,22183.000000,,,,,,,,,,,,,
2023-03-13,201.801700,38331.000000,70.250000,,209.430000,,,200.000000,209.000000,24209.000000,,,,,,,,,,,,,
2023-03-14,202.148300,38142.000000,70.062500,,210.740000,,,200.000000,209.000000,24750.000000,,,,,,,,,,,,,
2023-03-15,202.521700,37783.000000,70.562500,,211.180000,,,201.000000,210.000000,24368.000000,,,,,,,,,,,,,
2023-03-16,202.955000,37712.000000,70.187500,,211.620000,,,201.000000,210.000000,25050.000000,,,,,,,,,,,,,
2023-03-17,203.340000,37672.000000,71.875000,,212.060000,,,202.000000,211.000000,27466.000000,,,,,,,,,,,,,
2023-03-18,,,,,212.490000,,,202.000000,211.000000,26980.000000,,,,,,,,,,,,,
2023-03-19,,,,,212.490000,,,202.000000,211.000000,28054.000000,,,,,,,,,,,,,
2023-03-20,204.496700,38008.000000,72.000000,,212.490000,,,203.000000,212.000000,27815.000000,,,,,,,,,,,,,
2023-03-21,204.963300,37837.000000,71.562500,,213.810000,,,203.000000,212.000000,28192.000000,,,,,,,,,,,,,
2023-03-22,205.395000,37596.000000,71.375000,,214.250000,,,204.000000,213.000000,27320.000000,,,,,,,,,,,,,
2023-03-23,205.790000,37606.000000,71.062500,,214.700000,,,204.000000,213.000000,28343.000000,,,,,,,,,,,,,
2023-03-24,,,,,215.140000,,,204.000000,213.000000,27493.000000,,,,,,,,,,,,,
2023-03-25,,,,,215.140000,,,204.000000,213.000000,27499.000000,,,,,,,,,,,,,
2023-03-26,,,,,215.140000,,,204.000000,213.000000,28004.000000,,,,,,,,,,,,,
2023-03-27,207.401700,37161.000000,73.687500,,215.140000,,,205.000000,214.000000,27142.000000,,,,,,,,,,,,,
2023-03-28,207.840000,37076.000000,72.312500,,216.920000,,,206.000000,215.000000,27272.000000,,,,,,,,,,,,,
2023-03-29,208.253300,36851.000000,72.125000,,217.370000,,,206.000000,216.000000,28353.000000,,,,,,,,,,,,,
2023-03-30,208.598300,36509.000000,71.937500,,217.820000,,,207.000000,216.000000,28039.000000,,,,,,,,,,,,,
2023-03-31,208.988300,39060.000000,72.437500,,218.270000,7.700000,104.300000,207.000000,216.000000,28476.000000,,,,,,,,,,,,,
2023-04-01,,,,,218.720000,,,207.000000,216.000000,28469.000000,,,,,,,,,,,,,
2023-04-02,,,,,218.720000,,,207.000000,216.000000,28186.000000,,,,,,,,,,,,,
2023-04-03,210.330000,38809.000000,72.687500,,218.720000,,,208.000000,217.000000,27816.000000,,,,,,,,,,,,,
2023-04-04,210.800000,38777.000000,71.875000,,220.070000,,,209.000000,218.000000,28178.000000,,,,,,,,,,,,,
2023-04-05,211.235000,38662.000000,72.562500,,220.530000,,,210.000000,219.000000,28183.000000,,,,,,,,,,,,,
2023-04-06,,,,,220.980000,,,210.000000,219.000000,28051.000000,,,,,,,,,,,,,
2023-04-07,,,,,220.980000,,,210.000000,219.000000,27931.000000,,,,,,,,,,,,,
2023-04-08,,,,,220.980000,,,210.000000,219.000000,27969.000000,,,,,,,,,,,,,
2023-04-09,,,,,220.980000,,,210.000000,219.000000,28340.000000,,,,,,,,,,,,,
2023-04-10,213.328300,37210.000000,73.187500,,220.980000,,,212.000000,221.000000,29652.000000,,,,,,,,,,,,,
2023-04-11,213.798300,37218.000000,72.437500,,223.270000,,,212.000000,221.000000,30246.000000,,,,,,,,,,,,,
2023-04-12,214.250000,37224.000000,72.937500,,223.730000,,,212.000000,221.000000,29903.000000,,,,,,,,,,,,,
2023-04-13,214.665000,37538.000000,72.812500,,224.200000,,,213.000000,222.000000,30410.000000,,,,,,,,,,,,,
2023-04-14,215.095000,36901.000000,73.125000,,224.660000,,,213.000000,222.000000,30498.000000,,,,,,,,,,,,,
2023-04-15,,,,,225.120000,,,213.000000,222.000000,30332.000000,,,,,,,,,,,,,
2023-04-16,,,,,225.120000,,,213.000000,222.000000,30330.000000,,,,,,,,,,,,,
2023-04-17,216.358300,36731.000000,73.375000,,225.120000,,,214.000000,223.000000,29448.000000,,,,,,,,,,,,,
2023-04-18,216.888300,36638.000000,72.562500,,226.700000,,,215.000000,224.000000,30395.000000,,,,,,,,,,,,,
2023-04-19,217.470000,36365.000000,73.000000,,227.270000,,,216.000000,225.000000,28827.000000,,,,,,,,,,,,,
2023-04-20,218.025000,36413.000000,73.062500,,227.830000,,,216.000000,225.000000,28238.000000,,,,,,,,,,,,,
2023-04-21,218.508300,36503.000000,73.812500,,228.390000,,,217.000000,226.000000,27254.000000,,,,,,,,,,,,,
2023-04-22,,,,,228.960000,,,217.000000,226.000000,27817.000000,,,,,,,,,,,,,
2023-04-23,,,,,228.960000,,,217.000000,226.000000,27596.000000,,,,,,,,,,,,,
2023-04-24,220.235000,36569.000000,74.750000,,228.960000,,,218.000000,227.000000,27512.000000,,,,,,,,,,,,,
2023-04-25,220.873300,36478.000000,73.937500,,230.660000,,,219.000000,228.000000,28300.000000,,,,,,,,,,,,,
2023-04-26,221.551700,36354.000000,76.375000,,231.230000,,,219.000000,228.000000,28428.000000,,,,,,,,,,,,,
2023-04-27,222.020000,36104.000000,76.250000,,231.810000,,,220.000000,229.000000,29485.000000,,,,,,,,,,,,,
2023-04-28,222.575000,35001.000000,87.500000,,232.380000,,,221.000000,230.000000,29333.000000,,,,,,,,,,,,,
2023-04-29,,,,,232.960000,,,221.000000,230.000000,29247.000000,,,,,,,,,,,,,
2023-04-30,,,,,232.960000,8.400000,108.800000,221.000000,230.000000,29235.000000,,,,,,,,,,,,,
2023-05-01,,,,,232.960000,,,221.000000,230.000000,28079.000000,,,,,,,,,,,,,
2023-05-02,224.625000,35080.000000,87.500000,,232.960000,,,223.000000,232.000000,28680.000000,,,,,,,,,,,,,
2023-05-03,225.091700,34891.000000,87.500000,,235.270000,,,224.000000,233.000000,29033.000000,,,,,,,,,,,,,
2023-05-04,225.658300,34130.000000,87.250000,,235.850000,,,225.000000,234.000000,28851.000000,,,,,,,,,,,,,
2023-05-05,226.191700,34008.000000,87.625000,,236.440000,,,227.000000,236.000000,29547.000000,,,,,,,,,,,,,
2023-05-06,,,,,237.020000,,,227.000000,236.000000,28911.000000,,,,,,,,,,,,,
2023-05-07,,,,,237.020000,,,227.000000,236.000000,28472.000000,,,,,,,,,,,,,
2023-05-08,227.575000,33944.000000,87.875000,,237.020000,,,229.000000,238.000000,27690.000000,,,,,,,,,,,,,
2023-05-09,228.058300,33850.000000,86.062500,,238.790000,,,230.000000,239.000000,27650.000000,,,,,,,,,,,,,
2023-05-10,228.508300,33723.000000,88.187500,,239.380000,,,231.000000,240.000000,27618.000000,,,,,,,,,,,,,
2023-05-11,228.991700,33631.000000,88.062500,,239.970000,,,231.000000,240.000000,26991.000000,,,,,,,,,,,,,
2023-05-12,229.333300,33588.000000,87.875000,,240.570000,,,231.000000,240.000000,26811.000000,,,,,,,,,,,,,
2023-05-13,,,,,241.160000,,,231.000000,240.000000,26789.000000,,,,,,,,,,,,,
2023-05-14,,,,,241.160000,,,231.000000,240.000000,26933.000000,,,,,,,,,,,,,
2023-05-15,230.641700,33481.000000,89.000000,,241.160000,,,231.000000,241.000000,27166.000000,,,,,,,,,,,,,
2023-05-16,231.175000,33350.000000,92.875000,,242.960000,,,232.000000,242.000000,27037.000000,,,,,,,,,,,,,
2023-05-17,231.650000,33298.000000,93.062500,,243.590000,,,233.000000,243.000000,27404.000000,,,,,,,,,,,,,
2023-05-18,232.241700,33132.000000,93.125000,,244.220000,,,233.000000,243.000000,26818.000000,,,,,,,,,,,,,
2023-05-19,232.741700,33159.000000,92.187500,,244.860000,,,234.000000,244.000000,26893.000000,,,,,,,,,,,,,
2023-05-20,,,,,245.500000,,,234.000000,244.000000,27115.000000,,,,,,,,,,,,,
2023-05-21,,,,,245.500000,,,234.000000,244.000000,26750.000000,,,,,,,,,,,,,
2023-05-22,234.408300,33062.000000,92.062500,,245.500000,,,235.000000,245.000000,26856.000000,,,,,,,,,,,,,
2023-05-23,234.916700,32910.000000,91.750000,,247.420000,,,236.000000,246.000000,27226.000000,,,,,,,,,,,,,
2023-05-24,235.633300,32966.000000,91.500000,,248.070000,,,237.000000,247.000000,26325.000000,,,,,,,,,,,,,
2023-05-25,,,,,248.710000,,,237.000000,247.000000,26478.000000,,,,,,,,,,,,,
2023-05-26,,,,,248.710000,,,237.000000,247.000000,26718.000000,,,,,,,,,,,,,
2023-05-27,,,,,248.710000,,,237.000000,247.000000,26872.000000,,,,,,,,,,,,,
2023-05-28,,,,,248.710000,,,237.000000,247.000000,28072.000000,,,,,,,,,,,,,
2023-05-29,238.258300,32883.000000,93.187500,,248.710000,,,239.000000,249.000000,27749.000000,,,,,,,,,,,,,
2023-05-30,238.791700,32813.000000,92.312500,,251.970000,,,240.000000,250.000000,27706.000000,,,,,,,,,,,,,
2023-05-31,239.325000,33001.000000,91.937500,,252.630000,7.800000,114.200000,240.000000,250.000000,27219.000000,,,,,,,,,,,,,
2023-06-01,240.066700,33067.000000,92.937500,,253.280000,,,241.000000,251.000000,26826.000000,,,,,,,,,,,,,
2023-06-02,240.741700,32998.000000,92.437500,,253.940000,,,242.000000,252.000000,27251.000000,,,,,,,,,,,,,
2023-06-03,,,,,254.610000,,,242.000000,252.000000,27076.000000,,,,,,,,,,,,,
2023-06-04,,,,,254.610000,,,242.000000,252.000000,27125.000000,,,,,,,,,,,,,
2023-06-05,242.550000,33011.000000,93.000000,,254.610000,,,244.000000,254.000000,25739.000000,,,,,,,,,,,,,
2023-06-06,243.175000,32871.000000,92.562500,,256.600000,,,245.000000,255.000000,27236.000000,,,,,,,,,,,,,
2023-06-07,243.808300,32725.000000,92.375000,,257.270000,,,245.000000,255.000000,26348.000000,,,,,,,,,,,,,
2023-06-08,244.333300,32680.000000,91.937500,,257.940000,,,246.000000,256.000000,26510.000000,,,,,,,,,,,,,
2023-06-09,244.966700,32488.000000,92.750000,,258.610000,,,247.000000,257.000000,26484.000000,,,,,,,,,,,,,
2023-06-10,,,,,259.290000,,,247.000000,257.000000,25857.000000,,,,,,,,,,,,,
2023-06-11,,,,,259.290000,,,247.000000,257.000000,25941.000000,,,,,,,,,,,,,
2023-06-12,246.783300,32363.000000,93.187500,,259.290000,,,249.000000,259.000000,25906.000000,,,,,,,,,,,,,
2023-06-13,247.291700,32366.000000,92.000000,,261.320000,,,249.000000,259.000000,25934.000000,,,,,,,,,,,,,
2023-06-14,247.800000,32336.000000,92.500000,,262.000000,,,250.000000,260.000000,25127.000000,,,,,,,,,,,,,
2023-06-15,248.583300,32141.000000,92.500000,,262.680000,,,251.000000,261.000000,25573.000000,,,,,,,,,,,,,
2023-06-16,249.158300,31852.000000,92.500000,,263.360000,,,252.000000,262.000000,26333.000000,,,,,,,,,,,,,
2023-06-17,,,,,264.020000,,,252.000000,262.000000,26507.000000,,,,,,,,,,,,,
2023-06-18,,,,,264.020000,,,252.000000,262.000000,26340.000000,,,,,,,,,,,,,
2023-06-19,,,,,264.020000,,,252.000000,262.000000,26842.000000,,,,,,,,,,,,,
2023-06-20,,,,,264.020000,,,252.000000,262.000000,28315.000000,,,,,,,,,,,,,
2023-06-21,252.008300,31616.000000,92.812500,,264.020000,,,254.000000,264.000000,30009.000000,,,,,,,,,,,,,
2023-06-22,252.508300,31455.000000,92.062500,,267.350000,,,255.000000,265.000000,29889.000000,,,,,,,,,,,,,
2023-06-23,252.991700,31279.000000,91.562500,,268.020000,,,256.000000,266.000000,30716.000000,,,,,,,,,,,,,
2023-06-24,,,,,268.690000,,,256.000000,266.000000,30548.000000,,,,,,,,,,,,,
2023-06-25,,,,,268.690000,,,256.000000,266.000000,30477.000000,,,,,,,,,,,,,
2023-06-26,254.541700,31154.000000,92.250000,,268.690000,,,257.000000,267.000000,30274.000000,,,,,,,,,,,,,
2023-06-27,255.166700,31026.000000,91.625000,,270.720000,,,258.000000,268.000000,30696.000000,,,,,,,,,,,,,
2023-06-28,255.841700,30859.000000,93.125000,,271.400000,,,258.000000,268.000000,30079.000000,,,,,,,,,,,,,
2023-06-29,256.241700,30785.000000,92.562500,,272.080000,,,259.000000,269.000000,30444.000000,,,,,,,,,,,,,
2023-06-30,256.675000,27926.000000,92.250000,,272.760000,6.000000,115.600000,260.000000,270.000000,30469.000000,,,,,,,,,,,,,
2023-07-01,,,,,273.440000,,,260.000000,270.000000,30592.000000,,,,,,,,,,,,,
2023-07-02,,,,,273.440000,,,260.000000,270.000000,30616.000000,,,,,,,,,,,,,
2023-07-03,257.975000,27898.000000,93.312500,,273.440000,,,262.000000,272.000000,31158.000000,,,,,,,,,,,,,
2023-07-04,259.150000,27721.000000,92.312500,,275.500000,,,262.000000,272.000000,30771.000000,,,,,,,,,,,,,
2023-07-05,259.800000,27529.000000,93.375000,,276.200000,,,263.000000,273.000000,30501.000000,,,,,,,,,,,,,
2023-07-06,260.325000,27436.000000,93.062500,,276.890000,,,264.000000,274.000000,29912.000000,,,,,,,,,,,,,
2023-07-07,260.983300,26616.000000,92.687500,,277.580000,,,264.000000,274.000000,30348.000000,,,,,,,,,,,,,
2023-07-08,,,,,278.280000,,,264.000000,274.000000,30293.000000,,,,,,,,,,,,,
2023-07-09,,,,,278.280000,,,264.000000,274.000000,30167.000000,,,,,,,,,,,,,
2023-07-10,262.650000,26550.000000,93.437500,,278.280000,,,266.000000,276.000000,30421.000000,,,,,,,,,,,,,
2023-07-11,263.316700,26416.000000,92.625000,,280.380000,,,267.000000,277.000000,30621.000000,,,,,,,,,,,,,
2023-07-12,263.933300,26335.000000,93.062500,,281.080000,,,267.000000,277.000000,30382.000000,,,,,,,,,,,,,
2023-07-13,264.516700,26189.000000,92.937500,,281.780000,,,268.000000,278.000000,31471.000000,,,,,,,,,,,,,
2023-07-14,265.141700,26036.000000,92.875000,,282.490000,,,268.000000,278.000000,30331.000000,,,,,,,,,,,,,
2023-07-15,,,,,283.200000,,,268.000000,278.000000,30301.000000,,,,,,,,,,,,,
2023-07-16,,,,,283.200000,,,268.000000,278.000000,30253.000000,,,,,,,,,,,,,
2023-07-17,266.791700,25849.000000,93.187500,,283.200000,,,270.000000,280.000000,30154.000000,,,,,,,,,,,,,
2023-07-18,267.583300,25765.000000,92.062500,,284.980000,,,271.000000,281.000000,29868.000000,,,,,,,,,,,,,
2023-07-19,268.225000,25501.000000,92.000000,,285.510000,,,271.000000,281.000000,29919.000000,,,,,,,,,,,,,
2023-07-20,268.775000,25441.000000,91.312500,,286.050000,,,272.000000,282.000000,29806.000000,,,,,,,,,,,,,
2023-07-21,269.416700,25210.000000,92.625000,,286.590000,,,273.000000,283.000000,29908.000000,,,,,,,,,,,,,
2023-07-22,,,,,287.130000,,,273.000000,283.000000,29789.000000,,,,,,,,,,,,,
2023-07-23,,,,,287.130000,,,273.000000,283.000000,30085.000000,,,,,,,,,,,,,
2023-07-24,271.191700,25280.000000,92.500000,,287.130000,,,274.000000,284.000000,29177.000000,,,,,,,,,,,,,
2023-07-25,271.666700,25350.000000,91.937500,,288.750000,,,275.000000,285.000000,29224.000000,,,,,,,,,,,,,
2023-07-26,272.400000,25258.000000,91.875000,,289.290000,,,275.000000,285.000000,29354.000000,,,,,,,,,,,,,
2023-07-27,273.000000,25349.000000,91.625000,,289.840000,,,276.000000,286.000000,29219.000000,,,,,,,,,,,,,
2023-07-28,273.633300,25651.000000,92.937500,,290.380000,,,277.000000,287.000000,29317.000000,,,,,,,,,,,,,
2023-07-29,,,,,290.930000,,,277.000000,287.000000,29360.000000,,,,,,,,,,,,,
2023-07-30,,,,,290.930000,,,277.000000,287.000000,29279.000000,,,,,,,,,,,,,
2023-07-31,275.283300,24092.000000,92.875000,,290.930000,6.300000,113.400000,278.000000,288.000000,29231.000000,,,,,,,,,,,,,
2023-08-01,276.141700,24042.000000,92.187500,,292.580000,,,279.000000,289.000000,29696.000000,,,,,,,,,,,,,
2023-08-02,277.341700,24020.000000,93.250000,,293.130000,,,280.000000,290.000000,29164.000000,,,,,,,,,,,,,
2023-08-03,278.283300,24146.000000,93.125000,,293.680000,,,281.000000,291.000000,29176.000000,,,,,,,,,,,,,
2023-08-04,279.316700,24372.000000,93.250000,,294.230000,,,282.000000,292.000000,29077.000000,,,,,,,,,,,,,
2023-08-05,,,,,294.780000,,,282.000000,292.000000,29049.000000,,,,,,,,,,,,,
2023-08-06,,,,,294.780000,,,282.000000,292.000000,29042.000000,,,,,,,,,,,,,
2023-08-07,283.150000,24268.000000,93.125000,,294.780000,,,285.000000,295.000000,29181.000000,,,,,,,,,,,,,
2023-08-08,284.191700,24129.000000,91.625000,,296.450000,,,287.000000,297.000000,29764.000000,,,,,,,,,,,,,
2023-08-09,285.175000,23891.000000,93.125000,,297.010000,,,288.000000,298.000000,29565.000000,,,,,,,,,,,,,
2023-08-10,286.191700,23828.000000,92.687500,,297.570000,,,289.000000,299.000000,29423.000000,,,,,,,,,,,,,
2023-08-11,287.291700,23671.000000,93.062500,,298.130000,,,290.000000,300.000000,29398.000000,,,,,,,,,,,,,
2023-08-12,,,,,298.690000,,,290.000000,300.000000,29415.000000,,,,,,,,,,,,,
2023-08-13,,,,,298.690000,,,290.000000,300.000000,29284.000000,,,,,,,,,,,,,
2023-08-14,349.975000,23762.000000,95.187500,,298.690000,,,356.000000,366.000000,29408.000000,,,,,,,,,,,,,
2023-08-15,350.008300,23667.000000,113.375000,,300.380000,,,357.000000,367.000000,29172.000000,,,,,,,,,,,,,
2023-08-16,350.000000,23612.000000,113.687500,,300.940000,,,357.000000,367.000000,28701.000000,,,,,,,,,,,,,
2023-08-17,349.975000,23721.000000,113.000000,,301.540000,,,357.000000,367.000000,26642.000000,,,,,,,,,,,,,
2023-08-18,350.016700,23637.000000,112.250000,,302.130000,,,357.000000,367.000000,26051.000000,,,,,,,,,,,,,
2023-08-19,,,,,302.730000,,,357.000000,367.000000,26097.000000,,,,,,,,,,,,,
2023-08-20,,,,,302.730000,,,357.000000,367.000000,26192.000000,,,,,,,,,,,,,
2023-08-21,,,,,302.730000,,,357.000000,367.000000,26125.000000,,,,,,,,,,,,,
2023-08-22,350.008300,23639.000000,112.937500,,302.730000,,,357.000000,367.000000,26042.000000,,,,,,,,,,,,,
2023-08-23,349.975000,29004.000000,112.937500,,305.120000,,,357.000000,367.000000,26431.000000,,,,,,,,,,,,,
2023-08-24,349.975000,28995.000000,112.937500,,305.720000,,,357.000000,367.000000,26168.000000,,,,,,,,,,,,,
2023-08-25,349.975000,27955.000000,113.062500,,306.330000,,,357.000000,367.000000,26048.000000,,,,,,,,,,,,,
2023-08-26,,,,,306.930000,,,357.000000,367.000000,26008.000000,,,,,,,,,,,,,
2023-08-27,,,,,306.930000,,,357.000000,367.000000,26090.000000,,,,,,,,,,,,,
2023-08-28,349.991700,28011.000000,114.062500,,306.930000,,,357.000000,367.000000,26103.000000,,,,,,,,,,,,,
2023-08-29,349.975000,28035.000000,112.500000,,308.750000,,,357.000000,367.000000,27726.000000,,,,,,,,,,,,,
2023-08-30,349.975000,27942.000000,113.562500,,309.360000,,,357.000000,367.000000,27300.000000,,,,,,,,,,,,,
2023-08-31,350.016700,27818.000000,113.437500,,309.970000,12.400000,124.400000,357.000000,367.000000,25932.000000,,,,,,,,,,,,,
2023-09-01,350.000000,27824.000000,114.187500,,310.580000,,,347.000000,367.000000,25798.000000,,,,,,,,,,,,,
2023-09-02,,,,,311.200000,,,347.000000,367.000000,25870.000000,,,,,,,,,,,,,
2023-09-03,,,,,311.200000,,,347.000000,367.000000,25970.000000,,,,,,,,,,,,,
2023-09-04,350.025000,27775.000000,114.562500,,311.200000,,,347.000000,367.000000,25819.000000,,,,,,,,,,,,,
2023-09-05,349.991700,27679.000000,114.000000,,313.040000,,,347.000000,367.000000,25783.000000,,,,,,,,,,,,,
2023-09-06,350.000000,27630.000000,113.875000,,313.660000,,,347.000000,367.000000,25748.000000,,,,,,,,,,,,,
2023-09-07,349.991700,27651.000000,113.625000,,314.280000,,,347.000000,367.000000,26245.000000,,,,,,,,,,,,,
2023-09-08,349.975000,27686.000000,114.250000,,314.900000,,,349.030000,366.640000,25908.000000,,,,,,,,,,,,,
2023-09-09,,,,,315.520000,,,349.030000,366.640000,25899.000000,,,,,,,,,,,,,
2023-09-10,,,,,315.520000,,,349.030000,366.640000,25836.000000,,,,,,,,,,,,,
2023-09-11,349.983300,27737.000000,114.625000,,315.520000,,,349.030000,366.640000,25155.000000,,,,,,,,,,,,,
2023-09-12,349.975000,27767.000000,114.062500,,317.390000,,,349.030000,366.640000,25844.000000,,,,,,,,,,,,,
2023-09-13,349.975000,27786.000000,115.187500,,318.020000,,,349.030000,366.640000,26226.000000,,,,,,,,,,,,,
2023-09-14,349.975000,27784.000000,113.750000,,318.640000,,,349.040000,366.650000,26529.000000,,,,,,,,,,,,,
2023-09-15,349.991700,27530.000000,113.875000,,319.270000,,,349.030000,366.640000,26607.000000,,,,,,,,,,,,,
2023-09-16,,,,,319.900000,,,349.030000,366.640000,26571.000000,,,,,,,,,,,,,
2023-09-17,,,,,319.900000,,,349.030000,366.640000,26535.000000,,,,,,,,,,,,,
2023-09-18,349.991700,27470.000000,113.687500,,319.900000,,,349.030000,366.640000,26770.000000,,,,,,,,,,,,,
2023-09-19,349.983300,27438.000000,112.812500,,323.660000,,,349.030000,366.640000,27214.000000,,,,,,,,,,,,,
2023-09-20,350.000000,27425.000000,112.625000,,324.930000,,,349.030000,366.640000,27128.000000,,,,,,,,,,,,,
2023-09-21,349.983300,27342.000000,113.562500,,326.190000,,,349.030000,366.640000,26563.000000,,,,,,,,,,,,,
2023-09-22,350.025000,27254.000000,113.562500,,327.470000,,,349.040000,366.650000,26581.000000,,,,,,,,,,,,,
2023-09-23,,,,,328.750000,,,349.040000,366.650000,26583.000000,,,,,,,,,,,,,
2023-09-24,,,,,328.750000,,,349.040000,366.650000,26248.000000,,,,,,,,,,,,,
2023-09-25,350.008300,27204.000000,112.875000,,328.750000,,,349.030000,366.640000,26297.000000,,,,,,,,,,,,,
2023-09-26,350.025000,27152.000000,112.437500,,332.610000,,,349.030000,366.700000,26208.000000,,,,,,,,,,,,,
2023-09-27,350.025000,27057.000000,113.812500,,333.910000,,,349.020000,366.910000,26361.000000,,,,,,,,,,,,,
2023-09-28,350.025000,27068.000000,113.187500,,335.210000,,,349.000000,366.900000,27026.000000,,,,,,,,,,,,,
2023-09-29,350.008300,26925.000000,113.875000,,336.520000,,,349.000000,366.900000,26911.000000,,,,,,,,,,,,,
2023-09-30,,,,,337.840000,12.700000,138.300000,349.000000,366.900000,26966.000000,,,,,,,,,,,,,
2023-10-01,,,,,337.840000,,,349.000000,366.900000,27995.000000,,,,,,,,,,,,,
2023-10-02,350.025000,26634.000000,114.437500,,337.840000,,,349.030000,366.860000,27507.000000,,,,,,,,,,,,,
2023-10-03,350.025000,26558.000000,112.812500,,341.810000,,,349.020000,366.910000,27435.000000,,,,,,,,,,,,,
2023-10-04,350.025000,26470.000000,114.500000,,343.140000,,,349.020000,367.230000,27790.000000,,,,,,,,,,,,,
2023-10-05,350.025000,26382.000000,114.000000,,344.480000,,,349.020000,367.230000,27417.000000,,,,,,,,,,,,,
2023-10-06,350.025000,26262.000000,114.000000,,345.830000,,,349.020000,367.230000,27948.000000,,,,,,,,,,,,,
2023-10-07,,,,,347.180000,,,349.020000,367.230000,27971.000000,,,,,,,,,,,,,
2023-10-08,,,,,347.180000,,,349.020000,367.230000,27933.000000,,,,,,,,,,,,,
2023-10-09,350.025000,26269.000000,114.437500,,347.180000,,,349.020000,367.240000,27594.000000,,,,,,,,,,,,,
2023-10-10,350.025000,26059.000000,113.562500,,351.260000,,,367.390000,367.390000,27395.000000,,,,,,,,,,,,,
2023-10-11,350.025000,25772.000000,114.750000,,352.630000,,,349.020000,367.390000,26874.000000,,,,,,,,,,,,,
2023-10-12,350.025000,25225.000000,114.062500,,354.010000,,,349.020000,367.390000,26756.000000,,,,,,,,,,,,,
2023-10-13,,,,,355.390000,,,349.020000,367.390000,26867.000000,,,,,,,,,,,,,
2023-10-14,,,,,355.390000,,,349.020000,367.390000,26855.000000,,,,,,,,,,,,,
2023-10-15,,,,,355.390000,,,349.020000,367.390000,27174.000000,,,,,,,,,,,,,
2023-10-16,,,,,355.390000,,,348.790000,367.170000,28518.000000,,,,,,,,,,,,,
2023-10-17,350.016700,24995.000000,129.625000,,355.390000,,,348.880000,368.190000,28408.000000,,,,,,,,,,,,,
2023-10-18,350.025000,24789.000000,129.375000,,362.350000,,,348.960000,368.600000,28328.000000,,,,,,,,,,,,,
2023-10-19,350.025000,24793.000000,128.687500,,363.750000,,,348.960000,368.600000,28733.000000,,,,,,,,,,,,,
2023-10-20,350.025000,24543.000000,128.812500,,365.160000,,,348.960000,368.600000,29688.000000,,,,,,,,,,,,,
2023-10-21,,,,,366.570000,,,348.960000,368.600000,29927.000000,,,,,,,,,,,,,
2023-10-22,,,,,366.570000,,,348.960000,368.600000,30002.000000,,,,,,,,,,,,,
2023-10-23,350.000000,24553.000000,128.500000,,366.570000,,,348.960000,368.600000,33074.000000,,,,,,,,,,,,,
2023-10-24,350.025000,24556.000000,127.500000,,370.840000,,,348.960000,368.600000,33917.000000,,,,,,,,,,,,,
2023-10-25,350.016700,24499.000000,128.250000,,372.270000,,,348.960000,368.600000,34498.000000,,,,,,,,,,,,,
2023-10-26,350.008300,24553.000000,128.187500,,373.710000,,,348.960000,368.600000,34165.000000,,,,,,,,,,,,,
2023-10-27,350.008300,24561.000000,128.875000,,375.150000,,,348.960000,368.600000,33906.000000,,,,,,,,,,,,,
2023-10-28,,,,,376.600000,,,348.960000,368.600000,34091.000000,,,,,,,,,,,,,
2023-10-29,,,,,376.600000,,,348.960000,368.600000,34538.000000,,,,,,,,,,,,,
2023-10-30,350.025000,24614.000000,128.687500,,376.600000,,,348.960000,368.600000,34495.000000,,,,,,,,,,,,,
2023-10-31,350.008300,22559.000000,128.562500,,380.980000,8.300000,142.700000,348.960000,368.600000,34661.000000,,,,,,,,,,,,,
2023-11-01,349.991700,21876.000000,129.375000,,382.460000,,,348.960000,368.600000,35440.000000,,,,,,,,,,,,,
2023-11-02,350.025000,21878.000000,128.437500,,383.930000,,,348.960000,368.600000,34937.000000,,,,,,,,,,,,,
2023-11-03,350.025000,21883.000000,129.875000,,385.420000,,,348.960000,368.600000,34727.000000,,,,,,,,,,,,,
2023-11-04,,,,,386.910000,,,348.960000,368.600000,35086.000000,,,,,,,,,,,,,
2023-11-05,,,,,386.910000,,,348.960000,368.600000,35045.000000,,,,,,,,,,,,,
2023-11-06,,,,,386.910000,,,347.500000,365.500000,35042.000000,,,,,,,,,,,,,
2023-11-07,350.025000,20928.000000,129.625000,,386.910000,,,347.500000,365.500000,35414.000000,,,,,,,,,,,,,
2023-11-08,350.025000,20938.000000,129.750000,,392.920000,,,347.500000,365.500000,35640.000000,,,,,,,,,,,,,
2023-11-09,350.025000,20950.000000,129.000000,,394.440000,,,347.500000,365.500000,36693.000000,,,,,,,,,,,,,
2023-11-10,350.000000,20905.000000,129.812500,,395.960000,,,347.500000,365.500000,37319.000000,,,,,,,,,,,,,
2023-11-11,,,,,397.490000,,,347.500000,365.500000,37152.000000,,,,,,,,,,,,,
2023-11-12,,,,,397.490000,,,347.500000,365.500000,37086.000000,,,,,,,,,,,,,
2023-11-13,350.025000,20977.000000,130.312500,,397.490000,,,347.500000,365.500000,36485.000000,,,,,,,,,,,,,
2023-11-14,350.025000,21167.000000,128.312500,,402.120000,,,347.500000,365.500000,35564.000000,,,,,,,,,,,,,
2023-11-15,353.008300,21102.000000,128.250000,,403.670000,,,350.500000,368.500000,37877.000000,,,,,,,,,,,,,
2023-11-16,353.475000,21403.000000,129.875000,,405.230000,,,351.000000,369.000000,36165.000000,,,,,,,,,,,,,
2023-11-17,354.008300,21505.000000,129.250000,,406.310000,,,351.500000,369.500000,36625.000000,,,,,,,,,,,,,
2023-11-18,,,,,407.390000,,,351.500000,369.500000,36590.000000,,,,,,,,,,,,,
2023-11-19,,,,,407.390000,,,351.500000,369.500000,37426.000000,,,,,,,,,,,,,
2023-11-20,,,,,407.390000,,,351.500000,369.500000,37480.000000,,,,,,,,,,,,,
2023-11-21,356.025000,21631.000000,129.812500,,407.390000,,,353.500000,371.500000,35758.000000,,,,,,,,,,,,,
2023-11-22,356.508300,21539.000000,129.437500,,411.750000,,,354.000000,372.000000,37424.000000,,,,,,,,,,,,,
2023-11-23,357.008300,21554.000000,128.562500,,412.840000,,,354.500000,372.500000,37301.000000,,,,,,,,,,,,,
2023-11-24,357.525000,21551.000000,129.250000,,413.940000,,,355.000000,373.000000,37746.000000,,,,,,,,,,,,,
2023-11-25,,,,,415.040000,,,355.000000,373.000000,37809.000000,,,,,,,,,,,,,
2023-11-26,,,,,415.040000,,,355.000000,373.000000,37460.000000,,,,,,,,,,,,,
2023-11-27,359.025000,21538.000000,129.500000,,415.040000,,,356.500000,374.500000,37240.000000,,,,,,,,,,,,,
2023-11-28,359.525000,21535.000000,129.375000,,418.370000,,,357.000000,375.000000,37839.000000,,,,,,,,,,,,,
2023-11-29,360.008300,21603.000000,129.312500,,419.480000,,,357.500000,375.500000,37863.000000,,,,,,,,,,,,,
2023-11-30,360.525000,21513.000000,129.875000,,420.600000,12.800000,160.900000,358.000000,376.000000,37719.000000,,,,,,,,,,,,,
2023-12-01,361.025000,21428.000000,130.187500,,421.720000,,,358.500000,376.500000,38707.000000,,,,,,,,,,,,,
2023-12-02,,,,,422.840000,,,358.500000,376.500000,39474.000000,,,,,,,,,,,,,
2023-12-03,,,,,422.840000,,,358.500000,376.500000,39989.000000,,,,,,,,,,,,,
2023-12-04,362.525000,21329.000000,129.625000,,422.840000,,,360.000000,378.000000,41985.000000,,,,,,,,,,,,,
2023-12-05,363.025000,21345.000000,129.062500,,426.220000,,,360.500000,378.500000,44075.000000,,,,,,,,,,,,,
2023-12-06,363.550000,21168.000000,129.125000,,427.360000,,,361.000000,379.000000,43764.000000,,,,,,,,,,,,,
2023-12-07,364.408300,21209.000000,130.125000,,428.490000,,,382.500000,400.500000,43291.000000,,,,,,,,,,,,,
2023-12-08,,,,,429.640000,,,382.500000,400.500000,44193.000000,,,,,,,,,,,,,
2023-12-09,,,,,429.640000,,,382.500000,400.500000,43712.000000,,,,,,,,,,,,,
2023-12-10,,,,,429.640000,,,382.500000,400.500000,43786.000000,,,,,,,,,,,,,
2023-12-11,366.000000,21017.000000,129.875000,,429.640000,,,365.500000,400.500000,41242.000000,,,,,,,,,,,,,
2023-12-12,366.500000,20920.000000,129.750000,,434.230000,,,365.500000,400.500000,41458.000000,,,,,,,,,,,,,
2023-12-13,799.975000,21133.000000,129.250000,,435.380000,,,780.000000,820.000000,42888.000000,,,,,,,,,,,,,
2023-12-14,800.525000,21499.000000,127.875000,,436.540000,,,780.620000,820.620000,43031.000000,,,,,,,,,,,,,
2023-12-15,801.075000,21451.000000,128.250000,,437.700000,,,781.000000,821.000000,41925.000000,,,,,,,,,,,,,
2023-12-16,,,,,438.870000,,,781.000000,821.000000,42246.000000,,,,,,,,,,,,,
2023-12-17,,,,,438.870000,,,781.000000,821.000000,41345.000000,,,,,,,,,,,,,
2023-12-18,802.625000,21477.000000,129.937500,,438.870000,,,782.500000,822.500000,42650.000000,,,,,,,,,,,,,
2023-12-19,803.175000,22663.000000,113.000000,,444.010000,,,783.000000,823.000000,42258.000000,,,,,,,,,,,,,
2023-12-20,803.725000,22758.000000,109.750000,,445.740000,,,783.500000,823.500000,43665.000000,,,,,,,,,,,,,
2023-12-21,804.225000,22209.000000,109.937500,,447.480000,,,784.000000,824.000000,43873.000000,,,,,,,,,,,,,
2023-12-22,804.775000,22581.000000,109.562500,,449.220000,,,784.500000,824.500000,44002.000000,,,,,,,,,,,,,
2023-12-23,,,,,450.970000,,,784.500000,824.500000,43733.000000,,,,,,,,,,,,,
2023-12-24,,,,,450.970000,,,784.500000,824.500000,43033.000000,,,,,,,,,,,,,
2023-12-25,,,,,450.970000,,,784.500000,824.500000,43591.000000,,,,,,,,,,,,,
2023-12-26,806.883300,22571.000000,109.312500,,450.970000,,,786.750000,826.750000,42510.000000,,,,,,,,,,,,,
2023-12-27,807.425000,22763.000000,108.875000,,458.030000,,,787.250000,827.250000,43473.000000,,,,,,,,,,,,,
2023-12-28,807.975000,23125.000000,109.000000,,459.810000,,,787.750000,827.750000,42583.000000,,,,,,,,,,,,,
2023-12-29,808.483300,23073.000000,109.750000,,461.600000,,,788.250000,828.250000,42072.000000,,,,,,,,,,,,,
2023-12-30,,,,,463.400000,,,788.250000,828.250000,42148.000000,,,,,,,,,,,,,
2023-12-31,,,,,463.400000,25.500000,211.400000,788.250000,828.250000,42258.000000,,,,,,,,,,,,,
2024-01-01,,,,,463.400000,,,788.250000,828.250000,44187.000000,,,,,,,,,,,,,
2024-01-02,810.650000,23470.000000,108.000000,,463.400000,,,790.250000,830.250000,44970.000000,,,,,,,,,,,,,
2024-01-03,811.150000,23677.000000,109.125000,,470.660000,,,791.000000,831.000000,42865.000000,,,,,,,,,,,,,
2024-01-04,811.750000,23835.000000,109.250000,,472.490000,,,791.500000,831.500000,44186.000000,,,,,,,,,,,,,
2024-01-05,812.250000,24119.000000,109.125000,,474.330000,,,792.000000,832.000000,44184.000000,,,,,,,,,,,,,
2024-01-06,,,,,476.180000,,,792.000000,832.000000,43999.000000,,,,,,,,,,,,,
2024-01-07,,,,,476.180000,,,792.000000,832.000000,43944.000000,,,,,,,,,,,,,
2024-01-08,813.850000,23233.000000,108.562500,,476.180000,,,793.500000,833.500000,46995.000000,,,,,,,,,,,,,
2024-01-09,814.350000,23286.000000,109.750000,,481.760000,,,794.000000,834.000000,46124.000000,,,,,,,,,,,,,
2024-01-10,814.950000,23411.000000,108.312500,,483.640000,,,794.500000,834.500000,46681.000000,,,,,,,,,,,,,
2024-01-11,815.450000,23571.000000,109.500000,,485.520000,,,795.000000,835.000000,46360.000000,,,,,,,,,,,,,
2024-01-12,816.050000,23980.000000,109.375000,,487.410000,,,795.500000,835.500000,42778.000000,,,,,,,,,,,,,
2024-01-13,,,,,489.310000,,,795.500000,835.500000,42843.000000,,,,,,,,,,,,,
2024-01-14,,,,,489.310000,,,795.500000,835.500000,41715.000000,,,,,,,,,,,,,
2024-01-15,817.650000,24001.000000,109.625000,,489.310000,,,797.250000,837.250000,42493.000000,,,,,,,,,,,,,
2024-01-16,818.150000,23972.000000,109.750000,,495.040000,,,797.750000,837.750000,43131.000000,,,,,,,,,,,,,
2024-01-17,818.650000,24167.000000,109.562500,,498.680000,,,798.250000,838.250000,42738.000000,,,,,,,,,,,,,
2024-01-18,819.250000,24300.000000,109.625000,,502.350000,,,798.750000,838.750000,41283.000000,,,,,,,,,,,,,
2024-01-19,819.750000,24427.000000,109.687500,,506.050000,,,799.250000,839.250000,41628.000000,,,,,,,,,,,,,
2024-01-20,,,,,509.770000,,,799.250000,839.250000,41673.000000,,,,,,,,,,,,,
2024-01-21,,,,,509.770000,,,799.250000,839.250000,41560.000000,,,,,,,,,,,,,
2024-01-22,821.450000,24488.000000,108.687500,,509.770000,,,800.750000,840.750000,39528.000000,,,,,,,,,,,,,
2024-01-23,821.950000,24675.000000,109.687500,,521.100000,,,801.250000,841.250000,39868.000000,,,,,,,,,,,,,
2024-01-24,822.450000,24848.000000,109.875000,,524.930000,,,801.750000,841.750000,40074.000000,,,,,,,,,,,,,
2024-01-25,823.050000,24859.000000,108.812500,,528.790000,,,802.250000,842.250000,39916.000000,,,,,,,,,,,,,
2024-01-26,823.550000,25007.000000,108.062500,,532.680000,,,802.750000,842.750000,41818.000000,,,,,,,,,,,,,
2024-01-27,,,,,536.590000,,,802.750000,842.750000,42124.000000,,,,,,,,,,,,,
2024-01-28,,,,,536.590000,,,802.750000,842.750000,42026.000000,,,,,,,,,,,,,
2024-01-29,825.250000,25158.000000,109.000000,,536.590000,,,804.500000,844.500000,43305.000000,,,,,,,,,,,,,
2024-01-30,825.750000,25105.000000,108.625000,,548.520000,,,805.000000,845.000000,42946.000000,,,,,,,,,,,,,
2024-01-31,826.250000,27642.000000,109.687500,,552.550000,20.600000,254.200000,805.500000,845.500000,42558.000000,,,,,,,,,,,,,
2024-02-01,826.850000,27072.000000,107.937500,,556.620000,,,806.000000,846.000000,43071.000000,,,,,,,,,,,,,
2024-02-02,827.350000,27016.000000,108.875000,,560.710000,,,806.500000,846.500000,43183.000000,,,,,,,,,,,,,
2024-02-03,,,,,564.830000,,,806.500000,846.500000,42994.000000,,,,,,,,,,,,,
2024-02-04,,,,,564.830000,,,806.500000,846.500000,42570.000000,,,,,,,,,,,,,
2024-02-05,829.050000,26991.000000,108.000000,,564.830000,,,808.000000,848.000000,42659.000000,,,,,,,,,,,,,
2024-02-06,829.550000,26414.000000,108.437500,,577.390000,,,808.500000,848.500000,43092.000000,,,,,,,,,,,,,
2024-02-07,830.150000,26483.000000,108.875000,,581.630000,,,809.000000,849.000000,44346.000000,,,,,,,,,,,,,
2024-02-08,830.650000,26377.000000,109.437500,,585.910000,,,809.500000,849.500000,45300.000000,,,,,,,,,,,,,
2024-02-09,831.250000,26502.000000,107.875000,,590.220000,,,810.000000,850.000000,47161.000000,,,,,,,,,,,,,
2024-02-10,,,,,594.560000,,,810.000000,850.000000,47770.000000,,,,,,,,,,,,,
2024-02-11,,,,,594.560000,,,810.000000,850.000000,48313.000000,,,,,,,,,,,,,
2024-02-12,,,,,594.560000,,,810.000000,850.000000,49937.000000,,,,,,,,,,,,,
2024-02-13,,,,,594.560000,,,810.000000,850.000000,49720.000000,,,,,,,,,,,,,
2024-02-14,833.950000,26603.000000,108.187500,,594.560000,,,813.000000,853.000000,51844.000000,,,,,,,,,,,,,
2024-02-15,834.566700,26641.000000,109.625000,,616.740000,,,813.500000,853.500000,51942.000000,,,,,,,,,,,,,
2024-02-16,835.050000,26860.000000,109.125000,,621.280000,,,814.000000,854.000000,52161.000000,,,,,,,,,,,,,
2024-02-17,,,,,625.310000,,,814.000000,854.000000,51664.000000,,,,,,,,,,,,,
2024-02-18,,,,,625.310000,,,814.000000,854.000000,52130.000000,,,,,,,,,,,,,
2024-02-19,836.750000,26859.000000,109.312500,,625.310000,,,815.500000,855.500000,51789.000000,,,,,,,,,,,,,
2024-02-20,837.250000,27104.000000,109.562500,,637.540000,,,816.000000,856.000000,52275.000000,,,,,,,,,,,,,
2024-02-21,837.850000,27140.000000,108.125000,,641.670000,,,816.500000,856.500000,51843.000000,,,,,,,,,,,,,
2024-02-22,838.350000,27347.000000,109.562500,,645.830000,,,817.000000,857.000000,51253.000000,,,,,,,,,,,,,
2024-02-23,838.950000,27485.000000,109.250000,,650.010000,,,817.500000,857.500000,50743.000000,,,,,,,,,,,,,
2024-02-24,,,,,654.230000,,,817.500000,857.500000,51562.000000,,,,,,,,,,,,,
2024-02-25,,,,,654.230000,,,817.500000,857.500000,51722.000000,,,,,,,,,,,,,
2024-02-26,840.650000,27490.000000,108.812500,,654.230000,,,819.500000,859.500000,54524.000000,,,,,,,,,,,,,
2024-02-27,841.150000,27558.000000,110.000000,,667.030000,,,820.000000,860.000000,57068.000000,,,,,,,,,,,,,
2024-02-28,841.750000,27597.000000,109.062500,,671.350000,,,820.500000,860.500000,62512.000000,,,,,,,,,,,,,
2024-02-29,842.250000,26690.000000,108.937500,,675.700000,13.200000,276.200000,821.000000,861.000000,61161.000000,,,,,,,,,,,,,
2024-03-01,842.750000,27334.000000,108.812500,,680.080000,,,821.500000,861.500000,62444.000000,,,,,,,,,,,,,
2024-03-02,,,,,684.480000,,,821.500000,861.500000,62042.000000,,,,,,,,,,,,,
2024-03-03,,,,,684.480000,,,821.500000,861.500000,63142.000000,,,,,,,,,,,,,
2024-03-04,844.250000,27641.000000,108.937500,,684.480000,,,823.000000,863.000000,68359.000000,,,,,,,,,,,,,
2024-03-05,845.250000,27755.000000,108.937500,,697.880000,,,824.000000,864.000000,63796.000000,,,,,,,,,,,,,
2024-03-06,845.750000,27854.000000,109.250000,,702.400000,,,824.500000,864.500000,66120.000000,,,,,,,,,,,,,
2024-03-07,846.250000,28049.000000,108.062500,,706.950000,,,825.000000,865.000000,66941.000000,,,,,,,,,,,,,
2024-03-08,846.750000,28221.000000,108.937500,,711.530000,,,825.500000,865.500000,68285.000000,,,,,,,,,,,,,
2024-03-09,,,,,716.140000,,,825.500000,865.500000,68463.000000,,,,,,,,,,,,,
2024-03-10,,,,,716.140000,,,825.500000,865.500000,69026.000000,,,,,,,,,,,,,
2024-03-11,848.250000,28296.000000,108.625000,,716.140000,,,827.000000,867.000000,72118.000000,,,,,,,,,,,,,
2024-03-12,848.750000,28272.000000,74.375000,,730.150000,,,827.500000,867.500000,71473.000000,,,,,,,,,,,,,
2024-03-13,849.750000,28488.000000,72.500000,,734.880000,,,828.500000,868.500000,73121.000000,,,,,,,,,,,,,
2024-03-14,850.250000,28489.000000,72.375000,,739.650000,,,829.000000,869.000000,71371.000000,,,,,,,,,,,,,
2024-03-15,850.750000,28209.000000,71.625000,,744.440000,,,829.500000,869.500000,69516.000000,,,,,,,,,,,,,
2024-03-16,,,,,749.260000,,,829.500000,869.500000,65248.000000,,,,,,,,,,,,,
2024-03-17,,,,,749.260000,,,829.500000,869.500000,68352.000000,,,,,,,,,,,,,
2024-03-18,852.250000,28176.000000,71.125000,,749.260000,,,831.000000,871.000000,67613.000000,,,,,,,,,,,,,
2024-03-19,852.750000,27979.000000,71.062500,,758.310000,,,831.500000,871.500000,61897.000000,,,,,,,,,,,,,
2024-03-20,853.250000,28041.000000,71.250000,,761.350000,,,832.000000,872.000000,67872.000000,,,,,,,,,,,,,
2024-03-21,854.250000,28107.000000,72.250000,,764.400000,,,832.500000,872.500000,65485.000000,,,,,,,,,,,,,
2024-03-22,854.750000,28025.000000,71.312500,,767.460000,,,833.500000,873.500000,63807.000000,,,,,,,,,,,,,
2024-03-23,,,,,770.540000,,,833.500000,873.500000,64001.000000,,,,,,,,,,,,,
2024-03-24,,,,,770.540000,,,833.500000,873.500000,67188.000000,,,,,,,,,,,,,
2024-03-25,856.250000,28266.000000,71.375000,,770.540000,,,835.000000,875.000000,69898.000000,,,,,,,,,,,,,
2024-03-26,856.750000,27644.000000,71.187500,,779.840000,,,835.500000,875.500000,69997.000000,,,,,,,,,,,,,
2024-03-27,857.416700,27127.000000,70.875000,,782.960000,,,836.000000,876.000000,69421.000000,,,,,,,,,,,,,
2024-03-28,,,,,786.100000,,,836.000000,876.000000,70803.000000,,,,,,,,,,,,,
2024-03-29,,,,,786.100000,,,836.000000,876.000000,69903.000000,,,,,,,,,,,,,
2024-03-30,,,,,786.100000,,,836.000000,876.000000,69613.000000,,,,,,,,,,,,,
2024-03-31,,,,,786.100000,11.000000,287.900000,836.000000,876.000000,71285.000000,,,,,,,,,,,,,
2024-04-01,,,,,786.100000,,,836.000000,876.000000,69699.000000,,,,,,,,,,,,,
2024-04-02,,,,,786.100000,,,836.000000,876.000000,65469.000000,,,,,,,,,,,,,
2024-04-03,861.250000,27882.000000,70.750000,,786.100000,,,840.000000,880.000000,65988.000000,,,,,,,,,,,,,
2024-04-04,861.750000,28400.000000,71.500000,,808.420000,,,840.500000,880.500000,68538.000000,,,,,,,,,,,,,
2024-04-05,862.750000,28765.000000,71.375000,,811.660000,,,841.500000,881.500000,67857.000000,,,,,,,,,,,,,
2024-04-06,,,,,814.910000,,,841.500000,881.500000,68917.000000,,,,,,,,,,,,,
2024-04-07,,,,,814.910000,,,841.500000,881.500000,69358.000000,,,,,,,,,,,,,
2024-04-08,864.250000,28904.000000,71.500000,,814.910000,,,843.000000,883.000000,71613.000000,,,,,,,,,,,,,
2024-04-09,864.750000,29043.000000,70.875000,,824.750000,,,843.500000,883.500000,69135.000000,,,,,,,,,,,,,
2024-04-10,865.250000,29047.000000,69.812500,,828.050000,,,843.500000,883.500000,70630.000000,,,,,,,,,,,,,
2024-04-11,865.750000,29181.000000,67.875000,,831.370000,,,884.500000,884.500000,70015.000000,,,,,,,,,,,,,
2024-04-12,866.750000,29321.000000,61.437500,,834.700000,,,885.500000,885.500000,67150.000000,,,,,,,,,,,,,
2024-04-13,,,,,838.050000,,,885.500000,885.500000,64054.000000,,,,,,,,,,,,,
2024-04-14,,,,,838.050000,,,885.500000,885.500000,65749.000000,,,,,,,,,,,,,
2024-04-15,868.250000,29240.000000,61.312500,,838.050000,,,847.000000,887.000000,63438.000000,,,,,,,,,,,,,
2024-04-16,868.750000,29360.000000,61.312500,,848.170000,,,887.500000,887.500000,63830.000000,,,,,,,,,,,,,
2024-04-17,869.250000,29471.000000,61.000000,,851.120000,,,888.000000,888.000000,61278.000000,,,,,,,,,,,,,
2024-04-18,869.750000,29717.000000,61.812500,,854.090000,,,888.500000,888.500000,63515.000000,,,,,,,,,,,,,
2024-04-19,870.750000,29850.000000,60.937500,,857.060000,,,890.000000,890.000000,63821.000000,,,,,,,,,,,,,
2024-04-20,,,,,860.050000,,,890.000000,890.000000,64990.000000,,,,,,,,,,,,,
2024-04-21,,,,,860.050000,,,890.000000,890.000000,64950.000000,,,,,,,,,,,,,
2024-04-22,872.250000,29907.000000,60.812500,,860.050000,,,892.000000,892.000000,66855.000000,,,,,,,,,,,,,
2024-04-23,872.750000,29899.000000,61.000000,,869.070000,,,892.000000,892.000000,66421.000000,,,,,,,,,,,,,
2024-04-24,873.250000,30023.000000,61.250000,,872.100000,,,892.500000,892.500000,64259.000000,,,,,,,,,,,,,
2024-04-25,873.750000,30096.000000,56.500000,,875.140000,,,893.000000,893.000000,64493.000000,,,,,,,,,,,,,
2024-04-26,874.750000,30141.000000,50.687500,,878.190000,,,854.000000,894.000000,63745.000000,,,,,,,,,,,,,
2024-04-27,,,,,881.250000,,,894.000000,894.000000,63429.000000,,,,,,,,,,,,,
2024-04-28,,,,,881.250000,,,894.000000,894.000000,63098.000000,,,,,,,,,,,,,
2024-04-29,876.416700,29869.000000,50.812500,,881.250000,,,895.500000,895.500000,63832.000000,,,,,,,,,,,,,
2024-04-30,876.750000,27578.000000,50.812500,,890.490000,8.800000,289.400000,896.000000,896.000000,60632.000000,,,,,,,,,,,,,
2024-05-01,,,,,893.600000,,,896.000000,896.000000,58256.000000,,,,,,,,,,,,,
2024-05-02,878.250000,28200.000000,47.875000,,893.600000,,,897.000000,897.000000,59099.000000,,,,,,,,,,,,,
2024-05-03,878.750000,28381.000000,40.937500,,899.840000,,,897.500000,897.500000,62915.000000,,,,,,,,,,,,,
2024-05-04,,,,,902.970000,,,897.500000,897.500000,63899.000000,,,,,,,,,,,,,
2024-05-05,,,,,902.970000,,,897.500000,897.500000,64021.000000,,,,,,,,,,,,,
2024-05-06,880.250000,27688.000000,40.312500,,902.970000,,,859.000000,899.000000,63164.000000,,,,,,,,,,,,,
2024-05-07,880.750000,27791.000000,40.437500,,912.450000,,,859.500000,899.500000,62320.000000,,,,,,,,,,,,,
2024-05-08,881.750000,27967.000000,39.750000,,915.620000,,,860.500000,900.500000,61181.000000,,,,,,,,,,,,,
2024-05-09,882.250000,28037.000000,40.125000,,918.820000,,,861.000000,901.000000,63075.000000,,,,,,,,,,,,,
2024-05-10,882.750000,28361.000000,39.375000,,922.020000,,,901.500000,901.500000,60793.000000,,,,,,,,,,,,,
2024-05-11,,,,,925.230000,,,901.500000,901.500000,60816.000000,,,,,,,,,,,,,
2024-05-12,,,,,925.230000,,,901.500000,901.500000,61462.000000,,,,,,,,,,,,,
2024-05-13,884.250000,28325.000000,39.750000,,925.230000,,,863.000000,903.000000,62934.000000,,,,,,,,,,,,,
2024-05-14,885.250000,28368.000000,39.187500,,934.940000,,,864.000000,904.000000,61543.000000,,,,,,,,,,,,,
2024-05-15,885.750000,28271.000000,32.500000,,938.190000,,,904.500000,904.500000,66242.000000,,,,,,,,,,,,,
2024-05-16,886.250000,28576.000000,32.062500,,941.460000,,,865.000000,905.000000,65252.000000,,,,,,,,,,,,,
2024-05-17,886.750000,28801.000000,31.187500,,944.030000,,,905.500000,905.500000,67053.000000,,,,,,,,,,,,,
2024-05-18,,,,,946.600000,,,905.500000,905.500000,66930.000000,,,,,,,,,,,,,
2024-05-19,,,,,946.600000,,,905.500000,905.500000,66275.000000,,,,,,,,,,,,,
2024-05-20,888.750000,28899.000000,31.937500,,946.600000,,,867.500000,907.500000,71401.000000,,,,,,,,,,,,,
2024-05-21,889.250000,29062.000000,31.875000,,954.360000,,,908.000000,908.000000,70136.000000,,,,,,,,,,,,,
2024-05-22,889.750000,29081.000000,31.562500,,956.960000,,,868.500000,908.500000,69118.000000,,,,,,,,,,,,,
2024-05-23,890.250000,29005.000000,30.625000,,959.570000,,,909.000000,909.000000,67945.000000,,,,,,,,,,,,,
2024-05-24,890.750000,29116.000000,32.187500,,962.180000,,,869.500000,909.500000,68548.000000,,,,,,,,,,,,,
2024-05-25,,,,,964.800000,,,909.500000,909.500000,69275.000000,,,,,,,,,,,,,
2024-05-26,,,,,964.800000,,,869.500000,909.500000,68489.000000,,,,,,,,,,,,,
2024-05-27,892.750000,29157.000000,31.625000,,964.800000,,,871.500000,911.500000,69392.000000,,,,,,,,,,,,,
2024-05-28,893.250000,29186.000000,31.687500,,972.710000,,,872.500000,912.500000,68327.000000,,,,,,,,,,,,,
2024-05-29,893.750000,29191.000000,32.375000,,975.360000,,,873.000000,913.000000,67564.000000,,,,,,,,,,,,,
2024-05-30,894.250000,29066.000000,32.125000,,978.020000,,,873.000000,913.000000,68338.000000,,,,,,,,,,,,,
2024-05-31,895.250000,28664.000000,33.375000,,980.680000,4.200000,276.400000,874.000000,914.000000,67477.000000,,,,,,,,,,,,,
2024-06-01,,,,,983.350000,,,914.000000,914.000000,67723.000000,,,,,,,,,,,,,
2024-06-02,,,,,983.350000,,,914.000000,914.000000,67752.000000,,,,,,,,,,,,,
2024-06-03,896.416700,29134.000000,32.062500,,983.350000,,,916.000000,916.000000,68801.000000,,,,,,,,,,,,,
2024-06-04,896.916700,29289.000000,32.375000,,991.410000,,,916.500000,916.500000,70564.000000,,,,,,,,,,,,,
2024-06-05,898.250000,29368.000000,32.562500,,994.110000,,,916.500000,916.500000,71119.000000,,,,,,,,,,,,,
2024-06-06,898.500000,29415.000000,32.875000,,996.820000,,,878.000000,918.000000,70775.000000,,,,,,,,,,,,,
2024-06-07,899.083300,29300.000000,32.937500,,999.540000,,,878.000000,918.000000,69326.000000,,,,,,,,,,,,,
2024-06-08,,,,,1002.260000,,,918.000000,918.000000,69306.000000,,,,,,,,,,,,,
2024-06-09,,,,,1002.260000,,,878.000000,918.000000,69640.000000,,,,,,,,,,,,,
2024-06-10,901.166700,29237.000000,31.750000,,1002.260000,,,880.500000,920.500000,69501.000000,,,,,,,,,,,,,
2024-06-11,902.166700,29212.000000,34.625000,,1010.470000,,,881.000000,921.000000,67306.000000,,,,,,,,,,,,,
2024-06-12,902.250000,29268.000000,33.437500,,1013.230000,,,881.500000,921.500000,68243.000000,,,,,,,,,,,,,
2024-06-13,902.583300,29277.000000,33.625000,,1015.990000,,,881.500000,921.500000,66733.000000,,,,,,,,,,,,,
2024-06-14,902.666700,29172.000000,33.812500,,1018.750000,,,882.000000,922.000000,65996.000000,,,,,,,,,,,,,
2024-06-15,,,,,1021.530000,,,882.000000,922.000000,66182.000000,,,,,,,,,,,,,
2024-06-16,,,,,1021.530000,,,882.000000,922.000000,66622.000000,,,,,,,,,,,,,
2024-06-17,,,,,1021.530000,,,882.000000,922.000000,66475.000000,,,,,,,,,,,,,
2024-06-18,905.416700,29959.000000,32.625000,,1021.530000,,,884.000000,924.000000,65145.000000,,,,,,,,,,,,,
2024-06-19,906.000000,29946.000000,34.500000,,1028.540000,,,884.500000,924.500000,64946.000000,,,,,,,,,,,,,
2024-06-20,,,,,1029.950000,,,884.500000,924.500000,64845.000000,,,,,,,,,,,,,
2024-06-21,,,,,1029.950000,,,884.500000,924.500000,64102.000000,,,,,,,,,,,,,
2024-06-22,,,,,1029.950000,,,884.500000,924.500000,64233.000000,,,,,,,,,,,,,
2024-06-23,,,,,1029.950000,,,884.500000,924.500000,63154.000000,,,,,,,,,,,,,
2024-06-24,909.083300,29716.000000,33.375000,,1029.950000,,,887.000000,927.000000,60252.000000,,,,,,,,,,,,,
2024-06-25,909.666700,29783.000000,35.187500,,1037.030000,,,887.500000,927.500000,61789.000000,,,,,,,,,,,,,
2024-06-26,910.750000,29886.000000,32.875000,,1038.460000,,,888.000000,928.000000,60807.000000,,,,,,,,,,,,,
2024-06-27,911.583300,29747.000000,33.562500,,1039.880000,,,889.500000,929.500000,61622.000000,,,,,,,,,,,,,
2024-06-28,911.750000,29022.000000,36.062500,,1041.310000,,,890.500000,930.500000,60315.000000,,,,,,,,,,,,,
2024-06-29,,,,,1042.740000,,,890.500000,930.500000,60879.000000,,,,,,,,,,,,,
2024-06-30,,,,,1042.740000,4.600000,271.500000,890.500000,930.500000,62676.000000,,,,,,,,,,,,,
2024-07-01,914.500000,29615.000000,34.187500,,1042.740000,,,892.500000,932.500000,62829.000000,,,,,,,,,,,,,
2024-07-02,915.166700,29646.000000,36.500000,,1047.040000,,,893.000000,933.000000,62033.000000,,,,,,,,,,,,,
2024-07-03,915.666700,29812.000000,34.937500,,1048.470000,,,893.500000,933.500000,60142.000000,,,,,,,,,,,,,
2024-07-04,915.916700,29819.000000,33.875000,,1049.910000,,,894.000000,934.000000,57045.000000,,,,,,,,,,,,,
2024-07-05,918.250000,29950.000000,36.000000,,1051.350000,,,894.500000,934.500000,56632.000000,,,,,,,,,,,,,
2024-07-06,,,,,1052.800000,,,894.500000,934.500000,58251.000000,,,,,,,,,,,,,
2024-07-07,,,,,1052.800000,,,894.500000,934.500000,55829.000000,,,,,,,,,,,,,
2024-07-08,918.916700,28348.000000,35.812500,,1052.800000,,,896.500000,936.500000,56710.000000,,,,,,,,,,,,,
2024-07-09,,,,,1057.140000,,,896.500000,936.500000,58033.000000,,,,,,,,,,,,,
2024-07-10,919.833300,28098.000000,34.250000,,1057.140000,,,897.500000,937.500000,57733.000000,,,,,,,,,,,,,
2024-07-11,920.500000,28235.000000,35.562500,,1060.040000,,,898.000000,938.000000,57348.000000,,,,,,,,,,,,,
2024-07-12,921.750000,28282.000000,37.062500,,1061.500000,,,900.000000,940.000000,57889.000000,,,,,,,,,,,,,
2024-07-13,,,,,1062.950000,,,900.000000,940.000000,59226.000000,,,,,,,,,,,,,
2024-07-14,,,,,1062.950000,,,900.000000,940.000000,60823.000000,,,,,,,,,,,,,
2024-07-15,922.916700,28177.000000,36.062500,,1062.950000,,,900.500000,940.500000,64769.000000,,,,,,,,,,,,,
2024-07-16,923.500000,27623.000000,36.500000,,1067.330000,,,901.000000,941.000000,65081.000000,,,,,,,,,,,,,
2024-07-17,923.833300,27583.000000,37.500000,,1068.880000,,,902.000000,942.000000,64091.000000,,,,,,,,,,,,,
2024-07-18,924.750000,27607.000000,37.875000,,1070.440000,,,902.500000,942.500000,63964.000000,,,,,,,,,,,,,
2024-07-19,926.750000,27565.000000,37.875000,,1071.990000,,,904.500000,944.500000,66705.000000,,,,,,,,,,,,,
2024-07-20,,,,,1073.550000,,,904.500000,944.500000,67155.000000,,,,,,,,,,,,,
2024-07-21,,,,,1073.550000,,,904.500000,944.500000,68158.000000,,,,,,,,,,,,,
2024-07-22,927.083300,27425.000000,38.687500,,1073.550000,,,906.000000,946.000000,67562.000000,,,,,,,,,,,,,
2024-07-23,927.333300,27437.000000,40.437500,,1078.230000,,,906.000000,946.000000,65944.000000,,,,,,,,,,,,,
2024-07-24,928.666700,27532.000000,38.125000,,1079.790000,,,906.500000,946.500000,65376.000000,,,,,,,,,,,,,
2024-07-25,929.166700,27330.000000,38.125000,,1081.360000,,,907.500000,947.500000,65796.000000,,,,,,,,,,,,,
2024-07-26,931.583300,27311.000000,38.187500,,1082.930000,,,910.000000,950.000000,67921.000000,,,,,,,,,,,,,
2024-07-27,,,,,1084.500000,,,910.000000,950.000000,67892.000000,,,,,,,,,,,,,
2024-07-28,,,,,1084.500000,,,910.000000,950.000000,68264.000000,,,,,,,,,,,,,
2024-07-29,931.750000,27132.000000,37.687500,,1084.500000,,,910.500000,950.500000,66780.000000,,,,,,,,,,,,,
2024-07-30,932.250000,26997.000000,39.187500,,1089.230000,,,911.000000,951.000000,66171.000000,,,,,,,,,,,,,
2024-07-31,932.750000,26402.000000,37.500000,,1090.820000,4.000000,263.400000,911.500000,951.500000,64612.000000,,,,,,,,,,,,,
2024-08-01,933.416700,27069.000000,40.250000,,1092.400000,,,911.500000,951.500000,65293.000000,,,,,,,,,,,,,
2024-08-02,935.083300,27571.000000,37.500000,,1093.980000,,,913.500000,953.500000,61421.000000,,,,,,,,,,,,,
2024-08-03,,,,,1095.570000,,,913.500000,953.500000,60672.000000,,,,,,,,,,,,,
2024-08-04,,,,,1095.570000,,,913.500000,953.500000,58142.000000,,,,,,,,,,,,,
2024-08-05,935.750000,28191.000000,36.750000,,1095.570000,,,914.000000,954.000000,54014.000000,,,,,,,,,,,,,
2024-08-06,936.500000,27310.000000,37.937500,,1100.350000,,,914.500000,954.500000,56053.000000,,,,,,,,,,,,,
2024-08-07,937.083300,27231.000000,38.375000,,1101.950000,,,915.500000,955.500000,55136.000000,,,,,,,,,,,,,
2024-08-08,937.583300,27376.000000,37.125000,,1103.550000,,,915.500000,955.500000,61699.000000,,,,,,,,,,,,,
2024-08-09,939.666700,27391.000000,37.187500,,1105.150000,,,917.500000,957.500000,60860.000000,,,,,,,,,,,,,
2024-08-10,,,,,1106.760000,,,917.500000,957.500000,60952.000000,,,,,,,,,,,,,
2024-08-11,,,,,1106.760000,,,917.500000,957.500000,58725.000000,,,,,,,,,,,,,
2024-08-12,939.833300,27473.000000,37.937500,,1106.760000,,,918.000000,958.000000,59362.000000,,,,,,,,,,,,,
2024-08-13,940.333300,27585.000000,38.375000,,1111.580000,,,918.500000,958.500000,60620.000000,,,,,,,,,,,,,
2024-08-14,941.666700,27571.000000,38.500000,,1113.200000,,,919.000000,959.000000,58697.000000,,,,,,,,,,,,,
2024-08-15,942.000000,27419.000000,38.500000,,1114.810000,,,920.000000,960.000000,57557.000000,,,,,,,,,,,,,
2024-08-16,944.000000,27541.000000,39.437500,,1116.430000,,,921.500000,961.500000,58883.000000,,,,,,,,,,,,,
2024-08-17,,,,,1117.840000,,,922.000000,962.000000,59487.000000,,,,,,,,,,,,,
2024-08-18,,,,,1117.840000,,,922.000000,962.000000,58430.000000,,,,,,,,,,,,,
2024-08-19,944.333300,27512.000000,38.375000,,1117.840000,,,923.000000,963.000000,59497.000000,,,,,,,,,,,,,
2024-08-20,944.833300,27674.000000,40.750000,,1122.100000,,,923.000000,963.000000,59012.000000,,,,,,,,,,,,,
2024-08-21,945.333300,27662.000000,39.250000,,1123.520000,,,923.500000,963.500000,61159.000000,,,,,,,,,,,,,
2024-08-22,946.250000,27658.000000,41.250000,,1124.940000,,,924.000000,964.000000,60383.000000,,,,,,,,,,,,,
2024-08-23,948.166700,27845.000000,39.125000,,1126.360000,,,926.000000,966.000000,64085.000000,,,,,,,,,,,,,
2024-08-24,,,,,1127.790000,,,926.000000,966.000000,64174.000000,,,,,,,,,,,,,
2024-08-25,,,,,1127.790000,,,926.000000,966.000000,64262.000000,,,,,,,,,,,,,
2024-08-26,949.083300,27874.000000,38.375000,,1127.790000,,,928.000000,968.000000,62852.000000,,,,,,,,,,,,,
2024-08-27,949.750000,27954.000000,41.187500,,1132.080000,,,929.500000,969.500000,59427.000000,,,,,,,,,,,,,
2024-08-28,950.083300,27861.000000,38.812500,,1133.510000,,,929.500000,969.500000,59033.000000,,,,,,,,,,,,,
2024-08-29,950.666700,27767.000000,39.437500,,1134.950000,,,930.000000,970.000000,59365.000000,,,,,,,,,,,,,
2024-08-30,952.833300,26719.000000,40.125000,,1136.380000,,,932.000000,972.000000,59113.000000,,,,,,,,,,,,,
2024-08-31,,,,,1137.820000,4.200000,236.700000,932.000000,972.000000,58967.000000,,,,,,,,,,,,,
2024-09-01,,,,,1137.820000,,,932.000000,972.000000,57310.000000,,,,,,,,,,,,,
2024-09-02,952.750000,26651.000000,37.375000,,1137.820000,,,933.000000,973.000000,59133.000000,,,,,,,,,,,,,
2024-09-03,954.166700,27377.000000,39.437500,,1142.150000,,,933.000000,973.000000,57493.000000,,,,,,,,,,,,,
2024-09-04,954.500000,27354.000000,37.750000,,1143.590000,,,933.500000,973.500000,57956.000000,,,,,,,,,,,,,
2024-09-05,954.916700,27436.000000,38.125000,,1145.040000,,,934.000000,974.000000,56158.000000,,,,,,,,,,,,,
2024-09-06,957.166700,27464.000000,38.000000,,1146.490000,,,936.500000,976.500000,53955.000000,,,,,,,,,,,,,
2024-09-07,,,,,1147.940000,,,936.500000,976.500000,54147.000000,,,,,,,,,,,,,
2024-09-08,,,,,1147.940000,,,936.500000,976.500000,54866.000000,,,,,,,,,,,,,
2024-09-09,957.750000,27400.000000,37.875000,,1147.940000,,,937.000000,977.000000,57059.000000,,,,,,,,,,,,,
2024-09-10,958.166700,27244.000000,38.625000,,1152.310000,,,938.000000,978.000000,57659.000000,,,,,,,,,,,,,
2024-09-11,958.916700,27219.000000,39.312500,,1153.770000,,,938.000000,978.000000,57342.000000,,,,,,,,,,,,,
2024-09-12,959.666700,27316.000000,39.250000,,1155.230000,,,938.500000,978.500000,58139.000000,,,,,,,,,,,,,
2024-09-13,961.750000,27420.000000,38.625000,,1156.690000,,,940.500000,980.500000,60545.000000,,,,,,,,,,,,,
2024-09-14,,,,,1158.150000,,,940.500000,980.500000,60012.000000,,,,,,,,,,,,,
2024-09-15,,,,,1158.150000,,,940.500000,980.500000,59130.000000,,,,,,,,,,,,,
2024-09-16,962.083300,26940.000000,39.125000,,1158.150000,,,942.000000,982.000000,58212.000000,,,,,,,,,,,,,
2024-09-17,962.416700,26909.000000,39.250000,,1162.680000,,,942.000000,982.000000,60316.000000,,,,,,,,,,,,,
2024-09-18,963.333300,27011.000000,39.437500,,1164.280000,,,942.000000,982.000000,61757.000000,,,,,,,,,,,,,
2024-09-19,963.750000,27129.000000,40.125000,,1165.880000,,,943.500000,983.500000,62940.000000,,,,,,,,,,,,,
2024-09-20,965.750000,27264.000000,41.687500,,1167.480000,,,945.000000,985.000000,63211.000000,,,,,,,,,,,,,
2024-09-21,,,,,1169.080000,,,945.000000,985.000000,63364.000000,,,,,,,,,,,,,
2024-09-22,,,,,1169.080000,,,945.000000,985.000000,63563.000000,,,,,,,,,,,,,
2024-09-23,966.333300,27343.000000,40.062500,,1169.080000,,,945.500000,985.500000,63325.000000,,,,,,,,,,,,,
2024-09-24,966.750000,28241.000000,42.000000,,1173.900000,,,946.000000,986.000000,64260.000000,,,,,,,,,,,,,
2024-09-25,967.916700,28834.000000,39.625000,,1175.510000,,,947.000000,987.000000,63147.000000,,,,,,,,,,,,,
2024-09-26,968.750000,29164.000000,40.625000,,1177.120000,,,948.500000,988.500000,65175.000000,,,,,,,,,,,,,
2024-09-27,970.583300,29174.000000,40.937500,,1178.740000,,,949.500000,989.500000,65781.000000,,,,,,,,,,,,,
2024-09-28,,,,,1180.350000,,,949.500000,989.500000,65876.000000,,,,,,,,,,,,,
2024-09-29,,,,,1180.350000,,,949.500000,989.500000,65601.000000,,,,,,,,,,,,,
2024-09-30,970.916700,27172.000000,39.750000,,1180.350000,3.500000,209.000000,950.000000,990.000000,63302.000000,,,,,,,,,,,,,
2024-10-01,971.250000,28461.000000,42.000000,44.187500,1185.220000,,,950.500000,990.500000,60807.000000,,,,,,,,,,,,,
2024-10-02,971.750000,29138.000000,40.062500,43.687500,1186.850000,,,951.000000,991.000000,60634.000000,,,,,,,,,,,,,
2024-10-03,972.750000,29231.000000,40.437500,43.687500,1188.480000,,,952.500000,992.500000,60745.000000,,,,,,,,,,,,,
2024-10-04,974.833300,28313.000000,39.812500,43.375000,1190.110000,,,954.000000,994.000000,62081.000000,,,,,,,,,,,,,
2024-10-05,,,,,1191.740000,,,954.000000,994.000000,62063.000000,,,,,,,,,,,,,
2024-10-06,,,,,1191.740000,,,954.000000,994.000000,62814.000000,,,,,,,,,,,,,
2024-10-07,975.500000,28557.000000,39.062500,42.812500,1191.740000,,,955.000000,995.000000,62212.000000,,,,,,,,,,,,,
2024-10-08,975.916700,28388.000000,38.500000,40.750000,1196.650000,,,955.500000,995.500000,62133.000000,,,,,,,,,,,,,
2024-10-09,976.250000,28346.000000,38.562500,43.125000,1198.300000,,,955.500000,995.500000,60582.000000,,,,,,,,,,,,,
2024-10-10,979.416700,28632.000000,39.625000,44.250000,1199.940000,,,958.500000,998.500000,60278.000000,,,,,,,,,,,,,
2024-10-11,,,,,1201.590000,,,958.500000,998.500000,62452.000000,,,,,,,,,,,,,
2024-10-12,,,,,1201.590000,,,958.500000,998.500000,63194.000000,,,,,,,,,,,,,
2024-10-13,,,,,1201.590000,,,958.500000,998.500000,62849.000000,,,,,,,,,,,,,
2024-10-14,980.166700,28702.000000,39.687500,43.125000,1201.590000,,,959.500000,999.500000,66070.000000,,,,,,,,,,,,,
2024-10-15,980.583300,28271.000000,39.375000,40.687500,1208.200000,,,960.000000,1000.000000,67061.000000,,,,,,,,,,,,,
2024-10-16,981.583300,28294.000000,40.437500,43.625000,1209.850000,,,960.500000,1000.500000,67622.000000,,,,,,,,,,,,,
2024-10-17,981.750000,28273.000000,40.625000,44.250000,1211.200000,,,961.000000,1001.000000,67392.000000,,,,,,,,,,,,,
2024-10-18,983.833300,28488.000000,40.250000,43.875000,1212.540000,,,964.000000,1004.000000,68420.000000,,,,,,,,,,,,,
2024-10-19,,,,,1213.890000,,,964.000000,1004.000000,68359.000000,,,,,,,,,,,,,
2024-10-20,,,,,1213.890000,,,964.000000,1004.000000,69011.000000,,,,,,,,,,,,,
2024-10-21,984.416700,28314.000000,41.312500,43.312500,1213.890000,,,964.500000,1004.500000,67340.000000,,,,,,,,,,,,,
2024-10-22,984.833300,28416.000000,42.312500,44.250000,1217.940000,,,964.500000,1004.500000,67382.000000,,,,,,,,,,,,,
2024-10-23,985.916700,28511.000000,40.875000,44.125000,1219.290000,,,965.000000,1005.000000,66601.000000,,,,,,,,,,,,,
2024-10-24,986.333300,29057.000000,42.375000,44.312500,1220.640000,,,965.500000,1005.500000,68155.000000,,,,,,,,,,,,,
2024-10-25,988.333300,29163.000000,41.062500,44.000000,1222.000000,,,967.500000,1007.500000,66578.000000,,,,,,,,,,,,,
2024-10-26,,,,,1223.360000,,,967.500000,1007.500000,67003.000000,,,,,,,,,,,,,
2024-10-27,,,,,1223.360000,,,967.500000,1007.500000,67938.000000,,,,,,,,,,,,,
2024-10-28,988.833300,29368.000000,40.312500,43.625000,1223.360000,,,968.000000,1008.000000,69918.000000,,,,,,,,,,,,,
2024-10-29,989.250000,29669.000000,42.500000,44.437500,1227.430000,,,968.500000,1008.500000,72729.000000,,,,,,,,,,,,,
2024-10-30,990.250000,29863.000000,41.437500,43.875000,1228.800000,,,969.500000,1009.500000,72331.000000,,,,,,,,,,,,,
2024-10-31,990.750000,28618.000000,40.562500,42.125000,1230.160000,2.700000,193.000000,971.500000,1011.500000,70231.000000,,,,,,,,,,,,,
2024-11-01,992.750000,29603.000000,37.500000,39.750000,1231.530000,,,973.000000,1013.000000,69490.000000,,,,,,,,,,,,,
2024-11-02,,,,,1232.900000,,,973.000000,1013.000000,69330.000000,,,,,,,,,,,,,
2024-11-03,,,,,1232.900000,,,973.000000,1013.000000,68738.000000,,,,,,,,,,,,,
2024-11-04,993.333300,30182.000000,36.687500,39.187500,1232.900000,,,973.000000,1013.000000,67818.000000,,,,,,,,,,,,,
2024-11-05,994.750000,30432.000000,36.312500,39.437500,1237.010000,,,974.000000,1014.000000,69386.000000,,,,,,,,,,,,,
2024-11-06,,,,,1238.380000,,,974.000000,1014.000000,75637.000000,,,,,,,,,,,,,
2024-11-07,995.333300,29668.000000,35.000000,38.625000,1238.380000,,,974.500000,1014.500000,75921.000000,,,,,,,,,,,,,
2024-11-08,997.250000,29838.000000,36.000000,39.000000,1241.130000,,,976.500000,1016.500000,76561.000000,,,,,,,,,,,,,
2024-11-09,,,,,1242.510000,,,976.500000,1016.500000,76722.000000,,,,,,,,,,,,,
2024-11-10,,,,,1242.510000,,,976.500000,1016.500000,80425.000000,,,,,,,,,,,,,
2024-11-11,997.750000,29859.000000,35.500000,38.437500,1242.510000,,,977.500000,1017.500000,88770.000000,,,,,,,,,,,,,
2024-11-12,998.750000,29962.000000,36.375000,38.875000,1246.650000,,,978.000000,1018.000000,88031.000000,,,,,,,,,,,,,
2024-11-13,999.250000,30023.000000,36.125000,38.750000,1248.040000,,,978.500000,1018.500000,90521.000000,,,,,,,,,,,,,
2024-11-14,999.750000,30193.000000,35.687500,38.937500,1249.420000,,,979.000000,1019.000000,87333.000000,,,,,,,,,,,,,
2024-11-15,1002.750000,29878.000000,35.812500,38.625000,1250.810000,,,982.000000,1022.000000,91070.000000,,,,,,,,,,,,,
2024-11-16,,,,,1252.200000,,,982.000000,1022.000000,90608.000000,,,,,,,,,,,,,
2024-11-17,,,,,1252.200000,,,982.000000,1022.000000,89861.000000,,,,,,,,,,,,,
2024-11-18,,,,,1252.200000,,,982.000000,1022.000000,90512.000000,,,,,,,,,,,,,
2024-11-19,1003.250000,30274.000000,34.687500,37.687500,1252.200000,,,982.500000,1022.500000,92424.000000,,,,,,,,,,,,,
2024-11-20,1003.750000,30494.000000,36.187500,39.000000,1256.660000,,,983.000000,1023.000000,94373.000000,,,,,,,,,,,,,
2024-11-21,1004.750000,30845.000000,36.875000,38.812500,1257.770000,,,984.500000,1024.500000,98451.000000,,,,,,,,,,,,,
2024-11-22,1006.750000,30874.000000,35.812500,38.437500,1258.890000,,,986.500000,1026.500000,99013.000000,,,,,,,,,,,,,
2024-11-23,,,,,1260.010000,,,986.500000,1026.500000,97775.000000,,,,,,,,,,,,,
2024-11-24,,,,,1260.010000,,,986.500000,1026.500000,98007.000000,,,,,,,,,,,,,
2024-11-25,1007.250000,30879.000000,35.500000,38.437500,1260.010000,,,987.000000,1027.000000,93035.000000,,,,,,,,,,,,,
2024-11-26,1007.750000,30928.000000,37.312500,38.437500,1263.370000,,,987.500000,1027.500000,91928.000000,,,,,,,,,,,,,
2024-11-27,1008.750000,31484.000000,36.375000,38.812500,1264.490000,,,988.000000,1028.000000,95978.000000,,,,,,,,,,,,,
2024-11-28,1009.250000,31637.000000,37.000000,38.625000,1265.610000,,,988.500000,1028.500000,95661.000000,,,,,,,,,,,,,
2024-11-29,1011.750000,30214.000000,36.500000,38.625000,1266.740000,,,991.000000,1031.000000,97512.000000,,,,,,,,,,,,,
2024-11-30,,,,,1267.860000,2.400000,166.000000,991.000000,1031.000000,96441.000000,,,,,,,,,,,,,
2024-12-01,,,,,1267.860000,,,991.000000,1031.000000,97291.000000,,,,,,,,,,,,,
2024-12-02,1011.916700,31314.000000,34.937500,38.437500,1267.860000,,,992.000000,1032.000000,95859.000000,,,,,,,,,,,,,
2024-12-03,1013.166700,31240.000000,36.937500,38.812500,1271.250000,,,992.500000,1032.500000,95926.000000,,,,,,,,,,,,,
2024-12-04,1013.250000,31266.000000,34.687500,38.500000,1272.380000,,,992.500000,1032.500000,98773.000000,,,,,,,,,,,,,
2024-12-05,1013.833300,31534.000000,35.375000,38.562500,1273.510000,,,993.000000,1033.000000,97057.000000,,,,,,,,,,,,,
2024-12-06,1015.750000,31531.000000,32.562500,35.000000,1274.640000,,,995.000000,1035.000000,99898.000000,,,,,,,,,,,,,
2024-12-07,,,,,1275.770000,,,995.000000,1035.000000,99929.000000,,,,,,,,,,,,,
2024-12-08,,,,,1275.770000,,,995.000000,1035.000000,101204.000000,,,,,,,,,,,,,
2024-12-09,1016.750000,31512.000000,31.875000,34.375000,1275.770000,,,996.000000,1036.000000,97468.000000,,,,,,,,,,,,,
2024-12-10,1017.250000,31619.000000,32.687500,34.875000,1279.170000,,,996.500000,1036.500000,96648.000000,,,,,,,,,,,,,
2024-12-11,1017.750000,31988.000000,31.312500,34.437500,1280.310000,,,997.000000,1037.000000,101201.000000,,,,,,,,,,,,,
2024-12-12,1018.750000,31849.000000,32.062500,35.250000,1281.450000,,,998.500000,1038.500000,100068.000000,,,,,,,,,,,,,
2024-12-13,1020.750000,31937.000000,32.062500,34.562500,1282.590000,,,1000.000000,1040.000000,101435.000000,,,,,,,,,,,,,
2024-12-14,,,,,1283.730000,,,1000.000000,1040.000000,101382.000000,,,,,,,,,,,,,
2024-12-15,,,,,1283.730000,,,1000.000000,1040.000000,104427.000000,,,,,,,,,,,,,
2024-12-16,1021.250000,31744.000000,31.937500,34.375000,1283.730000,,,1002.000000,1042.000000,106073.000000,,,,,,,,,,,,,
2024-12-17,1021.833300,32257.000000,32.500000,34.312500,1286.990000,,,1002.500000,1042.500000,106187.000000,,,,,,,,,,,,,
2024-12-18,1022.750000,32255.000000,32.375000,34.500000,1287.980000,,,1002.500000,1042.500000,100153.000000,,,,,,,,,,,,,
2024-12-19,1023.250000,32243.000000,31.687500,34.125000,1288.960000,,,1002.500000,1042.500000,97375.000000,,,,,,,,,,,,,
2024-12-20,1025.416700,32864.000000,32.875000,34.875000,1289.950000,,,1004.500000,1044.500000,97760.000000,,,,,,,,,,,,,
2024-12-21,,,,,1290.940000,,,1004.500000,1044.500000,97211.000000,,,,,,,,,,,,,
2024-12-22,,,,,1290.940000,,,1004.500000,1044.500000,95098.000000,,,,,,,,,,,,,
2024-12-23,1027.750000,32688.000000,32.000000,34.312500,1290.940000,,,1008.000000,1048.000000,94750.000000,,,,,,,,,,,,,
2024-12-24,,,,,1293.900000,,,1008.000000,1048.000000,98596.000000,,,,,,,,,,,,,
2024-12-25,,,,,1294.890000,,,1008.000000,1048.000000,99374.000000,,,,,,,,,,,,,
2024-12-26,1029.000000,32413.000000,31.937500,34.312500,1294.890000,,,1009.000000,1049.000000,95687.000000,,,,,,,,,,,,,
2024-12-27,1030.500000,31524.000000,32.875000,34.437500,1296.880000,,,1011.000000,1051.000000,94168.000000,,,,,,,,,,,,,
2024-12-28,,,,,1297.870000,,,1011.000000,1051.000000,95139.000000,,,,,,,,,,,,,
2024-12-29,,,,,1297.870000,,,1011.000000,1051.000000,93557.000000,,,,,,,,,,,,,
2024-12-30,1032.500000,29640.000000,31.937500,34.250000,1297.870000,,,1012.500000,1052.500000,92628.000000,,,,,,,,,,,,,
2024-12-31,,,,,1300.850000,2.700000,117.800000,1012.500000,1052.500000,93381.000000,,,,,,,,,,,,,
2025-01-01,,,,,1301.850000,,,1012.500000,1052.500000,94388.000000,,,,,,,,,,,,,
2025-01-02,1032.750000,31706.000000,31.625000,34.312500,1301.850000,,,1012.500000,1052.500000,96907.000000,,,,,,,,,,,,,
2025-01-03,1034.750000,32774.000000,32.062500,34.500000,1303.840000,,,1015.000000,1055.000000,98133.000000,,,,,,,,,,,,,
2025-01-04,,,,,1304.840000,,,1015.000000,1055.000000,98209.000000,,,,,,,,,,,,,
2025-01-05,,,,,1304.840000,,,1015.000000,1055.000000,98327.000000,,,,,,,,,,,,,
2025-01-06,1035.750000,32805.000000,32.750000,34.750000,1304.840000,,,1015.000000,1055.000000,102280.000000,,,,,,,,,,,,,
2025-01-07,1036.250000,32903.000000,32.375000,34.812500,1307.840000,,,1015.500000,1055.500000,96946.000000,,,,,,,,,,,,,
2025-01-08,1036.750000,31176.000000,31.000000,33.937500,1308.840000,,,1016.000000,1056.000000,95065.000000,,,,,,,,,,,,,
2025-01-09,1037.750000,30904.000000,31.312500,34.187500,1309.840000,,,1017.000000,1057.000000,92542.000000,,,,,,,,,,,,,
2025-01-10,1039.750000,31038.000000,31.187500,34.187500,1310.840000,,,1019.000000,1059.000000,94702.000000,,,,,,,,,,,,,
2025-01-11,,,,,1311.850000,,,1019.000000,1059.000000,94568.000000,,,,,,,,,,,,,
2025-01-12,,,,,1311.850000,,,1019.000000,1059.000000,94497.000000,,,,,,,,,,,,,
2025-01-13,1040.250000,30835.000000,31.625000,34.250000,1311.850000,,,1019.500000,1059.500000,94505.000000,,,,,,,,,,,,,
2025-01-14,1041.250000,30704.000000,32.625000,34.562500,1314.860000,,,1020.500000,1060.500000,96523.000000,,,,,,,,,,,,,
2025-01-15,1041.750000,30624.000000,31.687500,32.875000,1315.870000,,,1021.500000,1061.500000,100512.000000,,,,,,,,,,,,,
2025-01-16,1042.250000,30707.000000,30.687500,33.187500,1316.870000,,,1022.000000,1062.000000,99975.000000,,,,,,,,,,,,,
2025-01-17,1044.500000,30518.000000,31.250000,32.562500,1318.010000,,,1023.500000,1063.500000,104119.000000,,,,,,,,,,,,,
2025-01-18,,,,,1319.140000,,,1023.500000,1063.500000,104436.000000,,,,,,,,,,,,,
2025-01-19,,,,,1319.140000,,,1023.500000,1063.500000,101237.000000,,,,,,,,,,,,,
2025-01-20,1045.250000,30593.000000,30.875000,32.812500,1319.140000,,,1026.000000,1066.000000,102141.000000,,,,,,,,,,,,,
2025-01-21,1045.916700,30282.000000,31.625000,33.187500,1322.540000,,,1026.500000,1066.500000,106149.000000,,,,,,,,,,,,,
2025-01-22,1047.250000,30140.000000,31.312500,33.187500,1323.680000,,,1027.500000,1067.500000,103632.000000,,,,,,,,,,,,,
2025-01-23,1047.666700,29838.000000,31.312500,33.312500,1324.820000,,,1028.000000,1068.000000,103933.000000,,,,,,,,,,,,,
2025-01-24,1049.583300,29970.000000,32.625000,33.937500,1325.960000,,,1029.000000,1069.000000,104855.000000,,,,,,,,,,,,,
2025-01-25,,,,,1327.100000,,,1029.000000,1069.000000,104738.000000,,,,,,,,,,,,,
2025-01-26,,,,,1327.100000,,,1029.000000,1069.000000,102573.000000,,,,,,,,,,,,,
2025-01-27,1050.500000,29834.000000,30.437500,32.750000,1327.100000,,,1030.000000,1070.000000,102090.000000,,,,,,,,,,,,,
2025-01-28,1050.916700,29802.000000,32.250000,33.875000,1330.520000,,,1030.500000,1070.500000,101292.000000,,,,,,,,,,,,,
2025-01-29,1051.583300,29648.000000,31.562500,33.812500,1331.670000,,,1031.500000,1071.500000,103747.000000,,,,,,,,,,,,,
2025-01-30,1052.500000,29429.000000,31.437500,33.500000,1332.810000,,,1032.000000,1072.000000,104738.000000,,,,,,,,,,,,,
2025-01-31,1053.500000,28310.000000,29.312500,30.625000,1333.960000,2.200000,84.500000,1033.500000,1073.500000,102412.000000,,,,,,,,,,,,,
2025-02-01,,,,,1335.110000,,,1033.500000,1073.500000,100638.000000,,,,,,,,,,,,,
2025-02-02,,,,,1335.110000,,,1033.500000,1073.500000,97675.000000,,,,,,,,,,,,,
2025-02-03,1053.916700,29453.000000,28.500000,30.437500,1335.110000,,,1034.250000,1074.250000,101457.000000,,,,,,,,,,,,,
2025-02-04,1054.250000,29427.000000,29.500000,30.687500,1338.550000,,,1034.500000,1074.500000,97786.000000,,,,,,,,,,,,,
2025-02-05,1054.708300,29354.000000,29.687500,30.812500,1339.700000,,,1034.500000,1074.500000,96614.000000,,,,,,,,,,,,,
2025-02-06,1054.875000,28743.000000,29.437500,30.625000,1340.860000,,,1034.750000,1074.750000,96573.000000,,,,,,,,,,,,,
2025-02-07,1055.916700,28889.000000,28.750000,30.500000,1342.010000,,,1035.750000,1075.750000,96535.000000,,,,,,,,,,,,,
2025-02-08,,,,,1343.160000,,,1035.750000,1075.750000,96472.000000,,,,,,,,,,,,,
2025-02-09,,,,,1343.160000,,,1035.750000,1075.750000,96477.000000,,,,,,,,,,,,,
2025-02-10,1056.375000,28938.000000,28.500000,30.437500,1343.160000,,,1036.000000,1076.000000,97469.000000,,,,,,,,,,,,,
2025-02-11,1056.625000,28898.000000,29.187500,30.375000,1346.630000,,,1036.000000,1076.000000,95754.000000,,,,,,,,,,,,,
2025-02-12,1056.875000,28925.000000,28.625000,30.187500,1347.790000,,,1036.250000,1076.250000,97882.000000,,,,,,,,,,,,,
2025-02-13,1057.458300,28894.000000,28.125000,30.250000,1348.950000,,,1037.250000,1077.250000,96627.000000,,,,,,,,,,,,,
2025-02-14,1058.500000,28801.000000,29.062500,30.187500,1350.110000,,,1038.000000,1078.000000,97520.000000,,,,,,,,,,,,,
2025-02-15,,,,,1351.270000,,,1038.000000,1078.000000,97591.000000,,,,,,,,,,,,,
2025-02-16,,,,,1351.270000,,,1038.000000,1078.000000,96132.000000,,,,,,,,,,,,,
2025-02-17,1059.083300,28747.000000,28.437500,30.312500,1351.270000,,,1038.750000,1078.750000,95772.000000,,,,,,,,,,,,,
2025-02-18,1059.166700,28405.000000,28.000000,30.125000,1354.530000,,,1039.000000,1079.000000,95612.000000,,,,,,,,,,,,,
2025-02-19,1059.375000,28362.000000,27.875000,29.937500,1355.590000,,,1039.000000,1079.000000,96642.000000,,,,,,,,,,,,,
2025-02-20,1059.875000,28578.000000,27.500000,28.250000,1356.640000,,,1039.250000,1079.250000,98337.000000,,,,,,,,,,,,,
2025-02-21,1060.875000,28495.000000,28.125000,29.437500,1357.690000,,,1040.250000,1080.250000,96131.000000,,,,,,,,,,,,,
2025-02-22,,,,,1358.750000,,,1040.250000,1080.250000,96572.000000,,,,,,,,,,,,,
2025-02-23,,,,,1358.750000,,,1040.250000,1080.250000,96262.000000,,,,,,,,,,,,,
2025-02-24,1061.125000,28603.000000,27.937500,29.062500,1358.750000,,,1040.500000,1080.500000,91554.000000,,,,,,,,,,,,,
2025-02-25,1061.625000,28685.000000,28.562500,29.062500,1361.920000,,,1041.000000,1081.000000,88576.000000,,,,,,,,,,,,,
2025-02-26,1061.875000,28714.000000,27.562500,29.375000,1362.980000,,,1041.250000,1081.250000,84071.000000,,,,,,,,,,,,,
2025-02-27,1062.375000,28586.000000,28.000000,29.562500,1364.040000,,,1041.750000,1081.750000,84639.000000,,,,,,,,,,,,,
2025-02-28,1064.375000,28117.000000,28.187500,29.625000,1365.100000,2.400000,66.900000,1044.250000,1084.250000,84321.000000,,,,,,,,,,,,,
2025-03-01,,,,,1366.160000,,,1044.250000,1084.250000,86033.000000,,,,,,,,,,,,,
2025-03-02,,,,,1366.160000,,,1044.250000,1084.250000,94273.000000,,,,,,,,,,,,,
2025-03-03,,,,,1366.160000,,,1044.250000,1084.250000,86160.000000,,,,,,,,,,,,,
2025-03-04,,,,,1366.160000,,,1044.250000,1084.250000,87240.000000,,,,,,,,,,,,,
2025-03-05,1064.375000,27991.000000,27.750000,29.562500,1366.160000,,,1044.500000,1084.500000,90611.000000,,,,,,,,,,,,,
2025-03-06,1064.625000,28181.000000,28.875000,29.812500,1371.480000,,,1044.500000,1084.500000,89918.000000,,,,,,,,,,,,,
2025-03-07,1066.041700,28090.000000,28.812500,29.875000,1372.550000,,,1046.000000,1086.000000,86759.000000,,,,,,,,,,,,,
2025-03-08,,,,,1373.610000,,,1046.000000,1086.000000,86192.000000,,,,,,,,,,,,,
2025-03-09,,,,,1373.610000,,,1046.000000,1086.000000,80708.000000,,,,,,,,,,,,,
2025-03-10,1066.333300,27732.000000,28.437500,29.875000,1373.610000,,,1046.250000,1086.250000,78561.000000,,,,,,,,,,,,,
2025-03-11,1066.666700,27687.000000,29.000000,29.937500,1376.820000,,,1046.250000,1086.250000,82869.000000,,,,,,,,,,,,,
2025-03-12,1066.875000,27960.000000,28.937500,30.125000,1377.890000,,,1046.250000,1086.250000,83620.000000,,,,,,,,,,,,,
2025-03-13,1067.125000,28104.000000,28.875000,30.187500,1378.960000,,,1046.500000,1086.500000,81079.000000,,,,,,,,,,,,,
2025-03-14,1068.541700,28091.000000,29.250000,30.625000,1380.030000,,,1048.000000,1088.000000,83975.000000,,,,,,,,,,,,,
2025-03-15,,,,,1381.110000,,,1048.000000,1088.000000,84347.000000,,,,,,,,,,,,,
2025-03-16,,,,,1381.110000,,,1048.000000,1088.000000,82555.000000,,,,,,,,,,,,,
2025-03-17,1068.916700,27338.000000,29.250000,30.812500,1381.110000,,,1048.250000,1088.250000,84058.000000,,,,,,,,,,,,,
2025-03-18,1069.125000,27208.000000,30.250000,31.062500,1384.300000,,,1048.500000,1088.500000,82715.000000,,,,,,,,,,,,,
2025-03-19,1069.625000,27046.000000,30.312500,31.375000,1385.360000,,,1049.250000,1089.250000,86868.000000,,,,,,,,,,,,,
2025-03-20,1069.833300,26785.000000,30.562500,31.625000,1386.420000,,,1049.500000,1089.500000,84158.000000,,,,,,,,,,,,,
2025-03-21,1071.333300,26628.000000,30.187500,31.500000,1387.480000,,,1051.000000,1091.000000,84061.000000,,,,,,,,,,,,,
2025-03-22,,,,,1388.540000,,,1051.000000,1091.000000,83823.000000,,,,,,,,,,,,,
2025-03-23,,,,,1388.540000,,,1051.000000,1091.000000,86084.000000,,,,,,,,,,,,,
2025-03-24,,,,,1388.540000,,,1051.000000,1091.000000,87512.000000,,,,,,,,,,,,,
2025-03-25,1071.583300,26442.000000,29.625000,31.312500,1388.540000,,,1051.250000,1091.250000,87436.000000,,,,,,,,,,,,,
2025-03-26,1072.083300,26251.000000,30.437500,31.875000,1392.800000,,,1051.500000,1091.500000,86913.000000,,,,,,,,,,,,,
2025-03-27,1072.291700,26223.000000,30.500000,31.687500,1393.860000,,,1051.750000,1091.750000,87219.000000,,,,,,,,,,,,,
2025-03-28,1073.375000,25777.000000,29.875000,31.875000,1394.930000,,,1053.000000,1093.000000,84379.000000,,,,,,,,,,,,,
2025-03-29,,,,,1396.000000,,,1053.000000,1093.000000,82608.000000,,,,,,,,,,,,,
2025-03-30,,,,,1396.000000,,,1053.000000,1093.000000,82359.000000,,,,,,,,,,,,,
2025-03-31,1073.875000,24986.000000,30.187500,32.062500,1396.000000,3.700000,55.900000,1053.500000,1093.500000,82538.000000,,,,,,,,,,,,,
2025-04-01,1074.541700,25450.000000,31.062500,32.625000,1399.200000,,,1054.250000,1094.250000,85170.000000,,,,,,,,,,,,,
2025-04-02,,,,,1400.280000,,,1054.250000,1094.250000,82502.000000,,,,,,,,,,,,,
2025-04-03,1074.833300,25305.000000,31.062500,32.937500,1400.280000,,,1054.500000,1094.500000,83132.000000,,,,,,,,,,,,,
2025-04-04,1075.875000,25148.000000,30.062500,32.437500,1402.420000,,,1055.500000,1095.500000,83851.000000,,,,,,,,,,,,,
2025-04-05,,,,,1403.490000,,,1055.500000,1095.500000,83507.000000,,,,,,,,,,,,,
2025-04-06,,,,,1403.490000,,,1055.500000,1095.500000,78342.000000,,,,,,,,,,,,,
2025-04-07,1076.333300,24838.000000,31.375000,33.250000,1403.490000,,,1055.750000,1095.750000,79127.000000,,,,,,,,,,,,,
2025-04-08,1076.583300,24677.000000,31.812500,32.812500,1406.720000,,,1056.000000,1096.000000,76244.000000,,,,,,,,,,,,,
2025-04-09,1077.125000,24780.000000,30.625000,32.875000,1407.790000,,,1036.500000,1096.500000,82595.000000,,,,,,,,,,,,,
2025-04-10,1077.375000,24773.000000,32.062500,33.875000,1408.870000,,,1036.750000,1096.750000,79543.000000,,,,,,,,,,,,,
2025-04-11,1078.375000,24704.000000,32.125000,34.187500,1409.950000,,,1037.500000,1097.500000,83384.000000,,,,,,,,,,,,,
2025-04-12,,,,,1411.030000,,,1037.500000,1097.500000,85274.000000,,,,,,,,,,,,,
2025-04-13,,,,,1411.030000,,,1037.500000,1097.500000,83712.000000,,,,,,,,,,,,,
2025-04-14,1182.416700,24221.000000,36.250000,39.187500,1411.030000,,,1180.000000,1230.000000,84583.000000,,,,,,,,,,,,1000.000000,1400.000000
2025-04-15,1200.833300,36777.000000,35.625000,36.500000,1414.270000,,,1180.000000,1230.000000,83686.000000,,,,,,,,,,,,999.665063,1400.464441
2025-04-16,1172.833300,38616.000000,37.250000,39.125000,1415.350000,,,1110.000000,1160.000000,84046.000000,,,,,,,,,,,,999.330238,1400.929037
2025-04-17,,,,,1417.070000,,,1110.000000,1160.000000,84954.000000,,,,,,,,,,,,998.995525,1401.393787
2025-04-18,,,,,1417.070000,,,1110.000000,1160.000000,84468.000000,,,,,,,,,,,,998.660924,1401.858691
2025-04-19,,,,,1417.070000,,,1110.000000,1160.000000,85069.000000,,,,,,,,,,,,998.326435,1402.323749
2025-04-20,,,,,1417.070000,,,1110.000000,1160.000000,85198.000000,,,,,,,,,,,,997.992058,1402.788961
2025-04-21,1070.416700,38791.000000,35.000000,36.500000,1417.070000,,,1060.000000,1110.000000,87505.000000,,,,,,,,,,,,997.657793,1403.254328
2025-04-22,1093.333300,38814.000000,34.500000,35.687500,1425.680000,,,1070.000000,1120.000000,93481.000000,,,,,,,,,,,,997.323640,1403.719849
2025-04-23,1122.500000,38631.000000,34.625000,35.625000,1427.400000,,,1120.000000,1170.000000,93730.000000,,,,,,,,,,,,996.989600,1404.185524
2025-04-24,1176.416700,39079.000000,33.562500,35.062500,1429.130000,,,1140.000000,1190.000000,94010.000000,,,,,,,,,,,,996.655671,1404.651354
2025-04-25,1174.166700,39168.000000,33.625000,34.875000,1430.870000,,,1140.000000,1190.000000,94726.000000,,,,,,,,,,,,996.321853,1405.117339
2025-04-26,,,,,1432.600000,,,1140.000000,1190.000000,94662.000000,,,,,,,,,,,,995.988148,1405.583478
2025-04-27,,,,,1432.600000,,,1140.000000,1190.000000,93769.000000,,,,,,,,,,,,995.654554,1406.049772
2025-04-28,1163.166700,39291.000000,33.062500,34.812500,1432.600000,,,1140.000000,1190.000000,95041.000000,,,,,,,,,,,,995.321072,1406.516220
2025-04-29,1170.666700,39091.000000,33.250000,34.062500,1437.810000,,,1130.000000,1180.000000,94285.000000,,,,,,,,,,,,994.987702,1406.982824
2025-04-30,1172.000000,38928.000000,33.000000,34.625000,1439.560000,2.800000,47.300000,1140.000000,1190.000000,94181.000000,,,,,,,,,,,,994.654444,1407.449581
2025-05-01,,,,,1441.300000,,,1140.000000,1190.000000,96535.000000,,,,,,,,,,,,994.321297,1407.916494
2025-05-02,,,,,1441.300000,,,1140.000000,1190.000000,96925.000000,,,,,,,,,,,,993.988262,1408.383562
2025-05-03,,,,,1441.300000,,,1140.000000,1190.000000,95916.000000,,,,,,,,,,,,993.655338,1408.850785
2025-05-04,,,,,1441.300000,,,1140.000000,1190.000000,94316.000000,,,,,,,,,,,,993.322526,1409.318162
2025-05-05,1178.500000,38976.000000,32.187500,33.437500,1441.300000,,,1160.000000,1210.000000,94725.000000,,,,,,,,,,,,992.989825,1409.785695
2025-05-06,1203.833300,38542.000000,33.625000,35.312500,1450.050000,,,1165.000000,1215.000000,96814.000000,,,,,,,,,,,,992.657235,1410.253383
2025-05-07,1153.500000,38258.000000,33.125000,34.812500,1451.810000,,,1090.000000,1140.000000,97054.000000,,,,,,,,,,,,992.324757,1410.721226
2025-05-08,1117.500000,38035.000000,33.312500,34.500000,1453.570000,,,1080.000000,1130.000000,103261.000000,,,,,,,,,,,,991.992391,1411.189224
2025-05-09,1113.583300,38123.000000,32.437500,34.250000,1455.330000,,,1100.000000,1150.000000,102991.000000,,,,,,,,,,,,991.660136,1411.657378
2025-05-10,,,,,1457.100000,,,1100.000000,1150.000000,104809.000000,,,,,,,,,,,,991.327992,1412.125686
2025-05-11,,,,,1457.100000,,,1100.000000,1150.000000,104129.000000,,,,,,,,,,,,990.995959,1412.594150
2025-05-12,1126.000000,38079.000000,32.250000,33.812500,1457.100000,,,1100.000000,1150.000000,102796.000000,,,,,,,,,,,,990.664037,1413.062770
2025-05-13,1125.666700,38651.000000,33.562500,34.875000,1462.400000,,,1100.000000,1150.000000,104135.000000,,,,,,,,,,,,990.332227,1413.531545
2025-05-14,1129.833300,38565.000000,32.812500,34.500000,1464.170000,,,1100.000000,1150.000000,103531.000000,,,,,,,,,,,,990.000528,1414.000475
2025-05-15,1135.500000,38346.000000,33.375000,34.562500,1465.950000,,,1100.000000,1150.000000,103793.000000,,,,,,,,,,,,989.668940,1414.469562
2025-05-16,1146.166700,38338.000000,31.812500,32.062500,1467.720000,,,1110.000000,1160.000000,103506.000000,,,,,,,,,,,,989.337463,1414.938803
2025-05-17,,,,,1469.030000,,,1110.000000,1160.000000,103153.000000,,,,,,,,,,,,989.006097,1415.408201
2025-05-18,,,,,1469.030000,,,1110.000000,1160.000000,106520.000000,,,,,,,,,,,,988.674841,1415.877754
2025-05-19,1134.250000,38300.000000,33.562500,34.687500,1469.030000,,,1105.000000,1155.000000,105622.000000,,,,,,,,,,,,988.343697,1416.347462
2025-05-20,1142.000000,38267.000000,33.750000,34.687500,1472.960000,,,1110.000000,1160.000000,106855.000000,,,,,,,,,,,,988.012664,1416.817327
2025-05-21,1145.000000,38176.000000,32.250000,34.125000,1474.270000,,,1110.000000,1160.000000,109682.000000,,,,,,,,,,,,987.681742,1417.287348
2025-05-22,1143.583300,38097.000000,32.562500,34.062500,1475.590000,,,1105.000000,1155.000000,111743.000000,,,,,,,,,,,,987.350930,1417.757524
2025-05-23,1137.000000,38428.000000,33.500000,34.562500,1476.900000,,,1100.000000,1150.000000,107329.000000,,,,,,,,,,,,987.020230,1418.227857
2025-05-24,,,,,1478.220000,,,1100.000000,1150.000000,107799.000000,,,,,,,,,,,,986.689640,1418.698345
2025-05-25,,,,,1478.220000,,,1100.000000,1150.000000,109068.000000,,,,,,,,,,,,986.359161,1419.168990
2025-05-26,1139.833300,38384.000000,31.875000,33.687500,1478.220000,,,1110.000000,1160.000000,109468.000000,,,,,,,,,,,,986.028792,1419.639790
2025-05-27,1148.000000,38381.000000,33.000000,34.187500,1482.180000,,,1120.000000,1170.000000,108980.000000,,,,,,,,,,,,985.698534,1420.110747
2025-05-28,1161.000000,38444.000000,31.937500,33.875000,1483.500000,,,1125.000000,1175.000000,107811.000000,,,,,,,,,,,,985.368387,1420.581860
2025-05-29,1174.500000,38366.000000,32.312500,34.062500,1484.820000,,,1145.000000,1195.000000,105578.000000,,,,,,,,,,,,985.038350,1421.053130
2025-05-30,1195.333300,36919.000000,31.812500,33.187500,1486.140000,,,1145.000000,1195.000000,104034.000000,,,,,,,,,,,,984.708424,1421.524555
2025-05-31,,,,,1487.470000,1.500000,43.500000,1145.000000,1195.000000,104646.000000,,,,,,,,,,,,984.378609,1421.996137
2025-06-01,,,,,1487.470000,,,1145.000000,1195.000000,105705.000000,,,,,,,,,,,,984.048904,1422.467876
2025-06-02,1181.166700,37793.000000,32.687500,34.250000,1487.470000,,,1150.000000,1200.000000,105905.000000,,,,,,,,,,,,983.719309,1422.939771
2025-06-03,1184.000000,37767.000000,32.500000,34.437500,1491.450000,,,1150.000000,1200.000000,105454.000000,,,,,,,,,,,,983.389825,1423.411823
2025-06-04,1184.333300,38818.000000,31.437500,33.000000,1492.780000,,,1150.000000,1200.000000,104745.000000,,,,,,,,,,,,983.060451,1423.884031
2025-06-05,1189.666700,38758.000000,31.687500,33.562500,1494.110000,,,1155.000000,1205.000000,101559.000000,,,,,,,,,,,,982.731187,1424.356396
2025-06-06,1190.000000,38639.000000,31.937500,34.062500,1495.440000,,,1150.000000,1200.000000,104393.000000,,,,,,,,,,,,982.402034,1424.828917
2025-06-07,,,,,1496.770000,,,1150.000000,1200.000000,105619.000000,,,,,,,,,,,,982.072990,1425.301596
2025-06-08,,,,,1496.770000,,,1150.000000,1200.000000,105792.000000,,,,,,,,,,,,981.744058,1425.774431
2025-06-09,1186.416700,38604.000000,31.312500,32.937500,1496.770000,,,1150.000000,1200.000000,110307.000000,,,,,,,,,,,,981.415235,1426.247423
2025-06-10,1187.000000,38600.000000,32.125000,34.000000,1500.780000,,,1150.000000,1200.000000,110292.000000,,,,,,,,,,,,981.086522,1426.720572
2025-06-11,1184.500000,38533.000000,31.937500,33.750000,1502.110000,,,1150.000000,1200.000000,108678.000000,,,,,,,,,,,,980.757920,1427.193878
2025-06-12,1185.500000,38506.000000,32.187500,33.812500,1503.450000,,,1150.000000,1200.000000,105731.000000,,,,,,,,,,,,980.429427,1427.667340
2025-06-13,1187.666700,40465.000000,31.875000,33.562500,1504.790000,,,1150.000000,1200.000000,106118.000000,,,,,,,,,,,,980.101045,1428.140960
2025-06-14,,,,,1506.130000,,,1150.000000,1200.000000,105464.000000,,,,,,,,,,,,979.772773,1428.614737
2025-06-15,,,,,1506.130000,,,1150.000000,1200.000000,105617.000000,,,,,,,,,,,,979.444610,1429.088672
2025-06-16,,,,,1506.130000,,,1150.000000,1200.000000,106829.000000,,,,,,,,,,,,979.116557,1429.562763
2025-06-17,1180.083300,40399.000000,32.250000,33.937500,1506.130000,,,1135.000000,1185.000000,104584.000000,,,,,,,,,,,,978.788615,1430.037012
2025-06-18,1151.000000,40153.000000,31.937500,32.375000,1510.320000,,,1110.000000,1160.000000,104922.000000,,,,,,,,,,,,978.460782,1430.511418
2025-06-19,1156.166700,40182.000000,33.062500,34.062500,1511.070000,,,1130.000000,1180.000000,104688.000000,,,,,,,,,,,,978.133059,1430.985982
2025-06-20,,,,,1511.820000,,,1130.000000,1180.000000,103316.000000,,,,,,,,,,,,977.805446,1431.460702
2025-06-21,,,,,1511.820000,,,1130.000000,1180.000000,102139.000000,,,,,,,,,,,,977.477942,1431.935581
2025-06-22,,,,,1511.820000,,,1130.000000,1180.000000,101015.000000,,,,,,,,,,,,977.150548,1432.410617
2025-06-23,1167.333300,40894.000000,32.000000,33.250000,1511.820000,,,1135.000000,1185.000000,105464.000000,,,,,,,,,,,,976.823264,1432.885810
2025-06-24,1176.000000,41212.000000,32.937500,34.250000,1514.820000,,,1145.000000,1195.000000,106131.000000,,,,,,,,,,,,976.496090,1433.361161
2025-06-25,1176.333300,41417.000000,32.375000,34.000000,1515.570000,,,1155.000000,1205.000000,107418.000000,,,,,,,,,,,,976.169025,1433.836670
2025-06-26,1194.666700,41555.000000,32.312500,33.250000,1516.330000,,,1155.000000,1205.000000,107004.000000,,,,,,,,,,,,975.842069,1434.312337
2025-06-27,1189.833300,41460.000000,32.500000,34.312500,1517.080000,,,1155.000000,1205.000000,107100.000000,,,,,,,,,,,,975.515223,1434.788161
2025-06-28,,,,,1517.830000,,,1155.000000,1205.000000,107348.000000,,,,,,,,,,,,975.188487,1435.264143
2025-06-29,,,,,1517.830000,,,1155.000000,1205.000000,108384.000000,,,,,,,,,,,,974.861860,1435.740284
2025-06-30,1194.083300,39973.000000,32.000000,33.625000,1517.830000,1.600000,39.400000,1165.000000,1215.000000,107179.000000,,,,,,,,,,,,974.535342,1436.216582
2025-07-01,1203.000000,41686.000000,32.687500,34.187500,1520.090000,,,1185.000000,1235.000000,105709.000000,,,,,,,,,,,,974.208934,1436.693038
2025-07-02,1231.333300,41658.000000,32.437500,34.187500,1520.850000,,,1195.000000,1245.000000,108885.000000,,,,,,,,,,,,973.882635,1437.169652
2025-07-03,1226.916700,41738.000000,32.437500,34.062500,1521.600000,,,1195.000000,1245.000000,109648.000000,,,,,,,,,,,,973.556445,1437.646424
2025-07-04,1239.833300,41747.000000,31.687500,33.750000,1522.360000,,,1210.000000,1260.000000,108033.000000,,,,,,,,,,,,973.230365,1438.123355
2025-07-05,,,,,1523.110000,,,1210.000000,1260.000000,108240.000000,,,,,,,,,,,,972.904394,1438.600443
2025-07-06,,,,,1523.110000,,,1210.000000,1260.000000,109233.000000,,,,,,,,,,,,972.578532,1439.077690
2025-07-07,1257.916700,41721.000000,31.750000,33.625000,1523.110000,,,1230.000000,1280.000000,108287.000000,,,,,,,,,,,,972.252779,1439.555096
2025-07-08,1258.000000,39127.000000,32.437500,33.500000,1525.380000,,,1225.000000,1275.000000,108947.000000,,,,,,,,,,,,971.927135,1440.032659
2025-07-09,,,,,1526.140000,,,1225.000000,1275.000000,111287.000000,,,,,,,,,,,,971.601600,1440.510381
2025-07-10,1261.166700,38721.000000,31.312500,32.812500,1526.140000,,,1225.000000,1275.000000,116031.000000,,,,,,,,,,,,971.276175,1440.988262
2025-07-11,1261.583300,39060.000000,30.437500,31.125000,1527.660000,,,1225.000000,1275.000000,117579.000000,,,,,,,,,,,,970.950858,1441.466301
2025-07-12,,,,,1528.410000,,,1225.000000,1275.000000,117464.000000,,,,,,,,,,,,970.625650,1441.944499
2025-07-13,,,,,1528.410000,,,1225.000000,1275.000000,119135.000000,,,,,,,,,,,,970.300552,1442.422855
2025-07-14,1266.166700,39147.000000,28.875000,29.187500,1528.410000,,,1245.000000,1295.000000,119879.000000,,,,,,,,,,,,969.975562,1442.901370
2025-07-15,1277.000000,39061.000000,28.750000,29.500000,1530.690000,,,1230.000000,1280.000000,117769.000000,,,,,,,,,,,,969.650681,1443.380044
2025-07-16,1259.916700,39554.000000,30.000000,31.250000,1531.450000,,,1225.000000,1275.000000,118718.000000,,,,,,,,,,,,969.325909,1443.858876
2025-07-17,1266.250000,39836.000000,30.187500,32.375000,1532.240000,,,1240.000000,1290.000000,119275.000000,,,,,,,,,,,,969.001245,1444.337868
2025-07-18,1283.833300,40393.000000,31.437500,33.312500,1533.020000,,,1250.000000,1300.000000,118022.000000,,,,,,,,,,,,968.676691,1444.817018
2025-07-19,,,,,1533.810000,,,1250.000000,1300.000000,117916.000000,,,,,,,,,,,,968.352245,1445.296327
2025-07-20,,,,,1533.810000,,,1250.000000,1300.000000,117339.000000,,,,,,,,,,,,968.027907,1445.775796
2025-07-21,1286.000000,40652.000000,32.187500,34.187500,1533.810000,,,1250.000000,1300.000000,117437.000000,,,,,,,,,,,,967.703679,1446.255423
2025-07-22,1266.166700,40578.000000,34.437500,37.875000,1536.160000,,,1225.000000,1275.000000,120011.000000,,,,,,,,,,,,967.379559,1446.735209
2025-07-23,1259.666700,40358.000000,34.625000,36.875000,1536.950000,,,1225.000000,1275.000000,118813.000000,,,,,,,,,,,,967.055547,1447.215155
2025-07-24,1262.000000,40432.000000,34.687500,37.000000,1537.740000,,,1235.000000,1285.000000,118347.000000,,,,,,,,,,,,966.731644,1447.695260
2025-07-25,1277.750000,40283.000000,33.812500,35.625000,1538.520000,,,1245.000000,1295.000000,117653.000000,,,,,,,,,,,,966.407849,1448.175524
2025-07-26,,,,,1539.310000,,,1245.000000,1295.000000,117962.000000,,,,,,,,,,,,966.084163,1448.655947
2025-07-27,,,,,1539.310000,,,1245.000000,1295.000000,119469.000000,,,,,,,,,,,,965.760586,1449.136530
2025-07-28,1287.333300,40146.000000,33.187500,35.250000,1539.310000,,,1255.000000,1305.000000,118051.000000,,,,,,,,,,,,965.437117,1449.617272
2025-07-29,1296.666700,41245.000000,35.437500,38.000000,1541.680000,,,1250.000000,1300.000000,117926.000000,,,,,,,,,,,,965.113756,1450.098174
2025-07-30,1294.166700,40765.000000,35.312500,39.125000,1542.470000,,,1275.000000,1325.000000,117834.000000,,,,,,,,,,,,964.790503,1450.579235
2025-07-31,1351.833300,38866.000000,36.812500,40.250000,1543.260000,1.900000,36.600000,1330.000000,1380.000000,115750.000000,,,,,,,,,,,,964.467359,1451.060456
2025-08-01,1361.333300,41034.000000,38.000000,41.750000,1544.050000,,,1325.000000,1375.000000,113243.000000,,,,,,,,,,,,964.144323,1451.541837
2025-08-02,,,,,1544.840000,,,1325.000000,1375.000000,112522.000000,,,,,,,,,,,,963.821395,1452.023377
2025-08-03,,,,,1544.840000,,,1325.000000,1375.000000,114226.000000,,,,,,,,,,,,963.498575,1452.505077
2025-08-04,1361.833300,43039.000000,38.812500,42.187500,1544.840000,,,1320.000000,1370.000000,115051.000000,,,,,,,,,,,,963.175863,1452.986936
2025-08-05,1351.166700,42720.000000,39.375000,42.625000,1547.210000,,,1300.000000,1350.000000,114133.000000,,,,,,,,,,,,962.853260,1453.468956
2025-08-06,1333.666700,42143.000000,38.187500,41.750000,1548.010000,,,1295.000000,1345.000000,115030.000000,,,,,,,,,,,,962.530764,1453.951135
2025-08-07,1331.083300,41683.000000,39.437500,43.750000,1548.800000,,,1290.000000,1340.000000,117515.000000,,,,,,,,,,,,962.208377,1454.433475
2025-08-08,1329.416700,42116.000000,40.750000,45.375000,1549.590000,,,1285.000000,1335.000000,116675.000000,,,,,,,,,,,,961.886097,1454.915974
2025-08-09,,,,,1550.390000,,,1285.000000,1335.000000,116495.000000,,,,,,,,,,,,961.563926,1455.398634
2025-08-10,,,,,1550.390000,,,1285.000000,1335.000000,119310.000000,,,,,,,,,,,,961.241862,1455.881454
2025-08-11,1330.500000,41991.000000,41.875000,47.750000,1550.390000,,,1295.000000,1335.000000,118712.000000,,,,,,,,,,,,960.919906,1456.364433
2025-08-12,1321.500000,41991.000000,45.937500,49.750000,1552.770000,,,1290.000000,1330.000000,120107.000000,,,,,,,,,,,,960.598058,1456.847573
2025-08-13,1318.000000,42052.000000,44.375000,49.937500,1553.570000,,,1285.000000,1325.000000,123360.000000,,,,,,,,,,,,960.276318,1457.330874
2025-08-14,1308.333300,41908.000000,46.687500,52.562500,1554.360000,,,1270.000000,1310.000000,118394.000000,,,,,,,,,,,,959.954686,1457.814334
2025-08-15,,,,,1555.160000,,,1270.000000,1310.000000,117446.000000,,,,,,,,,,,,959.633161,1458.297955
2025-08-16,,,,,1555.160000,,,1270.000000,1310.000000,117460.000000,,,,,,,,,,,,959.311744,1458.781737
2025-08-17,,,,,1555.160000,,,1270.000000,1310.000000,117490.000000,,,,,,,,,,,,958.990435,1459.265679
2025-08-18,1298.833300,41757.000000,49.687500,56.562500,1555.160000,,,1275.000000,1315.000000,116265.000000,,,,,,,,,,,,958.669233,1459.749781
2025-08-19,1292.333300,41705.000000,54.125000,58.312500,1558.790000,,,1270.000000,1310.000000,112870.000000,,,,,,,,,,,,958.348139,1460.234045
2025-08-20,1298.500000,41692.000000,53.437500,58.812500,1559.740000,,,1275.000000,1315.000000,114263.000000,,,,,,,,,,,,958.027152,1460.718468
2025-08-21,1309.250000,41485.000000,53.812500,59.250000,1560.680000,,,1285.000000,1325.000000,112472.000000,,,,,,,,,,,,957.706273,1461.203053
2025-08-22,1321.583300,41505.000000,53.125000,59.812500,1561.630000,,,1295.000000,1335.000000,116891.000000,,,,,,,,,,,,957.385502,1461.687798
2025-08-23,,,,,1562.580000,,,1295.000000,1335.000000,115392.000000,,,,,,,,,,,,957.064838,1462.172704
2025-08-24,,,,,1562.580000,,,1295.000000,1335.000000,113478.000000,,,,,,,,,,,,956.744281,1462.657771
2025-08-25,1344.166700,41445.000000,52.187500,60.250000,1562.580000,,,1330.000000,1370.000000,110136.000000,,,,,,,,,,,,956.423832,1463.142999
2025-08-26,1352.333300,41184.000000,58.375000,64.125000,1565.430000,,,1330.000000,1370.000000,111788.000000,,,,,,,,,,,,956.103490,1463.628388
2025-08-27,1359.416700,41255.000000,55.375000,61.187500,1566.380000,,,1320.000000,1360.000000,111273.000000,,,,,,,,,,,,955.783255,1464.113937
2025-08-28,1343.666700,40963.000000,59.062500,66.125000,1567.330000,,,1305.000000,1345.000000,112581.000000,,,,,,,,,,,,955.463127,1464.599648
2025-08-29,1323.833300,39986.000000,58.000000,66.187500,1568.280000,,,1320.000000,1360.000000,108362.000000,,,,,,,,,,,,955.143107,1465.085520
2025-08-30,,,,,1569.240000,,,1320.000000,1360.000000,108827.000000,,,,,,,,,,,,954.823194,1465.571553
2025-08-31,,,,,1569.240000,1.900000,33.600000,1320.000000,1360.000000,108269.000000,,,,,,,,,,,,954.503388,1466.057748
2025-09-01,1371.166700,40026.000000,58.187500,67.000000,1569.240000,,,1345.000000,1385.000000,109244.000000,,,,,,,,,,,,954.183689,1466.544104
2025-09-02,1368.250000,40763.000000,55.687500,58.437500,1572.100000,,,1335.000000,1375.000000,111238.000000,,,,,,,,,,,,953.864098,1467.030621
2025-09-03,1360.166700,40741.000000,56.562500,66.000000,1573.050000,,,1335.000000,1375.000000,111759.000000,,,,,,,,,,,,953.544613,1467.517299
2025-09-04,1362.333300,40378.000000,57.187500,65.937500,1574.010000,,,1335.000000,1375.000000,110747.000000,,,,,,,,,,,,953.225235,1468.004139
2025-09-05,1365.416700,40531.000000,55.250000,64.062500,1574.960000,,,1340.000000,1380.000000,110669.000000,,,,,,,,,,,,952.905965,1468.491141
2025-09-06,,,,,1575.920000,,,1340.000000,1380.000000,110223.000000,,,,,,,,,,,,952.586801,1468.978304
2025-09-07,,,,,1575.920000,,,1340.000000,1380.000000,111144.000000,,,,,,,,,,,,952.267744,1469.465628
2025-09-08,1422.166700,40551.000000,56.500000,63.500000,1575.920000,,,1365.000000,1425.000000,112098.000000,,,,,,,,,,,,951.948794,1469.953115
2025-09-09,1418.666700,40511.000000,59.000000,64.937500,1578.790000,,,1375.000000,1425.000000,111531.000000,,,,,,,,,,,,951.629951,1470.440763
2025-09-10,1419.916700,40404.000000,53.625000,59.000000,1579.750000,,,1385.000000,1435.000000,113988.000000,,,,,,,,,,,,951.311214,1470.928572
2025-09-11,1427.583300,40365.000000,50.937500,52.500000,1580.710000,,,1395.000000,1445.000000,115533.000000,,,,,,,,,,,,950.992585,1471.416544
2025-09-12,1447.166700,40313.000000,46.125000,47.687500,1581.670000,,,1415.000000,1465.000000,116108.000000,,,,,,,,,,,,950.674062,1471.904677
2025-09-13,,,,,1582.630000,,,1415.000000,1465.000000,115981.000000,,,,,,,,,,,,950.355646,1472.392973
2025-09-14,,,,,1582.630000,,,1415.000000,1465.000000,115342.000000,,,,,,,,,,,,950.037336,1472.881430
2025-09-15,1462.000000,39848.000000,44.625000,45.937500,1582.630000,,,1425.000000,1475.000000,115387.000000,,,,,,,,,,,,949.719133,1473.370050
2025-09-16,1464.666700,39879.000000,43.375000,43.687500,1585.520000,,,1430.000000,1480.000000,116837.000000,,,,,,,,,,,,949.401037,1473.858831
2025-09-17,1471.416700,39781.000000,43.250000,45.125000,1586.510000,,,1435.000000,1485.000000,116477.000000,,,,,,,,,,,,949.083047,1474.347775
2025-09-18,1474.250000,39409.000000,44.312500,46.375000,1587.510000,,,1445.000000,1495.000000,117125.000000,,,,,,,,,,,,948.765163,1474.836881
2025-09-19,1474.750000,39264.000000,45.250000,47.562500,1588.500000,,,1465.000000,1515.000000,115702.000000,,,,,,,,,,,,948.447387,1475.326149
2025-09-20,,,,,1589.500000,,,1465.000000,1515.000000,115759.000000,,,,,,,,,,,,948.129716,1475.815580
2025-09-21,,,,,1589.500000,,,1465.000000,1515.000000,115292.000000,,,,,,,,,,,,947.812152,1476.305172
2025-09-22,1425.666700,39116.000000,45.375000,48.187500,1589.500000,,,1380.000000,1430.000000,112741.000000,,,,,,,,,,,,947.494694,1476.794928
2025-09-23,1354.166700,39177.000000,46.437500,48.812500,1592.500000,,,1335.000000,1385.000000,112025.000000,,,,,,,,,,,,947.177343,1477.284845
2025-09-24,1343.333300,39032.000000,43.500000,44.187500,1593.490000,,,1310.000000,1360.000000,113339.000000,,,,,,,,,,,,946.860098,1477.774926
2025-09-25,1325.083300,39355.000000,40.375000,41.625000,1594.500000,,,1305.000000,1355.000000,109021.000000,,,,,,,,,,,,946.542959,1478.265168
2025-09-26,1332.000000,41200.000000,39.250000,41.000000,1595.500000,,,1300.000000,1350.000000,109696.000000,,,,,,,,,,,,946.225927,1478.755574
2025-09-27,,,,,1596.500000,,,1300.000000,1350.000000,109679.000000,,,,,,,,,,,,945.909000,1479.246142
2025-09-28,,,,,1596.500000,,,1300.000000,1350.000000,112203.000000,,,,,,,,,,,,945.592180,1479.736873
2025-09-29,1341.000000,41118.000000,39.625000,41.500000,1596.500000,,,1330.000000,1380.000000,114379.000000,,,,,,,,,,,,945.275466,1480.227767
2025-09-30,1366.583300,40374.000000,41.000000,42.375000,1599.500000,2.100000,31.800000,1350.000000,1400.000000,114065.000000,,,,,,,,,,,,944.958858,1480.718823
2025-10-01,1423.833300,42230.000000,40.625000,42.875000,1600.510000,,,1400.000000,1450.000000,118668.000000,,,,,,,,,,,,944.642356,1481.210043
2025-10-02,1424.750000,42330.000000,40.375000,42.000000,1601.510000,,,1400.000000,1450.000000,120612.000000,,,,,,,,,,,,944.325960,1481.701425
2025-10-03,1424.750000,42701.000000,40.875000,44.125000,1602.520000,,,1400.000000,1450.000000,122308.000000,,,,,,,,,,,,944.009670,1482.192971
2025-10-04,,,,,1603.520000,,,1400.000000,1450.000000,122441.000000,,,,,,,,,,,,943.693486,1482.684679
2025-10-05,,,,,1603.520000,,,1400.000000,1450.000000,123519.000000,,,,,,,,,,,,943.377408,1483.176551
2025-10-06,1429.750000,42629.000000,40.812500,44.750000,1603.520000,,,1405.000000,1455.000000,124728.000000,,,,,,,,,,,,943.061435,1483.668586
2025-10-07,1429.750000,42222.000000,44.125000,47.125000,1606.540000,,,1405.000000,1455.000000,121395.000000,,,,,,,,,,,,942.745569,1484.160784
2025-10-08,1429.750000,42067.000000,44.312500,50.187500,1607.550000,,,1405.000000,1455.000000,123345.000000,,,,,,,,,,,,942.429808,1484.653145
2025-10-09,1451.750000,42057.000000,49.562500,54.375000,1608.560000,,,1400.000000,1450.000000,121695.000000,,,,,,,,,,,,942.114153,1485.145670
2025-10-10,,,,,1609.570000,,,1400.000000,1450.000000,112996.000000,,,,,,,,,,,,941.798604,1485.638358
2025-10-11,,,,,1609.570000,,,1400.000000,1450.000000,110764.000000,,,,,,,,,,,,941.483161,1486.131209
2025-10-12,,,,,1609.570000,,,1400.000000,1450.000000,115090.000000,,,,,,,,,,,,941.167823,1486.624224
2025-10-13,1347.666700,42258.000000,46.562500,53.750000,1609.570000,,,1325.000000,1375.000000,115265.000000,,,,,,,,,,,,940.852591,1487.117403
2025-10-14,1359.833300,41904.000000,51.937500,59.125000,1613.620000,,,1335.000000,1385.000000,113078.000000,,,,,,,,,,,,940.537464,1487.610745
2025-10-15,1373.500000,41741.000000,56.250000,66.000000,1614.630000,,,1355.000000,1405.000000,110804.000000,,,,,,,,,,,,940.222443,1488.104251
2025-10-16,1387.166700,41710.000000,57.250000,60.125000,1615.640000,,,1380.000000,1430.000000,108206.000000,,,,,,,,,,,,939.907527,1488.597920
2025-10-17,1439.500000,41170.000000,53.062500,57.937500,1616.730000,,,1425.000000,1475.000000,106476.000000,,,,,,,,,,,,939.592717,1489.091753
2025-10-18,,,,,1617.810000,,,1425.000000,1475.000000,107220.000000,,,,,,,,,,,,939.278013,1489.585751
2025-10-19,,,,,1617.810000,,,1425.000000,1475.000000,108684.000000,,,,,,,,,,,,938.963413,1490.079912
2025-10-20,1462.833300,41316.000000,49.375000,53.062500,1617.810000,,,1445.000000,1495.000000,110580.000000,,,,,,,,,,,,938.648919,1490.574237
2025-10-21,1484.750000,40540.000000,48.750000,52.812500,1621.070000,,,1465.000000,1515.000000,108372.000000,,,,,,,,,,,,938.334531,1491.068725
2025-10-22,1487.083300,40570.000000,48.125000,53.687500,1622.150000,,,1465.000000,1515.000000,107595.000000,,,,,,,,,,,,938.020248,1491.563378
2025-10-23,1484.000000,40989.000000,48.625000,54.875000,1623.240000,,,1455.000000,1505.000000,110111.000000,,,,,,,,,,,,937.706070,1492.058196
2025-10-24,1485.916700,41215.000000,49.437500,58.500000,1624.330000,,,1465.000000,1515.000000,111039.000000,,,,,,,,,,,,937.391997,1492.553177
2025-10-25,,,,,1625.420000,,,1465.000000,1515.000000,111668.000000,,,,,,,,,,,,937.078029,1493.048322
2025-10-26,,,,,1625.420000,,,1465.000000,1515.000000,114551.000000,,,,,,,,,,,,936.764167,1493.543632
2025-10-27,1378.916700,41059.000000,41.812500,45.937500,1625.420000,,,1410.000000,1460.000000,114101.000000,,,,,,,,,,,,936.450410,1494.039106
2025-10-28,1470.833300,40771.000000,44.500000,49.187500,1628.690000,,,1445.000000,1495.000000,112925.000000,,,,,,,,,,,,936.136757,1494.534744
2025-10-29,1451.500000,40764.000000,41.187500,44.625000,1629.780000,,,1410.000000,1460.000000,110038.000000,,,,,,,,,,,,935.823210,1495.030547
2025-10-30,1433.666700,40494.000000,40.937500,43.375000,1630.880000,,,1415.000000,1465.000000,108306.000000,,,,,,,,,,,,935.509768,1495.526514
2025-10-31,1443.000000,39382.000000,37.187500,38.312500,1631.970000,2.300000,31.300000,1425.000000,1475.000000,109554.000000,,,,,,,,,,,,935.196431,1496.022646
2025-11-01,,,,,1633.070000,,,1425.000000,1475.000000,110047.000000,,,,,,,,,,,,934.883199,1496.518943
2025-11-02,,,,,1633.070000,,,1425.000000,1475.000000,110530.000000,,,,,,,,,,,,934.570071,1497.015404
2025-11-03,1457.416700,40785.000000,34.750000,36.750000,1633.070000,,,1450.000000,1500.000000,106548.000000,,,,,,,,,,,,934.257049,1497.512029
2025-11-04,1473.166700,40802.000000,35.000000,37.562500,1636.350000,,,1435.000000,1485.000000,101466.000000,,,,,,,,,,,,933.944132,1498.008820
2025-11-05,1447.500000,41015.000000,34.062500,36.312500,1637.450000,,,1425.000000,1475.000000,103865.000000,,,,,,,,,,,,933.631319,1498.505775
2025-11-06,,,,,1638.550000,,,1425.000000,1475.000000,101284.000000,,,,,,,,,,,,933.318611,1499.002895
2025-11-07,1441.500000,40227.000000,32.937500,34.812500,1638.550000,,,1395.000000,1445.000000,103275.000000,,,,,,,,,,,,933.006008,1499.500181
2025-11-08,,,,,1640.750000,,,1395.000000,1445.000000,102286.000000,,,,,,,,,,,,932.693509,1499.997631
2025-11-09,,,,,1640.750000,,,1395.000000,1445.000000,104705.000000,,,,,,,,,,,,932.381115,1500.495246
2025-11-10,1419.333300,40401.000000,32.500000,34.750000,1640.750000,,,1395.000000,1445.000000,105972.000000,,,,,,,,,,,,932.068826,1500.993026
2025-11-11,1416.500000,40500.000000,33.375000,35.000000,1644.050000,,,1390.000000,1440.000000,103015.000000,,,,,,,,,,,,931.756641,1501.490971
2025-11-12,1402.000000,40675.000000,31.312500,34.625000,1645.150000,,,1385.000000,1435.000000,101635.000000,,,,,,,,,,,,931.444561,1501.989082
2025-11-13,1408.833300,40684.000000,31.562500,33.937500,1646.260000,,,1380.000000,1430.000000,99618.000000,,,,,,,,,,,,931.132586,1502.487357
2025-11-14,1405.000000,40643.000000,32.062500,33.437500,1647.360000,,,1375.000000,1425.000000,94509.000000,,,,,,,,,,,,930.820715,1502.985798
2025-11-15,,,,,1648.460000,,,1375.000000,1425.000000,95539.000000,,,,,,,,,,,,930.508948,1503.484405
2025-11-16,,,,,1648.460000,,,1375.000000,1425.000000,94187.000000,,,,,,,,,,,,930.197286,1503.983177
2025-11-17,1401.000000,40356.000000,31.125000,33.000000,1648.460000,,,1365.000000,1415.000000,92102.000000,,,,,,,,,,,,929.885728,1504.482114
2025-11-18,1388.000000,40622.000000,32.437500,33.500000,1652.070000,,,1375.000000,1425.000000,92911.000000,,,,,,,,,,,,929.574275,1504.981217
2025-11-19,1402.500000,40773.000000,32.187500,33.812500,1653.330000,,,1380.000000,1430.000000,91474.000000,,,,,,,,,,,,929.262926,1505.480485
2025-11-20,1416.666700,40921.000000,31.000000,31.687500,1654.580000,,,1400.000000,1450.000000,86527.000000,,,,,,,,,,,,928.951681,1505.979919
2025-11-21,,,,,1655.830000,,,1400.000000,1450.000000,85060.000000,,,,,,,,,,,,928.640540,1506.479519
2025-11-22,,,,,1655.830000,,,1400.000000,1450.000000,84679.000000,,,,,,,,,,,,928.329504,1506.979284
2025-11-23,,,,,1655.830000,,,1400.000000,1450.000000,86803.000000,,,,,,,,,,,,928.018572,1507.479215
2025-11-24,,,,,1655.830000,,,1400.000000,1450.000000,88277.000000,,,,,,,,,,,,927.707743,1507.979312
2025-11-25,1442.833300,41185.000000,30.125000,32.062500,1655.830000,,,1420.000000,1470.000000,87331.000000,,,,,,,,,,,,927.397020,1508.479575
2025-11-26,1448.500000,41899.000000,29.812500,31.687500,1662.120000,,,1425.000000,1475.000000,90477.000000,,,,,,,,,,,,927.086400,1508.980004
2025-11-27,1448.000000,41904.000000,30.250000,31.750000,1663.380000,,,1425.000000,1475.000000,91325.000000,,,,,,,,,,,,926.775884,1509.480599
2025-11-28,1450.750000,40335.000000,29.937500,31.437500,1664.640000,,,1425.000000,1475.000000,90913.000000,,,,,,,,,,,,926.465472,1509.981360
2025-11-29,,,,,1665.910000,,,1425.000000,1475.000000,90832.000000,,,,,,,,,,,,926.155164,1510.482287
2025-11-30,,,,,1665.910000,2.500000,31.400000,1425.000000,1475.000000,90382.000000,,,,,,,,,,,,925.844960,1510.983381
2025-12-01,1449.083300,41773.000000,29.437500,30.937500,1665.910000,,,1425.000000,1475.000000,86291.000000,,,,,,,,,,,,925.534860,1511.484640
2025-12-02,1453.583300,41883.000000,28.500000,29.687500,1669.700000,,,1430.000000,1480.000000,91300.000000,,,,,,,,,,,,925.224864,1511.986066
2025-12-03,1453.500000,41887.000000,26.500000,27.812500,1670.960000,,,1430.000000,1480.000000,93472.000000,,,,,,,,,,,,924.914972,1512.487658
2025-12-04,1449.333300,41890.000000,26.000000,26.625000,1672.230000,,,1420.000000,1470.000000,92103.000000,,,,,,,,,,,,924.605183,1512.989417
2025-12-05,1438.583300,41764.000000,25.750000,26.812500,1673.500000,,,1410.000000,1460.000000,89348.000000,,,,,,,,,,,,924.295498,1513.491342
2025-12-06,,,,,1674.770000,,,1410.000000,1460.000000,89249.000000,,,,,,,,,,,,923.985917,1513.993433
2025-12-07,,,,,1674.770000,,,1410.000000,1460.000000,90405.000000,,,,,,,,,,,,923.676440,1514.495692
2025-12-08,,,,,1674.770000,,,1410.000000,1460.000000,90649.000000,,,,,,,,,,,,923.367066,1514.998116
2025-12-09,1437.416700,41750.000000,25.250000,26.437500,1674.770000,,,1415.000000,1465.000000,92695.000000,,,,,,,,,,,,923.057796,1515.500708
2025-12-10,1439.416700,41669.000000,25.500000,26.687500,1679.850000,,,1410.000000,1460.000000,92036.000000,,,,,,,,,,,,922.748630,1516.003466
2025-12-11,1438.250000,41824.000000,25.750000,26.750000,1681.130000,,,1410.000000,1460.000000,92531.000000,,,,,,,,,,,,922.439567,1516.506391
2025-12-12,1438.416700,41907.000000,24.937500,26.750000,1682.400000,,,1415.000000,1465.000000,90275.000000,,,,,,,,,,,,922.130607,1517.009483
2025-12-13,,,,,1683.680000,,,1415.000000,1465.000000,90264.000000,,,,,,,,,,,,921.821751,1517.512741
2025-12-14,,,,,1683.680000,,,1415.000000,1465.000000,88164.000000,,,,,,,,,,,,921.512999,1518.016167
2025-12-15,1439.833300,42238.000000,25.250000,26.750000,1683.680000,,,1415.000000,1465.000000,86412.000000,,,,,,,,,,,,921.204350,1518.519759
2025-12-16,1451.333300,42283.000000,25.750000,27.125000,1687.510000,,,1430.000000,1480.000000,87843.000000,,,,,,,,,,,,920.895804,1519.023519
2025-12-17,1448.583300,42226.000000,25.812500,27.375000,1688.860000,,,1425.000000,1475.000000,86215.000000,,,,,,,,,,,,920.587362,1519.527446
2025-12-18,1453.166700,42326.000000,26.187500,27.312500,1690.200000,,,1425.000000,1475.000000,85460.000000,,,,,,,,,,,,920.279022,1520.031540
2025-12-19,1452.250000,42418.000000,27.000000,28.250000,1691.550000,,,1425.000000,1475.000000,88095.000000,,,,,,,,,,,,919.970787,1520.535801
2025-12-20,,,,,1692.900000,,,1425.000000,1475.000000,88324.000000,,,,,,,,,,,,919.662654,1521.040230
2025-12-21,,,,,1692.900000,,,1425.000000,1475.000000,88636.000000,,,,,,,,,,,,919.354625,1521.544826
2025-12-22,1450.416700,42636.000000,26.875000,28.375000,1692.900000,,,1425.000000,1475.000000,88539.000000,,,,,,,,,,,,919.046699,1522.049589
2025-12-23,1450.500000,43012.000000,28.625000,29.437500,1696.950000,,,1425.000000,1475.000000,87423.000000,,,,,,,,,,,,918.738876,1522.554519
2025-12-24,,,,,1698.300000,,,1425.000000,1475.000000,87605.000000,,,,,,,,,,,,918.431156,1523.059618
2025-12-25,,,,,1699.650000,,,1425.000000,1475.000000,87172.000000,,,,,,,,,,,,918.123539,1523.564883
2025-12-26,1450.916700,43617.000000,26.875000,28.687500,1699.650000,,,1425.000000,1475.000000,87296.000000,,,,,,,,,,,,917.816025,1524.070317
2025-12-27,,,,,1702.360000,,,1425.000000,1475.000000,87810.000000,,,,,,,,,,,,917.508614,1524.575918
2025-12-28,,,,,1702.360000,,,1425.000000,1475.000000,87870.000000,,,,,,,,,,,,917.201306,1525.081687
2025-12-29,1454.916700,41894.000000,26.062500,27.937500,1702.360000,,,1425.000000,1475.000000,87119.000000,,,,,,,,,,,,916.894101,1525.587623
2025-12-30,1459.416700,41095.000000,26.687500,28.875000,1706.430000,,,1430.000000,1480.000000,88390.000000,,,,,,,,,,,,916.586999,1526.093728
2025-12-31,,,,,1707.790000,2.800000,31.500000,1430.000000,1480.000000,87496.000000,,,,,,,,,,,,916.280000,1526.600000
2026-01-01,,,,,1709.150000,,,1430.000000,1480.000000,88728.000000,,,,,,,,,,,,915.531976,1527.816476
2026-01-02,1469.613000,43105.000000,26.687500,29.375000,1709.150000,,,1445.000000,1495.000000,89952.000000,,,,,,,,,,,,914.784564,1529.033922
2026-01-03,,,,,1711.880000,,,1445.000000,1495.000000,90590.000000,,,,,,,,,,,,914.037761,1530.252337
2026-01-04,,,,,1711.880000,,,1445.000000,1495.000000,91501.000000,,,,,,,,,,,,913.291568,1531.471724
2026-01-05,1472.734800,43393.000000,26.875000,28.750000,1711.880000,,,1445.000000,1495.000000,93876.000000,,,,,,,,,,,,912.545984,1532.692082
2026-01-06,1467.620800,44186.000000,28.000000,29.375000,1715.980000,,,1440.000000,1490.000000,93712.000000,,,,,,,,,,,,911.801009,1533.913412
2026-01-07,1466.030900,44241.000000,29.937500,31.750000,1717.340000,,,1435.000000,1485.000000,91273.000000,,,,,,,,,,,,911.056642,1535.135716
2026-01-08,1459.581600,44782.000000,30.250000,33.125000,1718.710000,,,1435.000000,1485.000000,91031.000000,,,,,,,,,,,,910.312882,1536.358994
2026-01-09,1466.468900,44397.000000,29.437500,32.625000,1720.080000,,,1440.000000,1490.000000,90510.000000,,,,,,,,,,,,909.569730,1537.583247
2026-01-10,,,,,1721.450000,,,1440.000000,1490.000000,90382.000000,,,,,,,,,,,,908.827184,1538.808475
2026-01-11,,,,,1721.450000,,,1440.000000,1490.000000,90872.000000,,,,,,,,,,,,908.085245,1540.034679
2026-01-12,1466.646000,44766.000000,27.375000,32.437500,1721.450000,,,1440.000000,1490.000000,91195.000000,,,,,,,,,,,,907.343912,1541.261861
2026-01-13,1463.316800,44678.000000,29.250000,34.437500,1725.570000,,,1435.000000,1485.000000,95366.000000,,,,,,,,,,,,906.603183,1542.490020
2026-01-14,1454.323800,44692.000000,31.187500,34.937500,1726.940000,,,1430.000000,1480.000000,96942.000000,,,,,,,,,,,,905.863059,1543.719158
2026-01-15,1443.858400,44646.000000,31.937500,35.687500,1728.320000,,,1420.000000,1470.000000,95577.000000,,,,,,,,,,,,905.123540,1544.949276
2026-01-16,1431.055000,44609.000000,32.812500,35.562500,1729.700000,,,1405.000000,1455.000000,95521.000000,,,,,,,,,,,,904.384624,1546.180374
2026-01-17,,,,,1731.240000,,,1405.000000,1455.000000,95113.000000,,,,,,,,,,,,903.646312,1547.412453
2026-01-18,,,,,1731.240000,,,1405.000000,1455.000000,93636.000000,,,,,,,,,,,,902.908602,1548.645513
2026-01-19,1432.691300,44808.000000,32.750000,36.687500,1731.240000,,,1410.000000,1460.000000,92560.000000,,,,,,,,,,,,902.171494,1549.879556
2026-01-20,1435.626300,44871.000000,34.875000,36.687500,1735.870000,,,1410.000000,1460.000000,88316.000000,,,,,,,,,,,,901.434988,1551.114583
2026-01-21,1429.779900,45077.000000,34.687500,36.937500,1737.420000,,,1405.000000,1455.000000,89374.000000,,,,,,,,,,,,900.699084,1552.350593
2026-01-22,1427.033100,45397.000000,35.625000,38.062500,1738.970000,,,1400.000000,1450.000000,89464.000000,,,,,,,,,,,,899.963780,1553.587589
2026-01-23,1433.199900,45565.000000,36.437500,37.812500,1740.520000,,,1405.000000,1455.000000,89493.000000,,,,,,,,,,,,899.229077,1554.825570
2026-01-24,,,,,1742.070000,,,1405.000000,1455.000000,89089.000000,,,,,,,,,,,,898.494973,1556.064538
2026-01-25,,,,,1742.070000,,,1405.000000,1455.000000,86567.000000,,,,,,,,,,,,897.761468,1557.304493
2026-01-26,1438.460300,45740.000000,32.000000,35.625000,1742.070000,,,1410.000000,1460.000000,88247.000000,,,,,,,,,,,,897.028563,1558.545436
2026-01-27,1441.324500,45780.000000,33.000000,34.500000,1746.730000,,,1415.000000,1465.000000,89135.000000,,,,,,,,,,,,896.296256,1559.787368
2026-01-28,1442.695900,46160.000000,30.750000,32.625000,1748.290000,,,1415.000000,1465.000000,89168.000000,,,,,,,,,,,,895.564546,1561.030290
2026-01-29,1446.301000,46242.000000,30.187500,31.750000,1749.850000,,,1415.000000,1465.000000,84530.000000,,,,,,,,,,,,894.833434,1562.274202
2026-01-30,1447.665700,44503.000000,31.187500,32.937500,1751.410000,,,1415.000000,1465.000000,84130.000000,,,,,,,,,,,,894.102919,1563.519105
2026-01-31,,,,,1752.970000,2.900000,32.400000,1415.000000,1465.000000,78635.000000,,,,,,,,,,,,893.373000,1564.765000
2026-02-01,,,,,1752.970000,,,1415.000000,1465.000000,76888.000000,,,,,,,,,,,,892.467341,1566.309020
2026-02-02,1451.701000,45104.000000,29.375000,32.687500,1752.970000,,,1415.000000,1465.000000,78666.000000,,,,,,,,,,,,891.562599,1567.854564
2026-02-03,1447.665100,45675.000000,31.625000,34.000000,1757.660000,,,1415.000000,1465.000000,75662.000000,,,,,,,,,,,,890.658775,1569.401632
2026-02-04,1447.623200,45420.000000,30.500000,32.562500,1759.220000,,,1415.000000,1465.000000,73000.000000,,,,,,,,,,,,889.755868,1570.950228
2026-02-05,1445.624200,44753.000000,30.312500,32.187500,1760.790000,,,1410.000000,1460.000000,62795.000000,,,,,,,,,,,,888.853875,1572.500351
2026-02-06,1430.589000,44939.000000,30.437500,31.812500,1762.360000,,,1400.000000,1450.000000,70531.000000,,,,,,,,,,,,887.952797,1574.052004
2026-02-07,,,,,1763.930000,,,1400.000000,1450.000000,69246.000000,,,,,,,,,,,,887.052633,1575.605188
2026-02-08,,,,,1763.930000,,,1400.000000,1450.000000,70283.000000,,,,,,,,,,,,886.153380,1577.159904
2026-02-09,1423.363900,45322.000000,29.187500,31.187500,1763.930000,,,1390.000000,1440.000000,70094.000000,,,,,,,,,,,,885.255040,1578.716155
2026-02-10,1405.427000,45229.000000,30.000000,31.375000,1768.650000,,,1375.000000,1425.000000,68802.000000,,,,,,,,,,,,884.357610,1580.273941
2026-02-11,1403.698100,45305.000000,28.687500,31.562500,1770.230000,,,1370.000000,1420.000000,67053.000000,,,,,,,,,,,,883.461090,1581.833265
2026-02-12,1394.154000,45053.000000,29.875000,32.375000,1771.810000,,,1365.000000,1415.000000,66207.000000,,,,,,,,,,,,882.565479,1583.394127
2026-02-13,1395.420500,45164.000000,31.312500,33.437500,1773.380000,,,1370.000000,1420.000000,68812.000000,,,,,,,,,,,,881.670776,1584.956529
2026-02-14,,,,,1774.960000,,,1370.000000,1420.000000,69791.000000,,,,,,,,,,,,880.776980,1586.520473
2026-02-15,,,,,1774.960000,,,1370.000000,1420.000000,68792.000000,,,,,,,,,,,,879.884090,1588.085960
2026-02-16,,,,,1774.960000,,,1370.000000,1420.000000,68867.000000,,,,,,,,,,,,878.992105,1589.652992
2026-02-17,,,,,1774.960000,,,1370.000000,1420.000000,67468.000000,,,,,,,,,,,,878.101024,1591.221570
2026-02-18,1401.809100,45130.000000,30.500000,33.687500,1774.960000,,,1370.000000,1420.000000,66425.000000,,,,,,,,,,,,877.210847,1592.791696
2026-02-19,1391.970300,44904.000000,31.812500,34.625000,1783.580000,,,1360.000000,1410.000000,66973.000000,,,,,,,,,,,,876.321572,1594.363371
2026-02-20,1384.205000,46264.000000,32.687500,34.875000,1785.410000,,,1345.000000,1395.000000,67992.000000,,,,,,,,,,,,875.433199,1595.936597
2026-02-21,,,,,1787.230000,,,1345.000000,1395.000000,67966.000000,,,,,,,,,,,,874.545726,1597.511376
2026-02-22,,,,,1787.230000,,,1345.000000,1395.000000,67612.000000,,,,,,,,,,,,873.659153,1599.087708
2026-02-23,1367.235700,46635.000000,33.125000,36.500000,1787.230000,,,1340.000000,1390.000000,64630.000000,,,,,,,,,,,,872.773478,1600.665596
2026-02-24,1377.094200,46663.000000,34.312500,35.625000,1792.710000,,,1350.000000,1400.000000,64059.000000,,,,,,,,,,,,871.888702,1602.245041
2026-02-25,1388.584700,46905.000000,30.750000,33.250000,1794.540000,,,1365.000000,1415.000000,67994.000000,,,,,,,,,,,,871.004822,1603.826044
2026-02-26,1408.696600,46158.000000,30.250000,31.250000,1796.380000,,,1375.000000,1425.000000,67488.000000,,,,,,,,,,,,870.121839,1605.408607
2026-02-27,1408.966200,45566.000000,29.500000,31.062500,1798.210000,,,1370.000000,1420.000000,65868.000000,,,,,,,,,,,,869.239750,1606.992732
2026-02-28,,,,,1800.050000,2.900000,33.100000,1370.000000,1420.000000,66985.000000,,,,,,,,,,,,868.358556,1608.578420
2026-03-01,,,,,1800.050000,,,1370.000000,1420.000000,65771.000000,,,,,,,,,,,,867.534600,1610.062497
2026-03-02,1401.578500,46519.000000,28.937500,30.750000,1800.050000,,,1365.000000,1415.000000,68821.000000,,,,,,,,,,,,866.711426,1611.547942
2026-03-03,1411.106700,46137.000000,29.500000,31.000000,1805.570000,,,1385.000000,1435.000000,68336.000000,,,,,,,,,,,,865.889033,1613.034759
2026-03-04,1401.579700,46210.000000,28.437500,31.000000,1807.420000,,,1370.000000,1420.000000,72691.000000,,,,,,,,,,,,865.067420,1614.522947
2026-03-05,1407.150400,45825.000000,29.500000,31.250000,1809.260000,,,1375.000000,1425.000000,70896.000000,,,,,,,,,,,,864.246587,1616.012508
2026-03-06,1413.821800,46011.000000,28.312500,30.875000,1811.110000,,,1385.000000,1435.000000,68114.000000,,,,,,,,,,,,863.426533,1617.503443
2026-03-07,,,,,1812.960000,,,1385.000000,1435.000000,67269.000000,,,,,,,,,,,,862.607257,1618.995754
2026-03-08,,,,,1812.960000,,,1385.000000,1435.000000,65975.000000,,,,,,,,,,,,861.788758,1620.489442
2026-03-09,1418.278100,45767.000000,28.500000,30.875000,1812.960000,,,1385.000000,1435.000000,68453.000000,,,,,,,,,,,,860.971036,1621.984508
2026-03-10,1402.381600,46054.000000,29.312500,31.062500,1818.520000,,,1370.000000,1420.000000,69963.000000,,,,,,,,,,,,860.154090,1623.480953
2026-03-11,1396.452800,45770.000000,29.000000,31.000000,1820.380000,,,1365.000000,1415.000000,70196.000000,,,,,,,,,,,,859.337919,1624.978778
2026-03-12,1399.674900,45766.000000,29.375000,31.000000,1822.240000,,,1365.000000,1415.000000,70529.000000,,,,,,,,,,,,858.522522,1626.477986
2026-03-13,1392.985100,45661.000000,28.562500,31.062500,1824.100000,,,1370.000000,1420.000000,70949.000000,,,,,,,,,,,,857.707900,1627.978577
2026-03-14,,,,,1825.960000,,,1370.000000,1420.000000,71218.000000,,,,,,,,,,,,856.894050,1629.480552
2026-03-15,,,,,1825.960000,,,1370.000000,1420.000000,72831.000000,,,,,,,,,,,,856.080972,1630.983913
2026-03-16,1394.655000,44790.000000,28.562500,30.625000,1825.960000,,,1365.000000,1415.000000,74876.000000,,,,,,,,,,,,855.268666,1632.488661
2026-03-17,1395.513400,44722.000000,28.250000,28.812500,1831.380000,,,1365.000000,1415.000000,73928.000000,,,,,,,,,,,,854.457131,1633.994797
2026-03-18,1399.604200,44495.000000,26.875000,27.187500,1833.070000,,,1365.000000,1415.000000,71259.000000,,,,,,,,,,,,853.646365,1635.502323
2026-03-19,1395.514200,43713.000000,26.250000,26.562500,1834.760000,,,1365.000000,1415.000000,69921.000000,,,,,,,,,,,,852.836369,1637.011240
2026-03-20,1393.438000,43806.000000,25.687500,26.750000,1836.460000,,,1360.000000,1410.000000,70502.000000,,,,,,,,,,,,852.027142,1638.521549
2026-03-21,,,,,1838.150000,,,1360.000000,1410.000000,68910.000000,,,,,,,,,,,,851.218682,1640.033251
2026-03-22,,,,,1838.150000,,,1360.000000,1410.000000,67860.000000,,,,,,,,,,,,850.410990,1641.546348
2026-03-23,,,,,1838.150000,,,1360.000000,1410.000000,70883.000000,,,,,,,,,,,,849.604064,1643.060841
2026-03-24,,,,,1838.150000,,,1360.000000,1410.000000,70519.000000,,,,,,,,,,,,848.797903,1644.576731
2026-03-25,1378.968900,43841.000000,25.375000,26.437500,1838.150000,,,1350.000000,1400.000000,71301.000000,,,,,,,,,,,,847.992508,1646.094020
2026-03-26,1370.290900,43534.000000,25.687500,26.312500,1846.650000,,,1340.000000,1390.000000,68779.000000,,,,,,,,,,,,847.187876,1647.612708
2026-03-27,1376.098900,43713.000000,24.812500,26.125000,1848.350000,,,1355.000000,1405.000000,66359.000000,,,,,,,,,,,,846.384009,1649.132798
2026-03-28,,,,,1850.060000,,,1355.000000,1405.000000,66321.000000,,,,,,,,,,,,845.580904,1650.654290
2026-03-29,,,,,1850.060000,,,1355.000000,1405.000000,65954.000000,,,,,,,,,,,,844.778561,1652.177186
2026-03-30,1394.923400,43381.000000,25.062500,26.187500,1850.060000,,,1370.000000,1420.000000,66731.000000,,,,,,,,,,,,843.976979,1653.701487
2026-03-31,1382.757800,42052.000000,25.375000,26.312500,1855.180000,3.400000,32.600000,1355.000000,1405.000000,68215.000000,,,,,,,,,,,,843.176158,1655.227194
2026-04-01,1387.721200,44445.000000,25.187500,26.250000,1856.890000,,,1365.000000,1415.000000,68102.000000,,,,,,,,,,,,842.349441,1656.805237
2026-04-02,,,,,1858.610000,,,1365.000000,1415.000000,66890.000000,,,,,,,,,,,,841.523535,1658.384785
2026-04-03,,,,,1858.610000,,,1365.000000,1415.000000,66944.000000,,,,,,,,,,,,840.698438,1659.965838
2026-04-04,,,,,1858.610000,,,1365.000000,1415.000000,67290.000000,,,,,,,,,,,,839.874151,1661.548398
2026-04-05,,,,,1858.610000,,,1365.000000,1415.000000,68999.000000,,,,,,,,,,,,839.050672,1663.132468
2026-04-06,1391.688700,44248.000000,24.437500,26.125000,1858.610000,,,1365.000000,1415.000000,68857.000000,,,,,,,,,,,,838.228000,1664.718047
2026-04-07,1395.097900,44445.000000,25.312500,26.187500,1867.200000,,,1365.000000,1415.000000,71940.000000,,,,,,,,,,,,837.406134,1666.305139
2026-04-08,1387.030800,44759.000000,24.937500,25.625000,1868.920000,,,1360.000000,1410.000000,71110.000000,,,,,,,,,,,,836.585075,1667.893743
2026-04-09,1383.231200,45154.000000,23.250000,23.437500,1870.640000,,,1355.000000,1405.000000,71812.000000,,,,,,,,,,,,835.764821,1669.483862
2026-04-10,1373.903300,45435.000000,22.375000,22.812500,1872.370000,,,1345.000000,1395.000000,72980.000000,,,,,,,,,,,,834.945370,1671.075497
2026-04-11,,,,,1874.100000,,,1345.000000,1395.000000,73071.000000,,,,,,,,,,,,834.126724,1672.668649
2026-04-12,,,,,1874.100000,,,1345.000000,1395.000000,70746.000000,,,,,,,,,,,,833.308880,1674.263320
2026-04-13,1362.813900,45408.000000,21.687500,22.500000,1874.100000,,,1335.000000,1385.000000,74447.000000,,,,,,,,,,,,832.491837,1675.859511
2026-04-14,1358.522000,45875.000000,22.500000,23.062500,1879.290000,,,1335.000000,1385.000000,74184.000000,,,,,,,,,,,,831.675596,1677.457225
2026-04-15,1363.656600,45622.000000,22.125000,22.875000,1881.020000,,,1335.000000,1385.000000,74818.000000,,,,,,,,,,,,830.860156,1679.056461
2026-04-16,1352.977400,45629.000000,22.437500,23.125000,1882.760000,,,1330.000000,1380.000000,75178.000000,,,,,,,,,,,,830.045514,1680.657222
2026-04-17,1360.030700,45793.000000,22.375000,22.750000,1884.860000,,,1340.000000,1390.000000,77108.000000,,,,,,,,,,,,829.231672,1682.259509
2026-04-18,,,,,1886.960000,,,1340.000000,1390.000000,75737.000000,,,,,,,,,,,,828.418627,1683.863324
2026-04-19,,,,,1886.960000,,,1340.000000,1390.000000,73825.000000,,,,,,,,,,,,827.606380,1685.468668
2026-04-20,1372.774500,45747.000000,21.312500,22.312500,1886.960000,,,1350.000000,1400.000000,75870.000000,,,,,,,,,,,,826.794929,1687.075542
2026-04-21,1379.051600,45781.000000,21.812500,22.437500,1893.280000,,,1350.000000,1400.000000,76345.000000,,,,,,,,,,,,825.984274,1688.683948
2026-04-22,1378.125800,45843.000000,22.000000,22.500000,1895.390000,,,1350.000000,1400.000000,78208.000000,,,,,,,,,,,,825.174413,1690.293888
2026-04-23,1387.696100,46130.000000,22.000000,22.562500,1897.500000,,,1365.000000,1415.000000,78269.000000,,,,,,,,,,,,824.365347,1691.905362
2026-04-24,1397.206300,46174.000000,21.312500,22.437500,1899.620000,,,1370.000000,1420.000000,77466.000000,,,,,,,,,,,,823.557073,1693.518373
2026-04-25,,,,,1901.740000,,,1370.000000,1420.000000,77639.000000,,,,,,,,,,,,822.749593,1695.132922
2026-04-26,,,,,1901.740000,,,1370.000000,1420.000000,78660.000000,,,,,,,,,,,,821.942904,1696.749009
2026-04-27,1412.986500,46089.000000,20.375000,22.312500,1901.740000,,,1390.000000,1440.000000,77373.000000,,,,,,,,,,,,821.137006,1698.366638
2026-04-28,1408.149100,45818.000000,21.625000,22.625000,1908.110000,,,1380.000000,1430.000000,76323.000000,,,,,,,,,,,,820.331898,1699.985809
2026-04-29,1395.286600,45207.000000,21.000000,22.625000,1910.230000,,,1365.000000,1415.000000,75745.000000,,,,,,,,,,,,819.527579,1701.606523
2026-04-30,1381.095400,44516.000000,20.875000,23.125000,1912.360000,2.600000,32.400000,1365.000000,1415.000000,76310.000000,,,,,,,,,,,,818.724049,1703.228783
2026-05-01,,,,,1914.500000,,,1365.000000,1415.000000,78232.000000,,,,,,,,,,,,817.810983,1705.066776
2026-05-02,,,,,1914.500000,,,1365.000000,1415.000000,78690.000000,,,,,,,,,,,,816.898935,1706.906753
2026-05-03,,,,,1914.500000,,,1365.000000,1415.000000,78565.000000,,,,,,,,,,,,815.987904,1708.748715
2026-05-04,1398.314300,45657.000000,21.437500,23.125000,1914.500000,,,1375.000000,1425.000000,79844.000000,,,,,,,,,,,,815.077890,1710.592665
2026-05-05,1395.190900,45906.000000,22.312500,23.437500,1923.050000,,,1365.000000,1415.000000,80913.000000,,,,,,,,,,,,814.168890,1712.438605
2026-05-06,1386.292300,45678.000000,20.937500,22.750000,1925.190000,,,1360.000000,1410.000000,81447.000000,,,,,,,,,,,,813.260904,1714.286537
2026-05-07,1390.637000,45953.000000,21.375000,22.812500,1927.340000,,,1370.000000,1420.000000,80017.000000,,,,,,,,,,,,812.353930,1716.136463
2026-05-08,1394.123200,46061.000000,20.875000,22.562500,1929.490000,,,1370.000000,1420.000000,80199.000000,,,,,,,,,,,,811.447968,1717.988385
2026-05-09,,,,,1931.640000,,,1370.000000,1420.000000,80665.000000,,,,,,,,,,,,810.543016,1719.842306
2026-05-10,,,,,1931.640000,,,1370.000000,1420.000000,82193.000000,,,,,,,,,,,,809.639074,1721.698228
2026-05-11,1399.474900,46144.000000,20.875000,22.750000,1931.640000,,,1365.000000,1415.000000,81736.000000,,,,,,,,,,,,808.736139,1723.556152
2026-05-12,1386.525900,46186.000000,21.562500,22.625000,1938.110000,,,1355.000000,1405.000000,80491.000000,,,,,,,,,,,,807.834212,1725.416081
2026-05-13,1389.207300,46534.000000,20.250000,22.500000,1940.270000,,,1355.000000,1405.000000,79284.000000,,,,,,,,,,,,806.933290,1727.278017
2026-05-14,1393.232200,46197.000000,21.250000,22.812500,1942.440000,,,1365.000000,1415.000000,81075.000000,,,,,,,,,,,,806.033374,1729.141962
2026-05-15,1395.347800,46062.000000,21.125000,22.812500,1944.600000,,,1370.000000,1420.000000,79062.000000,,,,,,,,,,,,805.134460,1731.007919
2026-05-16,,,,,1946.770000,,,1370.000000,1420.000000,78118.000000,,,,,,,,,,,,804.236550,1732.875890
2026-05-17,,,,,1946.770000,,,1370.000000,1420.000000,77412.000000,,,,,,,,,,,,803.339640,1734.745876
2026-05-18,1394.974000,46135.000000,21.500000,22.812500,1946.770000,,,1370.000000,1420.000000,76949.000000,,,,,,,,,,,,802.443731,1736.617880
2026-05-19,1398.916000,46190.000000,22.000000,22.937500,1951.610000,,,1370.000000,1420.000000,76757.000000,,,,,,,,,,,,801.548821,1738.491904
2026-05-20,1398.834600,46585.000000,21.250000,22.750000,1953.230000,,,1370.000000,1420.000000,77470.500000,,,,,,,,,,,,800.654910,1740.367951
2026-05-21,1392.170500,46748.000000,22.000000,22.937500,1954.850000,,,1360.000000,1410.000000,77554.000000,,,,,,,,,,,,799.761995,1742.246022
2026-05-22,1393.501900,46806.000000,22.000000,22.937500,1956.470000,,,1375.000000,1425.000000,75451.010000,,,,,,,,,,,,798.870076,1744.126120
2026-05-23,,,,,1958.090000,,,1375.000000,1425.000000,76655.990000,,,,,,,,,,,,797.979151,1746.008246
2026-05-24,,,,,1958.090000,,,1375.000000,1425.000000,76974.880000,,,,,,,,,,,,797.089220,1747.892404
2026-05-25,,,,,1958.090000,,,1375.000000,1425.000000,77254.920000,,,,,,,,,,,,796.200282,1749.778595
2026-05-26,1407.889300,47909.000000,21.562500,22.812500,1958.090000,,,1380.000000,1430.000000,75820.940000,,,,,,,,,,,,795.312335,1751.666821
2026-05-27,1411.179600,47874.000000,20.687500,22.812500,1964.580000,,,1380.000000,1430.000000,74330.480000,,,,,,,,,,,,794.425378,1753.557085
2026-05-28,1411.405400,48113.000000,21.937500,23.000000,1966.210000,,,1380.000000,1430.000000,73519.160000,,,,,,,,,,,,793.539410,1755.449389
2026-05-29,1410.290400,48193.000000,20.625000,22.250000,1967.840000,,,1380.000000,1430.000000,73373.290000,,,,,,,,,,,,792.654431,1757.343735
2026-05-30,,,,,1969.470000,,,1380.000000,1430.000000,73762.150000,,,,,,,,,,,,791.770438,1759.240125
2026-05-31,,,,,1969.470000,2.100000,33.200000,1380.000000,1430.000000,73567.990000,,,,,,,,,,,,790.887432,1761.138561
2026-06-01,1421.467200,48362.000000,20.812500,22.937500,1969.470000,,,1395.000000,1445.000000,71313.860000,,,,,,,,,,,,790.193232,1762.646022
2026-06-02,1426.978800,48430.000000,21.687500,22.750000,1974.370000,,,1400.000000,1450.000000,66668.600000,,,,,,,,,,,,789.499643,1764.154772
2026-06-03,1435.381200,48414.000000,21.000000,22.125000,1976.000000,,,1410.000000,1460.000000,64045.640000,,,,,,,,,,,,788.806662,1765.664814
2026-06-04,1438.815900,48372.000000,21.062500,22.250000,1977.640000,,,1405.000000,1455.000000,63814.800000,,,,,,,,,,,,788.114289,1767.176148
2026-06-05,1442.414800,47867.000000,19.750000,21.812500,1979.280000,,,1410.000000,1460.000000,61042.140000,,,,,,,,,,,,787.422524,1768.688776
2026-06-06,,,,,1980.920000,,,1410.000000,1460.000000,60858.640000,,,,,,,,,,,,786.731366,1770.202699
2026-06-07,,,,,1980.920000,,,1410.000000,1460.000000,63315.720000,,,,,,,,,,,,786.040815,1771.717917
2026-06-08,1445.397800,47800.000000,19.875000,21.625000,1980.920000,,,1415.000000,1465.000000,63061.780000,,,,,,,,,,,,785.350870,1773.234433
2026-06-09,1446.166800,47834.000000,20.375000,21.500000,1985.840000,,,1410.000000,1460.000000,61685.440000,,,,,,,,,,,,784.661531,1774.752247
2026-06-10,1436.585000,47559.000000,19.687500,21.562500,1987.490000,,,1405.000000,1455.000000,61456.490000,,,,,,,,,,,,783.972796,1776.271359
2026-06-11,1429.029800,47619.000000,20.187500,21.500000,1989.130000,,,1400.000000,1450.000000,63558.210000,,,,,,,,,,,,783.284666,1777.791773
2026-06-12,1430.809200,47419.000000,20.000000,21.375000,1990.780000,,,1400.000000,1450.000000,63531.040000,,,,,,,,,,,,782.597141,1779.313487
2026-06-13,,,,,1992.430000,,,1400.000000,1450.000000,64440.000000,,,,,,,,,,,,781.910218,1780.836504
2026-06-14,,,,,1992.430000,,,1400.000000,1450.000000,65712.500000,,,,,,,,,,,,781.223899,1782.360825
2026-06-15,,,,,1992.430000,,,1400.000000,1450.000000,66282.050000,,,,,,,,,,,,780.538182,1783.886450
2026-06-16,1432.669600,47656.000000,20.000000,21.750000,1992.430000,,,1400.000000,1450.000000,65612.860000,,,,,,,,,,,,779.853067,1785.413382
2026-06-17,1439.219900,47503.000000,20.750000,21.937500,1998.770000,,,1409.970000,1461.270000,64443.270000,,,,,,,,,,,,779.168553,1786.941620
2026-06-18,1449.579900,47500.000000,21.000000,22.250000,2000.160000,,,1420.000000,1470.010000,62889.920000,,,,,,,,,,,,778.484640,1788.471166
2026-06-19,1460.249800,47373.000000,20.687500,22.187500,2001.540000,,,1432.050000,1481.940000,63487.340000,,,,,,,,,,,,777.801327,1790.002022
2026-06-20,,,,,2002.930000,,,1432.050000,1481.940000,64245.720000,,,,,,,,,,,,777.118615,1791.534188
2026-06-21,,,,,2002.930000,,,1432.050000,1481.940000,63237.180000,,,,,,,,,,,,776.436501,1793.067665
2026-06-22,1457.305700,47508.000000,20.875000,22.375000,2002.930000,,,1431.540000,1481.790000,63948.960000,,,,,,,,,,,,775.754986,1794.602455
2026-06-23,1469.913800,47474.000000,21.687500,22.500000,2007.100000,,,1440.000000,1490.000000,62651.430000,,,,,,,,,,,,775.074070,1796.138559
2026-06-24,1478.043700,46936.000000,21.562500,22.250000,2008.490000,,,1445.000000,1495.000000,60987.000000,,,,,,,,,,,,774.393751,1797.675978
2026-06-25,1477.299100,46968.000000,21.250000,22.812500,2009.880000,,,1445.000000,1495.000000,59696.260000,,,,,,,,,,,,773.714029,1799.214712
2026-06-26,1474.720700,47082.000000,20.250000,22.562500,2011.270000,,,1445.000000,1495.000000,60019.380000,,,,,,,,,,,,773.034904,1800.754764
2026-06-27,,,,,2012.670000,,,1445.000000,1495.000000,59940.070000,,,,,,,,,,,,772.356374,1802.296134
2026-06-28,,,,,2012.670000,,,1445.000000,1495.000000,59473.290000,,,,,,,,,,,,771.678441,1803.838823
2026-06-29,1480.659800,46577.000000,21.000000,22.937500,2012.670000,,,1445.000000,1495.000000,60163.860000,,,,,,,,,,,,771.001102,1805.382833
2026-06-30,1483.019800,44870.000000,21.000000,22.687500,2016.850000,1.900000,33.500000,1450.000000,1500.000000,58526.170000,,,,,,,,,,,,770.324358,1806.928164
2026-07-01,1487.769000,47067.000000,20.937500,22.187500,2018.250000,,,1460.000000,1510.000000,59963.460000,,,,,,,,,,,,769.797149,1808.139943
2026-07-02,1490.675400,47996.000000,21.312500,22.125000,2019.650000,,,1460.000000,1510.000000,61479.100000,,,,,,,,,,,,769.270301,1809.352534
2026-07-03,1488.585800,48241.000000,20.812500,21.875000,2021.050000,,,1460.000000,1510.000000,62522.460000,,,,,,,,,,,,768.743813,1810.565939
2026-07-04,,,,,2022.450000,,,1460.000000,1510.000000,63086.180000,,,,,,,,,,,,768.217685,1811.780158
2026-07-05,,,,,2022.450000,,,1460.000000,1510.000000,63587.060000,,,,,,,,,,,,767.691918,1812.995191
2026-07-06,1489.594900,48273.000000,20.312500,21.937500,2022.450000,,,1460.000000,1510.000000,64000.100000,,,,,,,,,,,,767.166510,1814.211038
2026-07-07,1491.550000,49535.000000,21.000000,21.937500,2026.660000,,,1465.000000,1515.000000,63311.300000,,,,,,,,,,,,766.641462,1815.427701
2026-07-08,1490.902400,48724.000000,20.500000,21.937500,2028.060000,,,1460.000000,1510.000000,62237.840000,,,,,,,,,,,,766.116773,1816.645180
2026-07-09,,,,,2029.470000,,,1460.000000,1510.000000,63185.920000,,,,,,,,,,,,765.592443,1817.863476
2026-07-10,,,,,2029.470000,,,1460.000000,1510.000000,64114.250000,,,,,,,,,,,,765.068473,1819.082588
2026-07-11,,,,,2029.470000,,,1460.000000,1510.000000,63780.010000,,,,,,,,,,,,764.544860,1820.302518
2026-07-12,,,,,2029.470000,,,1460.000000,1510.000000,63743.460000,,,,,,,,,,,,764.021607,1821.523266
2026-07-13,1486.054900,48208.000000,20.000000,22.437500,2029.470000,,,1460.000000,1510.000000,62256.810000,,,,,,,,,,,,763.498711,1822.744833
2026-07-14,1474.737300,48687.000000,21.312500,22.625000,2036.510000,,,1445.000000,1495.000000,64975.720000,,,,,,,,,,,,762.976173,1823.967219
2026-07-15,1475.443100,48617.000000,21.875000,22.625000,2037.920000,,,1445.000000,1495.000000,64713.830000,,,,,,,,,,,,762.453993,1825.190425
2026-07-16,1474.769600,48530.000000,21.000000,22.625000,2039.330000,,,1445.000000,1495.000000,63788.020000,,,,,,,,,,,,761.932170,1826.414451
2026-07-17,1480.122300,48790.000000,21.687500,22.875000,2040.570000,,,1450.000000,1500.000000,63891.980000,,,,,,,,,,,,761.410704,1827.639298
2026-07-18,,,,,2041.810000,,,1450.000000,1500.000000,64792.350000,,,,,,,,,,,,760.889595,1828.864966
2026-07-19,,,,,2041.810000,,,1450.000000,1500.000000,64681.580000,,,,,,,,,,,,760.368843,1830.091457
2026-07-20,1480.175000,48809.000000,21.125000,22.687500,2041.810000,,,1450.000000,1500.000000,65212.600000,,,,,,,,,,,,759.848447,1831.318769
2026-07-21,1477.700000,48921.000000,21.875000,22.937500,2045.530000,,,1450.000000,1500.000000,66518.680000,,,,,,,,,,,,759.328408,1832.546905
2026-07-22,1480.861600,49036.000000,22.000000,22.937500,2046.770000,,,1455.000000,1505.000000,66082.490000,,,,,,,,,,,,758.808724,1833.775865
2026-07-23,1489.765600,48686.000000,22.187500,22.937500,2048.020000,,,1460.000000,1510.000000,65050.480000,,,,,,,,,,,,758.289396,1835.005649
2026-07-24,1494.374400,49187.000000,22.000000,22.687500,2049.260000,,,1470.000000,1520.000000,64086.590000,,,,,,,,,,,,757.770424,1836.236257
2026-07-25,,,,,2050.510000,,,1470.000000,1520.000000,64307.900000,,,,,,,,,,,,757.251806,1837.467691
2026-07-26,,,,,2050.510000,,,1470.000000,1520.000000,65338.880000,,,,,,,,,,,,756.733544,1838.699951
2026-07-27,1498.511700,49164.000000,20.937500,22.812500,2050.510000,,,1470.000000,1520.000000,63697.720000,,,,,,,,,,,,756.215636,1839.933037
2026-07-28,1499.838700,48935.000000,22.000000,22.875000,2054.240000,,,1470.000000,1520.000000,63850.530000,,,,,,,,,,,,755.698083,1841.166949
2026-07-29,1496.352100,49196.000000,21.250000,22.375000,2055.490000,,,1465.000000,1515.000000,63894.390000,,,,,,,,,,,,755.180883,1842.401690
2026-07-30,1490.843100,49002.000000,21.937500,22.875000,2056.740000,,,1460.000000,1510.000000,64716.760000,,,,,,,,,,,,754.664038,1843.637258
2026-07-31,1488.453100,47599.000000,21.625000,23.312500,2057.990000,2.100000,33.800000,1460.000000,1510.000000,62817.960000,,,,,,,,,,,,754.147547,1844.873655
2026-08-01,,,,,2059.240000,,,1460.000000,1510.000000,62759.820000,,,,,,,,,,,,753.681024,1845.994117
2026-08-02,,,,,2059.240000,,,1460.000000,1510.000000,63499.990000,,,,,,,,,,,,753.214790,1847.115259
2026-08-03,1493.442800,49372.000000,21.437500,22.937500,2059.240000,,,1465.000000,1515.000000,63460.010000,,,,,,,,,,,,752.748845,1848.237081
2026-08-04,1496.450900,49639.000000,22.312500,23.125000,2062.990000,,,1465.000000,1515.000000,64056.480000,,,,,,,,,,,,752.283187,1849.359586
2026-08-05,1496.313200,50058.000000,20.875000,22.875000,2064.250000,,,1470.000000,1520.000000,64600.220000,,,,,,,,,,,,751.817818,1850.482771
2026-08-06,1497.006200,48834.000000,22.000000,23.250000,2065.500000,,,1470.000000,1520.000000,64255.550000,,,,,,,,,,,,751.352737,1851.606639
2026-08-07,1498.435500,49457.000000,21.500000,23.375000,2066.750000,,,1470.000000,1520.000000,64877.770000,,,,,,,,,,,,750.887943,1852.731190
2026-08-08,,,,,2068.010000,,,1470.000000,1520.000000,64908.720000,,,,,,,,,,,,750.423437,1853.856423
2026-08-09,,,,,2068.010000,,,1470.000000,1520.000000,64857.270000,,,,,,,,,,,,749.959218,1854.982340
2026-08-10,1498.093900,49564.000000,21.625000,23.312500,2068.010000,,,1470.000000,1520.000000,63911.160000,,,,,,,,,,,,749.495286,1856.108941
2026-08-11,1492.179000,49586.000000,22.812500,23.875000,2071.780000,,,1465.000000,1515.000000,63542.820000,,,,,,,,,,,,749.031641,1857.236226
2026-08-12,1492.547700,49628.000000,21.000000,23.187500,2073.040000,,,1465.000000,1515.000000,63406.330000,,,,,,,,,,,,748.568284,1858.364196
2026-08-13,1491.838700,49543.000000,22.562500,24.187500,2074.300000,,,1465.000000,1515.000000,63418.040000,,,,,,,,,,,,748.105212,1859.492850
2026-08-14,1488.698400,49505.000000,23.312500,24.562500,2075.560000,,,1460.000000,1510.000000,62975.970000,,,,,,,,,,,,747.642428,1860.622190
2026-08-15,,,,,2076.820000,,,1460.000000,1510.000000,63025.940000,,,,,,,,,,,,747.179929,1861.752217
2026-08-16,,,,,2076.820000,,,1460.000000,1510.000000,62831.660000,,,,,,,,,,,,746.717717,1862.882929
2026-08-17,,,,,2076.820000,,,1460.000000,1510.000000,64484.760000,,,,,,,,,,,,746.255790,1864.014328
2026-08-18,1494.126800,49593.000000,22.250000,24.500000,2076.820000,,,1465.000000,1515.000000,64686.090000,,,,,,,,,,,,745.794149,1865.146414
2026-08-19,1497.533200,50006.000000,23.000000,25.187500,2082.260000,,,1465.000000,1515.000000,69297.780000,,,,,,,,,,,,745.332794,1866.279188
2026-08-20,1497.289800,50344.000000,24.312500,26.500000,2083.660000,,,1465.000000,1515.000000,73007.700000,,,,,,,,,,,,744.871725,1867.412650
2026-08-21,1497.452800,,24.125000,25.312500,2085.060000,,,1470.000000,1520.000000,78325.110000,335250.000000,225.000000,266710.000000,179.000000,737550.000000,495.000000,521500.000000,350.000000,278630.000000,187.000000,1490.000000,744.410940,1868.546800
2026-08-22,,,,,2086.450000,,,1470.000000,1520.000000,77065.640000,,,,,,,,,,,,743.950441,1869.681639
2026-08-23,,,,,2086.450000,,,1470.000000,1520.000000,77716.480000,,,,,,,,,,,,743.490226,1870.817167
2026-08-24,1506.900200,,,,2086.450000,,,1480.000000,1530.000000,78986.060000,,,,,,,,,,,,743.030296,1871.953385
2026-08-25,,,,,2090.660000,,,,,78978.355000,,,,,,,,,,,,742.570651,1873.090293
